#{"t_start": 1778002848.4525552, "env_id": "None"}
r,l,t
-7.110097,323,4.203586
-8.313866,285,6.856277
-7.928068,321,10.270952
-3.379884,24,10.569917
3.759418,351,14.340686
6.922638,226,16.352373
1.806436,88,17.085722
2.170218,194,18.669641
-19.457538,606,24.020396
19.959898,625,32.074981
-16.612888,619,37.028624
20.125393,379,41.102765
-7.851359,346,44.720585
3.139134,260,47.158316
-26.151122,574,56.580102
-8.067718,1,56.61334
-7.532365,344,59.518005
-9.922798,315,62.261859
-8.586455,525,67.0152
-8.89739,211,69.051873
-30.757661,464,73.971386
-150.950533,584,83.316509
-39.700453,950,91.036872
-74.401623,1096,99.955909
-107.547912,1500,116.603966
-20.596076,300,119.319506
-21.157832,300,122.012808
-22.427245,300,124.560182
-109.368636,1500,141.883472
-24.465433,300,144.340407
-40.170377,697,149.914608
-68.709607,900,160.693692
-56.732282,600,166.959282
-20.802217,300,169.514048
-91.699455,1200,183.435535
-49.785156,600,188.41587
-29.057087,300,191.375067
-58.337084,600,197.253838
-18.735859,300,199.761803
-27.451005,300,202.226412
-19.587111,300,207.907064
-36.949253,600,213.07494
-55.672832,600,218.524587
-52.01405,600,224.555468
-18.767958,300,227.582172
-47.445325,600,236.299658
-44.539896,600,241.33625
-16.025545,1,241.372429
-20.777118,300,243.764286
-30.727788,300,246.222299
-20.104306,300,248.571374
-16.044182,1,248.591729
-48.190575,600,254.765984
-25.323606,300,261.175239
-18.168719,300,263.726199
-55.60658,600,269.272436
-67.742595,600,274.771729
-71.650123,900,287.360518
-72.6667,900,295.03687
-92.202289,1200,304.553944
-45.361771,600,313.828424
-16.035761,1,313.860004
-116.526683,1500,327.594404
-45.256995,900,339.080681
-88.815009,1200,350.706311
-33.77318,743,356.59006
-61.482403,900,372.22946
-16.029013,1,372.255473
-57.58378,900,379.991384
-46.772814,900,386.86152
-53.732884,870,398.663683
-20.078253,435,401.986807
-13.071862,506,405.820891
-17.522632,108,406.669375
-39.095974,791,412.698942
-8.623038,582,421.218849
-53.275492,861,427.878229
-65.722746,600,432.465636
9.913237,219,434.186275
-24.581048,513,442.808653
3.711504,315,445.38599
14.623349,217,447.047632
-8.053213,273,449.183179
-16.049799,1,449.209863
4.507243,258,451.22728
-0.087606,279,453.400802
-10.536202,172,454.762374
-1.365219,52,455.211455
-52.087218,482,459.003661
-5.243125,303,465.485649
-38.971114,600,470.012543
-16.028168,1,470.037721
5.386283,412,473.318228
1.247845,116,474.274101
-1.59095,36,474.550517
-48.446575,600,479.201247
2.173096,269,481.313341
-66.304739,600,489.664774
21.97646,226,491.440657
-40.839925,600,496.076223
-66.070512,600,500.670494
-32.272782,493,504.437151
-35.687843,400,512.4345
-74.110562,600,517.280307
-33.782728,600,521.976426
0.377571,23,522.173609
-8.841898,17,522.348427
-72.809857,600,526.976565
-59.557156,600,531.505646
-13.360919,600,541.523669
-16.044754,1,541.549481
2.492346,64,542.059815
88.4366,1500,553.973035
59.525976,275,556.380296
-37.269566,600,566.08393
3.551397,600,570.993778
59.540481,600,576.050655
22.312004,155,577.3566
79.219478,1200,590.065885
70.333706,126,591.089399
-57.670913,600,595.794178
-20.101241,360,598.636898
-38.970537,600,603.256766
70.480559,115,604.189399
-3.458885,20,604.356077
15.598385,79,605.02299
-16.064611,1,605.055336
31.890113,111,611.269667
69.813943,123,612.250991
-34.123161,600,616.910774
-46.741284,600,621.636935
22.805478,600,626.582208
-40.213688,600,634.473955
50.967133,78,635.111835
51.353773,84,635.807678
9.474499,33,636.090121
33.219972,72,636.699429
3.470556,28,636.935959
32.057952,59,637.473472
-16.049603,1,637.506802
54.975055,82,638.196452
68.793554,92,638.926743
-28.513678,600,643.735162
75.753999,100,644.508236
3.730305,24,644.7089
19.277813,47,645.101598
2.902115,30,645.381139
-14.309926,356,648.234839
-47.427962,579,652.809388
46.605129,162,655.303353
-4.054273,12,655.522149
36.050786,73,656.117905
88.416393,122,657.072607
52.683021,73,657.652051
25.693415,52,658.103641
32.795889,61,658.628038
27.697154,600,663.348808
76.236698,97,664.243914
-27.969784,433,667.683977
32.303366,59,668.170055
58.000426,86,668.938205
30.603316,600,673.860331
42.598098,105,674.718565
42.396643,600,681.82519
-10.338325,600,686.841179
22.392853,55,687.319355
75.123756,161,688.610165
23.534135,89,689.324539
186.460559,365,692.17429
11.122018,456,695.794492
50.63679,157,697.00008
224.686002,900,708.683502
89.269334,281,710.89177
47.512833,103,711.747208
196.953802,305,714.216368
3.023962,33,714.548649
15.522313,600,719.366311
277.748489,618,728.345786
153.419853,900,735.443084
190.927617,260,737.481746
128.333171,600,742.247641
1.237132,33,742.521452
199.902675,268,744.640799
228.705764,321,751.307564
198.2616,268,753.337667
75.749554,125,754.342337
278.195099,552,758.643878
288.463498,424,761.906545
47.880407,93,762.620422
198.925439,244,764.557812
191.321032,226,766.324592
24.558799,80,766.959783
191.533569,224,768.693394
278.696174,361,773.726361
260.182899,506,777.784791
13.189038,45,778.172071
279.559284,376,781.161656
61.099177,113,782.061171
5.524034,35,782.361998
44.776979,88,783.063643
44.008442,600,787.829829
18.558368,172,789.380277
77.060984,120,790.385937
70.763317,163,791.726635
88.23192,121,796.709359
44.932723,91,797.434728
88.317241,121,798.435121
72.116883,129,799.452551
13.344721,50,799.880417
201.498589,244,801.901888
35.728251,497,805.839916
1044.705883,1145,815.10721
1044.932136,1155,826.663095
333.67384,425,830.096634
1043.875841,1098,841.913408
48.324242,81,842.601007
49.304024,81,843.324587
142.17445,900,850.640357
1042.310688,1135,859.982522
44.90248,77,860.626357
369.047114,517,868.257517
150.808403,230,870.115008
49.404677,84,870.902649
200.640486,227,872.741829
49.299171,78,873.394714
202.106045,214,875.118518
381.985384,449,878.606966
-8.05633,1,878.642349
274.605727,321,881.247536
193.213404,199,882.891491
17.086779,59,883.401789
14.56128,55,883.834561
45.508557,74,884.455288
334.430812,401,889.810124
-16.013029,1,889.848157
188.294787,222,891.632119
95.436041,113,892.505689
280.176484,327,895.275612
138.262866,900,902.421532
280.247124,323,904.906535
255.223092,302,907.272874
1050.852135,972,919.97558
14.630276,51,920.428742
72.549221,108,921.36284
14.695669,41,921.745835
-8.062083,1,921.787356
181.508541,600,927.080182
1053.132678,955,935.957678
49.051234,73,936.578212
114.353126,123,937.669412
76.819189,106,938.550016
59.527615,89,939.288941
14.666621,54,939.766258
234.713133,228,941.584439
95.746017,98,942.377775
183.000646,224,944.181267
77.189463,110,945.102105
48.501085,75,945.701769
195.296853,185,947.188006
-16.063147,1,947.221425
48.946097,82,947.900309
575.344383,592,952.838027
77.442501,93,953.62177
96.288847,99,954.449429
234.970664,214,957.699825
339.834666,357,960.653005
13.920863,46,961.034071
195.476538,211,962.983525
202.779877,174,964.372342
48.921964,75,965.018245
260.576508,282,967.287974
152.173112,135,968.341443
30.820665,64,968.873437
625.309295,644,974.162358
65.307789,78,974.796823
113.331495,114,975.77074
14.405652,48,976.157558
184.046297,198,977.805265
75.429303,84,979.800334
78.996251,95,980.620357
95.899188,104,981.446146
49.158381,69,982.034427
49.696689,73,982.663562
263.553743,219,984.449763
96.562607,93,985.236017
280.984968,232,987.200846
81.433399,105,988.090912
100.140114,108,989.023284
115.333876,111,989.994313
72.939043,81,990.6825
49.120979,73,991.32375
14.728494,56,991.806176
100.806276,114,992.78125
218.09152,193,994.637617
209.829304,196,996.401045
196.085965,171,997.970141
15.003996,51,998.459152
99.869864,108,999.371377
59.580516,83,1000.158956
56.291585,71,1000.879912
264.395711,211,1004.144945
3.398415,32,1004.433589
-16.075103,1,1004.469195
70.393548,87,1005.294483
214.093624,188,1006.98609
78.001495,96,1007.863021
99.448391,109,1008.918329
14.615537,49,1009.418389
101.6092,108,1010.377914
50.160296,69,1011.039484
191.837385,157,1012.434346
14.794845,48,1012.822102
260.023655,258,1014.959165
177.917886,180,1016.449553
49.806651,72,1017.039867
73.511543,85,1017.812662
14.236417,38,1018.14848
258.616523,195,1019.736297
49.271779,77,1020.437236
68.994185,89,1021.182729
179.602255,190,1022.836223
55.058198,75,1023.492607
110.880311,119,1025.95564
73.974389,95,1026.768026
176.065958,193,1028.386152
48.803333,72,1028.990285
100.445522,100,1029.951194
222.735249,190,1031.606089
196.661215,167,1033.008194
111.168292,116,1034.0157
99.996182,105,1034.915249
102.707175,122,1035.970332
79.931674,126,1037.040208
102.463858,100,1037.850975
71.165961,90,1038.586363
80.626096,103,1039.432802
14.438127,52,1039.867691
35.040998,71,1040.459515
15.066955,48,1040.85088
70.653153,93,1041.650275
-8.007336,1,1041.685004
100.858346,105,1042.596982
69.770718,94,1043.372548
13.575193,40,1043.763735
73.944479,94,1044.575614
73.507819,100,1045.448824
93.96756,103,1046.312836
69.808501,83,1047.037506
213.981194,186,1050.264848
110.889409,122,1051.380781
188.426734,166,1052.884243
25.701981,57,1053.369034
71.756961,100,1054.191348
222.623212,204,1055.969935
74.073712,88,1056.700285
25.481528,56,1057.157602
69.518845,89,1057.940523
215.749403,181,1059.469389
227.422836,208,1061.158881
49.712031,67,1061.720176
61.787374,77,1062.394546
15.005597,45,1062.815113
110.027479,126,1063.881105
100.578523,98,1064.731932
57.786931,76,1065.38901
281.612783,255,1067.578825
100.8391,101,1068.479512
71.144646,86,1069.212685
55.161274,72,1069.832487
188.614917,167,1072.82683
93.564683,92,1073.58082
222.697013,179,1075.222767
70.011733,89,1076.005936
70.102732,82,1076.672631
64.866652,74,1077.314078
34.957369,66,1077.943555
65.610376,83,1078.678916
264.821988,214,1080.454003
75.487181,87,1081.173306
72.019715,82,1081.901
21.655146,48,1082.325011
262.537941,232,1084.198641
100.671517,101,1085.044286
98.156085,96,1085.884708
100.726501,105,1086.741773
111.685725,116,1087.693245
190.416648,218,1089.451021
69.892406,87,1090.215136
74.208514,92,1091.019483
214.375191,180,1092.436231
180.625693,183,1095.33027
71.43526,82,1096.028753
15.217521,40,1096.389519
15.144732,47,1096.889413
99.151013,95,1097.732216
221.183849,204,1099.373621
-16.057344,1,1099.405751
89.964844,97,1100.23772
69.605568,82,1100.881301
263.604639,220,1102.731319
103.455466,101,1103.565745
262.29189,230,1105.534035
103.225471,102,1106.370515
97.837817,141,1107.599977
74.464037,91,1108.37104
106.583629,113,1109.3636
70.878485,83,1110.16847
227.323158,211,1112.284991
252.662045,290,1114.949634
249.341124,236,1118.677097
100.973101,108,1119.560923
72.846797,94,1120.459373
355.056733,420,1123.865345
702.094226,502,1127.954227
70.276985,80,1128.660974
101.336324,96,1129.494395
213.147041,215,1131.225182
32.513651,90,1131.940711
14.836144,39,1132.27378
97.390443,142,1133.439896
-16.02614,1,1133.473167
21.804298,51,1133.881053
74.257394,96,1134.652731
-16.035262,1,1134.686279
-16.054876,1,1134.71912
235.583915,226,1136.52408
32.397193,87,1137.206672
224.566307,206,1141.071694
49.185811,70,1141.676593
97.376381,137,1142.831262
202.715742,192,1144.418333
239.820308,270,1146.548943
96.546743,133,1147.634764
215.666403,206,1149.352345
90.379966,127,1150.406023
180.918112,179,1151.842301
167.426863,231,1153.748701
96.759811,135,1154.792742
97.969099,105,1155.647033
97.400411,102,1156.476326
202.605034,200,1158.143395
81.100893,99,1158.922859
101.203156,102,1159.761363
241.421391,206,1162.848046
231.131705,201,1164.478598
91.975815,122,1165.542784
14.337993,41,1165.888232
238.241286,280,1168.114583
102.813553,108,1169.004789
236.686605,208,1170.59497
352.334326,387,1173.732847
33.385935,91,1174.452109
99.517301,141,1175.564279
230.360414,214,1177.283196
74.307434,95,1178.032963
231.802091,250,1180.020133
98.344731,97,1180.815711
161.632425,241,1182.741332
233.831039,238,1187.433803
415.314796,519,1191.457049
116.092836,124,1192.402945
100.908679,114,1193.288873
34.215931,69,1193.850911
49.331576,72,1194.443755
93.127098,119,1195.339247
33.59159,79,1195.966864
604.366837,711,1201.599702
240.71277,271,1203.705734
237.913893,267,1208.959675
92.890881,120,1209.966596
100.958286,113,1210.983202
-16.056189,1,1211.016612
108.169842,122,1212.02218
240.818975,229,1213.945859
705.307361,478,1217.740071
236.263507,304,1220.116281
95.383324,116,1221.035981
237.555679,289,1223.222211
32.338566,100,1223.980843
285.013237,249,1225.963558
339.523655,424,1232.182933
199.796702,320,1234.702735
257.257769,227,1236.540109
191.66448,198,1238.043743
236.139796,227,1239.800724
153.259692,1200,1249.087712
841.470531,888,1258.215395
105.120338,118,1259.137146
81.539357,91,1259.976728
704.157956,457,1263.498013
707.051086,445,1266.990112
557.418314,450,1270.416193
34.528549,81,1271.122684
-8.037253,1,1271.152835
116.137253,112,1272.076258
1059.64354,847,1280.908053
94.362338,129,1281.882028
109.15673,117,1282.871879
101.651848,103,1283.707389
706.77642,418,1286.991371
279.191981,253,1288.963874
1056.280329,939,1298.315059
129.213777,136,1299.329653
101.564618,105,1300.232409
243.530303,255,1302.224115
285.589602,252,1304.24452
408.848952,511,1308.228507
-8.026427,1,1308.256916
127.503019,135,1309.286738
92.551433,118,1310.277374
62.437991,80,1310.910495
706.524539,424,1314.171632
783.420913,746,1322.457415
99.01337,99,1323.301456
1057.430516,839,1329.694364
236.293592,195,1331.225796
241.159588,249,1333.234856
233.986419,253,1335.133105
102.096541,97,1335.911119
97.815574,116,1336.809703
101.458539,105,1337.634023
1059.52636,849,1346.033561
105.330475,112,1346.996166
284.844091,249,1349.000109
283.868245,228,1350.798323
203.05836,237,1352.616773
283.054755,223,1354.326959
240.850761,248,1356.221237
239.93758,257,1358.260954
92.891901,116,1359.146885
289.75132,232,1363.243786
561.632735,336,1365.802164
285.386259,261,1367.83284
34.404166,58,1368.331039
45.571603,76,1368.923989
241.685363,250,1370.840308
275.096387,290,1373.147696
241.538068,243,1375.155877
33.479126,72,1375.788085
288.457887,247,1377.652513
282.700385,256,1379.607615
706.60866,424,1386.77609
273.353303,297,1389.091937
34.402301,59,1389.561405
1059.351393,809,1395.628671
282.987076,250,1397.591921
560.983646,357,1400.261387
34.859881,52,1400.657851
98.32451,118,1401.562758
1063.238116,767,1409.230779
754.823581,701,1414.691427
99.365566,122,1415.701597
237.80319,200,1417.245238
115.267695,120,1418.21007
284.31059,246,1420.129966
256.76469,258,1422.160629
282.801634,244,1424.131053
561.219288,319,1428.613751
101.430941,101,1429.393965
35.21621,61,1429.872333
104.577367,100,1430.64638
241.100625,243,1432.513851
235.013729,251,1434.47793
281.643136,254,1436.46216
708.691837,412,1439.623427
45.081789,79,1440.255832
35.581212,57,1440.771063
45.867939,70,1441.320892
412.711307,438,1444.665561
45.750804,73,1445.23015
1064.165079,768,1453.97919
707.058069,411,1457.151953
559.185472,336,1459.794663
286.409905,261,1461.775934
286.226029,245,1463.708072
1063.490191,819,1473.302817
94.659497,116,1474.229188
-16.074656,1,1474.262464
1064.41364,821,1480.747598
290.192497,243,1482.743978
141.927355,138,1483.871175
229.201326,240,1485.979796
-16.057852,1,1486.016977
409.22011,345,1489.163973
1063.165311,787,1497.89549
108.68647,118,1498.847002
1064.146013,809,1505.173292
115.953254,116,1506.118404
410.118934,348,1508.781253
1065.678405,754,1514.807867
35.767222,59,1517.444315
123.696716,120,1518.460449
418.494613,336,1521.077238
106.058913,103,1521.986537
412.499003,321,1524.57174
561.238765,338,1527.238961
288.113049,276,1529.439174
889.274131,510,1533.438744
340.250623,299,1535.822365
560.126237,333,1541.736398
239.426839,184,1543.170527
346.285739,304,1545.534469
339.738457,262,1547.644418
229.708119,226,1549.364058
502.695729,288,1551.718211
45.872856,73,1552.337538
411.356812,302,1554.801649
214.14941,223,1556.563107
240.446173,246,1558.520584
96.98385,113,1559.416132
135.411079,131,1563.263112
183.452418,205,1564.844134
494.798066,385,1567.960832
708.660833,392,1571.080068
328.279608,306,1573.44485
839.565098,724,1579.128952
141.920796,123,1580.103037
408.236332,347,1582.783626
889.294353,527,1588.4572
283.737026,240,1590.313682
327.915865,257,1592.362928
61.795336,74,1592.928232
149.327573,149,1594.194224
209.039307,205,1595.782293
560.760859,317,1598.329651
46.159168,67,1598.879277
1064.487585,778,1609.637993
502.706181,294,1611.946602
101.056254,98,1612.733626
560.411936,335,1615.430603
243.768556,188,1616.907805
709.354714,380,1619.854378
1069.608707,713,1625.621102
184.570819,191,1627.171955
562.031466,337,1632.806978
710.046623,370,1635.780252
284.630944,237,1637.769034
562.414515,316,1640.305466
96.383839,85,1641.108373
229.890366,229,1643.019573
503.313021,261,1645.474213
1071.427005,690,1651.169103
564.040302,301,1657.116499
748.786351,500,1661.099389
36.006553,56,1661.533579
290.151857,225,1663.428328
123.535189,115,1664.453393
753.449359,440,1668.038022
320.747106,261,1670.169492
1068.691711,706,1676.208686
563.428484,316,1683.26831
711.331638,356,1687.131848
429.912382,342,1690.604099
892.264327,467,1694.541921
184.088061,204,1696.223977
564.189292,311,1699.005222
101.725606,89,1699.884888
-16.046282,1,1699.913057
563.413579,303,1702.476284
439.525887,360,1707.906249
442.485418,329,1710.507401
564.259712,308,1713.161535
407.563402,288,1716.102222
81.427713,92,1717.100282
287.266113,269,1719.962343
1071.230372,673,1725.576565
892.703011,484,1733.978068
453.572609,355,1737.223772
502.724491,266,1739.570773
502.38557,274,1742.055542
749.62466,487,1746.706202
276.977912,271,1749.678211
409.754841,340,1753.142806
754.278602,409,1759.123571
709.966759,389,1762.196676
130.512866,116,1763.115961
284.516319,226,1764.938161
409.128145,314,1767.416688
562.411524,336,1770.088266
101.981338,94,1770.824864
504.588148,249,1772.755794
710.057506,385,1776.745337
711.021,366,1780.191086
1072.111124,691,1790.091312
284.889513,236,1792.260224
15.499458,39,1792.637335
-28.858294,144,1793.969117
-8.068276,1,1794.002982
503.864154,275,1796.568419
15.681104,35,1796.901702
279.265824,243,1799.232827
35.501418,60,1799.820343
750.654678,478,1803.975509
112.765031,105,1804.812062
409.845091,317,1811.40997
102.16701,94,1812.366976
891.88949,504,1817.013905
103.375582,93,1817.79081
142.419798,126,1818.848446
273.753054,256,1820.978208
710.55232,375,1824.048677
505.293217,245,1826.072473
1073.538182,683,1832.048447
35.578204,58,1837.399301
504.941962,230,1839.968545
15.571244,38,1840.370012
503.92816,273,1843.143674
1072.285169,681,1849.140856
754.127406,441,1853.002554
1073.04604,667,1859.008816
504.060616,252,1864.51128
15.420644,39,1864.905144
892.833868,497,1869.474925
143.459935,129,1870.835809
566.064,276,1873.691794
141.300534,127,1875.041036
564.999451,295,1877.536774
564.46374,282,1879.835521
-16.072521,1,1879.869039
891.823913,477,1883.896962
411.285994,310,1890.174699
756.017024,396,1893.801662
103.434666,91,1894.610836
505.195729,250,1896.889847
756.049263,412,1901.00954
411.267771,322,1904.39676
891.175098,500,1909.018226
890.953213,490,1916.165866
1073.934279,671,1921.846906
224.587754,185,1923.318681
34.299952,57,1923.771652
504.300103,252,1925.862032
29.464565,57,1926.336481
573.563226,445,1930.035359
711.38795,356,1933.140227
320.687443,263,1935.403091
104.622633,97,1936.274056
712.180904,366,1942.246296
148.95089,131,1943.310081
755.705749,424,1947.072016
563.909974,298,1949.675192
119.063797,109,1950.589905
566.177843,271,1952.766293
99.911398,95,1953.589642
712.620223,351,1956.402024
505.644988,244,1958.604229
712.661249,344,1965.944788
331.662137,238,1967.908671
142.457497,114,1968.848573
892.411379,467,1972.912022
506.399187,224,1974.768877
387.875343,286,1977.165191
503.692916,247,1979.252739
119.183976,111,1980.150973
275.653692,223,1981.889748
505.895651,231,1983.728957
118.549611,104,1984.659026
575.137541,444,1991.112383
567.155743,265,1993.969583
-16.052387,1,1994.002995
276.17486,233,1996.241067
712.740794,331,1999.019976
892.773525,478,2003.222411
119.725363,108,2004.259911
274.758524,219,2006.25811
15.169094,36,2006.594532
412.334327,298,2009.248877
241.368433,183,2010.99423
711.841377,348,2016.08519
758.92671,382,2019.747387
756.960058,383,2023.826065
894.050978,449,2028.147458
103.24421,96,2029.003606
1076.292924,630,2034.273444
711.724082,344,2040.167408
565.689397,263,2042.344798
113.509652,97,2043.212435
10.495714,112,2044.311283
893.079761,468,2048.554942
281.422884,203,2050.784186
894.629016,456,2055.660454
450.941109,299,2058.704813
285.320069,201,2060.453148
57.550363,88,2061.223295
4.158727,30,2061.514944
564.221751,268,2066.672464
101.557558,99,2067.602418
1075.919685,591,2072.351325
58.107214,84,2073.021033
894.350756,448,2076.617594
1075.939797,586,2081.882247
481.905219,324,2085.277201
467.282778,339,2088.772136
1076.702463,577,2096.048156
894.438423,443,2100.119306
428.567761,306,2103.066788
505.229075,231,2105.167691
412.42817,293,2107.60932
411.75156,299,2110.152176
1078.035866,561,2120.092213
713.94955,335,2122.96137
1076.799548,578,2127.739619
441.226094,217,2129.544702
55.988239,81,2130.225995
341.258807,258,2132.321244
281.318439,212,2134.105524
431.324978,313,2136.637427
566.087112,365,2143.328477
893.035038,461,2148.324528
713.482859,332,2151.679648
412.565746,286,2154.1891
756.941605,372,2157.43226
712.850853,323,2160.399478
566.486119,260,2162.915943
286.428488,220,2164.952695
412.84464,293,2171.408657
242.270699,185,2172.904985
1077.285587,578,2178.6578
758.245683,371,2182.449698
56.976512,79,2183.119908
567.880473,256,2185.269237
118.194964,100,2186.100557
1077.039051,589,2190.884547
713.176272,330,2196.201314
58.344541,74,2196.916496
712.395377,340,2200.058471
286.023487,212,2202.036217
713.619471,340,2205.097744
58.7876,77,2205.79088
895.033377,446,2210.128266
411.978665,285,2213.268164
456.28944,323,2215.95083
566.335901,256,2218.079289
149.941189,131,2222.038885
57.795162,80,2222.762093
197.090192,176,2224.221277
712.597821,329,2226.910589
1077.92055,574,2231.481833
505.909838,230,2233.374985
1078.409197,562,2238.747058
895.769891,438,2243.093843
714.015997,326,2250.011281
288.185322,195,2251.876546
341.446356,238,2254.088432
894.8201,456,2258.34136
59.319585,83,2259.095256
898.147325,414,2262.876647
713.919406,327,2265.866353
714.533395,330,2269.323703
713.581623,312,2275.21574
1077.607603,576,2280.155596
895.857396,426,2283.713927
565.505522,250,2285.722276
713.986714,329,2288.381068
786.07118,544,2292.699841
714.612427,315,2299.546943
897.553795,423,2304.065398
566.998324,257,2306.329673
1079.645112,558,2311.174886
756.481702,378,2314.733384
756.674619,368,2318.265663
567.705113,254,2320.637089
505.5578,234,2325.524654
458.249929,311,2327.974704
715.085417,315,2331.194609
581.817142,411,2335.64989
569.016847,237,2337.908257
1079.870383,555,2342.491032
565.370445,263,2344.67454
566.747872,246,2346.702566
757.128807,349,2354.05762
1079.826344,560,2359.157737
713.330362,329,2362.575306
506.193614,230,2365.055505
937.136677,472,2369.902039
50.625252,78,2370.593367
757.104327,363,2373.660412
757.86766,367,2379.42802
1078.323306,560,2383.895236
402.684195,260,2385.934058
506.124815,214,2387.593819
757.273512,366,2390.417809
293.28862,212,2392.525488
1080.409975,542,2398.280504
145.138572,116,2399.496198
714.533147,321,2405.200678
413.642159,275,2407.652262
148.740517,122,2408.806288
758.24979,363,2412.198035
895.868032,432,2416.233928
150.289264,125,2417.371009
714.277774,326,2420.348823
505.449462,221,2422.36937
104.034531,94,2423.232888
61.618777,92,2424.150152
895.382681,430,2432.875525
505.402936,224,2434.69323
565.43434,244,2436.645495
62.622498,95,2437.438061
-35.878167,116,2438.404177
713.014019,334,2441.218365
713.622517,323,2443.780598
756.152727,386,2446.880774
789.38439,490,2450.815372
60.392545,77,2451.5028
413.818615,267,2457.04617
340.417385,229,2459.517433
109.733226,101,2460.673865
-16.006804,1,2460.709512
1.057684,22,2460.932716
57.678024,85,2461.95345
715.263308,330,2465.113724
1077.878868,568,2469.846307
759.531522,354,2473.046692
287.580218,188,2474.84013
714.159748,307,2477.748847
277.513354,183,2482.499621
413.143577,272,2484.650038
119.51751,102,2485.47943
1080.334667,535,2490.987053
1080.956397,530,2496.287386
565.303332,247,2498.369385
312.985017,212,2500.152931
-8.059646,1,2500.186614
896.650284,423,2503.603977
-8.06732,1,2503.634317
1082.05639,501,2511.410398
372.05346,239,2513.651289
567.584308,245,2515.879353
248.335477,179,2517.495257
896.550965,429,2521.970026
424.059419,280,2525.02163
389.256995,249,2527.73083
118.84109,109,2528.694205
141.90612,120,2529.681767
59.941411,75,2530.378578
143.328726,120,2531.390973
247.417661,170,2536.057292
269.124175,202,2537.777876
345.146711,234,2539.76614
895.833743,436,2543.317695
-16.046732,1,2543.341703
297.191753,188,2544.838582
66.288029,79,2545.49108
144.161743,119,2546.409123
714.253429,313,2548.898841
65.345768,93,2549.796675
372.784161,243,2552.459197
792.775777,483,2560.39082
566.619324,249,2562.611724
897.839039,400,2566.22661
241.799774,162,2567.61971
402.031337,264,2570.1435
505.147431,224,2572.343424
63.466327,85,2573.151193
344.82562,219,2575.193744
758.589723,359,2578.578822
895.837747,437,2582.665642
896.167031,434,2590.464478
143.278437,119,2591.806421
1082.254803,510,2596.018982
69.218784,88,2596.776217
340.251918,240,2598.835104
66.295365,85,2599.56224
757.983532,357,2602.480033
142.596105,116,2603.490517
345.087215,252,2605.606078
59.888802,66,2606.150211
343.181411,239,2608.00862
113.081327,98,2611.484426
897.596645,404,2615.539429
152.58073,117,2616.824054
565.169055,250,2619.556753
713.403485,313,2622.845367
291.100243,206,2624.621366
4.737673,28,2624.869279
713.697354,328,2627.634878
119.406205,103,2628.567551
143.057283,113,2629.621142
82.003886,97,2630.505712
897.374866,422,2634.372182
715.152343,312,2640.524459
566.721784,250,2642.437418
-16.059772,1,2642.468117
143.764411,115,2643.435071
3.46557,23,2643.631984
144.768168,124,2644.62478
505.711459,231,2647.03331
714.452818,318,2650.439297
15.474279,35,2650.801069
898.44892,412,2655.023221
714.141127,317,2657.626886
758.227879,350,2660.565755
565.99583,239,2665.808351
505.800551,226,2667.835732
758.177832,371,2671.316451
69.464458,88,2672.142536
897.127993,405,2675.874852
1081.906137,513,2681.290003
-8.066591,1,2681.320191
2.858709,29,2681.650053
1082.604034,502,2687.082033
64.546096,87,2687.84027
466.583257,307,2693.907432
504.007594,221,2695.930175
1083.69892,501,2700.151412
714.830245,324,2702.926707
106.06403,93,2703.656377
118.527691,112,2704.570655
896.72328,411,2707.80793
1082.262363,531,2713.219602
323.413873,215,2718.610993
714.730833,304,2721.184041
1081.158007,542,2725.924041
-6.275452,13,2726.062711
713.595142,328,2729.16854
565.216535,263,2731.681545
897.137696,404,2734.830648
896.010271,421,2738.681089
26.907472,52,2739.177573
231.650608,176,2743.689046
41.045798,61,2744.346392
146.008653,120,2745.675177
713.313509,326,2749.268038
1083.754254,499,2753.503768
714.400892,320,2756.126042
143.840894,118,2757.122716
344.135332,233,2759.09904
430.236919,289,2761.538588
714.921063,308,2764.074793
338.346648,240,2769.457964
198.165001,149,2770.62453
758.125921,343,2774.346211
58.510476,82,2775.268515
506.326026,214,2777.566353
143.702026,121,2778.949467
505.820549,230,2781.210389
344.780886,231,2783.250828
505.646914,222,2785.15348
68.267389,88,2785.896619
506.939776,215,2787.797374
117.399068,102,2788.787213
757.490956,356,2792.167534
566.235618,249,2797.72513
896.876239,430,2801.101137
896.805907,426,2805.091781
714.483604,307,2808.313551
138.59143,121,2809.628056
141.264551,114,2810.861284
895.056796,433,2814.764704
142.023034,120,2815.827576
1082.736221,522,2823.665571
372.825576,246,2825.811598
101.410265,94,2826.688325
759.668168,351,2829.929538
-16.036074,1,2829.960756
406.894925,262,2832.103976
406.398021,258,2834.190327
59.339067,76,2835.042564
339.968269,233,2837.499861
100.953006,97,2838.601328
715.168628,332,2842.187367
759.298676,352,2845.406152
507.276444,209,2850.380439
716.424451,304,2853.178184
143.299418,117,2854.211443
1082.0065,504,2858.296089
714.017899,334,2860.96234
505.852325,215,2862.650704
896.258631,429,2866.246522
566.530828,250,2868.727736
506.152784,216,2874.286989
714.993072,317,2876.938985
566.513864,242,2878.999439
566.333303,244,2881.216632
757.942461,352,2884.482815
714.035691,322,2887.514306
59.429022,75,2888.217588
-16.075935,1,2888.248483
898.68067,397,2891.902732
506.275918,218,2893.930164
566.157033,233,2896.050777
406.808963,269,2903.166527
-16.081262,1,2903.205722
505.883735,222,2905.559763
715.591139,320,2908.239664
65.12296,84,2908.93948
714.539858,329,2911.702325
758.57836,343,2914.474822
505.441742,209,2916.184762
897.302005,415,2919.515944
505.227036,210,2921.159221
100.713907,93,2921.95019
440.247411,287,2926.930355
566.076784,241,2929.570731
144.460282,121,2930.690043
758.782318,339,2934.025409
898.385448,420,2937.853858
715.136616,319,2940.596497
566.400563,225,2942.592371
63.126487,69,2943.23491
714.473718,315,2946.167136
715.235716,317,2952.425709
715.271006,317,2955.221965
759.115738,329,2957.989605
757.800446,359,2961.968239
714.348829,317,2964.913194
896.573196,406,2968.61347
566.783388,241,2970.635509
757.933502,346,2973.561335
898.173737,413,2980.30447
940.025035,447,2984.376206
504.765369,216,2986.320132
566.583134,237,2988.527551
896.743206,420,2992.911485
60.394932,73,2993.770221
1082.161057,532,2998.638699
142.976978,115,2999.662395
566.495009,249,3004.428434
58.793747,68,3005.100347
566.007653,248,3007.420757
714.450107,329,3010.144828
59.560016,78,3010.82075
66.165372,79,3011.455484
898.859838,404,3014.670864
504.824972,226,3016.495605
757.452128,361,3019.316693
142.914256,118,3020.421188
1081.141079,540,3030.16187
-16.047123,1,3030.195469
895.862775,406,3033.504119
564.723027,247,3035.575035
898.140654,412,3039.401311
898.8425,423,3043.325037
897.183341,404,3046.968225
505.57888,212,3048.91209
757.870613,359,3056.077524
565.2202,249,3058.793552
896.823028,406,3062.748651
141.947771,119,3063.733891
330.684753,223,3065.566727
65.914415,81,3066.323343
566.609607,246,3068.334374
714.758207,319,3070.959568
505.063137,215,3072.782832
714.94459,309,3075.266346
1081.850445,517,3082.837754
59.39712,65,3083.533419
60.714469,76,3084.365057
565.953503,242,3087.048771
567.543869,240,3089.637774
1083.421157,494,3094.372406
1084.360318,485,3098.410698
66.147342,82,3099.162857
896.591056,422,3103.094194
-8.069646,1,3103.184355
506.703217,211,3108.7716
109.155748,99,3109.699091
897.932827,416,3113.430655
504.812817,217,3115.274503
896.077195,422,3119.679022
897.59179,419,3124.011218
756.255406,365,3127.082664
1082.378495,503,3131.032416
503.833168,217,3135.265469
141.737094,113,3136.154863
896.770368,411,3139.883629
344.71843,241,3142.01031
568.524631,235,3144.16201
898.807725,398,3148.050309
898.367134,415,3152.560566
68.226091,82,3153.426936
567.194967,251,3155.958525
478.302169,293,3161.113296
898.580681,422,3164.759866
715.224016,319,3167.254736
716.909549,295,3169.624453
567.008249,240,3171.576595
62.011342,78,3172.191355
81.594519,96,3172.966328
141.236794,117,3173.9247
69.399723,79,3174.54691
898.964991,404,3178.182659
117.204041,93,3179.187298
898.468113,400,3186.405624
505.973514,221,3188.249996
715.697797,317,3190.943125
296.67672,189,3192.620806
714.031705,314,3195.546679
91.955614,97,3196.425792
792.842469,444,3200.718949
344.85546,221,3202.765881
566.57689,244,3204.979175
66.309546,79,3205.719189
1082.091156,519,3214.446432
1084.585802,481,3219.360558
65.620986,78,3220.009444
1082.175473,508,3224.25662
716.348392,317,3226.847243
566.268865,248,3228.880005
715.918825,312,3231.454306
407.880681,264,3235.744118
714.444741,321,3238.280594
118.146525,95,3239.160152
566.339375,246,3241.738032
757.67819,357,3245.614135
896.780643,417,3249.746796
1084.434503,492,3253.867459
64.912964,80,3254.533742
152.697402,127,3255.688564
120.377949,100,3256.692788
260.771779,183,3258.412537
897.927569,396,3264.975124
97.81233,91,3265.787892
757.854629,358,3268.737668
758.074794,349,3271.858714
896.369155,432,3276.432295
760.112365,333,3279.965653
1082.748177,516,3284.276707
759.312294,333,3290.240065
259.666238,195,3291.796337
507.010671,215,3293.559185
406.154198,256,3295.658534
716.250329,308,3298.498181
47.823119,62,3299.055702
716.370701,306,3301.860735
-16.062515,1,3301.889922
759.228602,340,3305.586842
245.145351,157,3307.325759
567.154993,238,3309.937626
628.56847,377,3316.309078
63.453426,73,3316.960167
758.735813,336,3320.025302
716.068244,304,3322.613485
567.100825,236,3324.548331
566.928033,246,3326.511128
899.12796,393,3329.588922
715.020708,305,3332.047106
1085.965898,469,3340.369031
142.273518,116,3341.658802
1084.197808,489,3345.802028
67.061622,76,3346.527822
567.775978,237,3348.513414
64.361191,82,3349.2853
567.189947,247,3351.600672
940.031023,430,3355.593948
759.736078,344,3358.708088
567.130141,233,3360.604903
58.171165,62,3361.132355
1083.098141,499,3368.819157
504.767268,220,3371.219338
612.458193,347,3374.628198
566.427914,256,3376.789896
566.545819,239,3378.812155
27.283288,45,3379.210222
99.85377,94,3379.975573
900.091613,403,3383.236748
-16.065983,1,3383.272378
943.972458,424,3386.724669
268.392161,197,3391.471344
758.441887,339,3394.122278
1083.645587,493,3399.31199
898.319791,400,3403.578694
759.924201,335,3406.468612
506.138977,216,3408.328171
65.61377,83,3409.055014
1084.1438,470,3413.419079
405.849945,258,3419.04038
506.575174,211,3420.944933
407.794823,249,3423.214471
506.080495,217,3425.068399
1084.013697,505,3429.791452
899.180993,387,3433.851588
566.879963,241,3436.200354
295.148994,201,3437.873644
157.342311,122,3438.921193
898.598832,398,3445.611204
760.564863,341,3448.322255
715.954063,304,3451.02101
716.51479,297,3453.653773
716.26678,315,3456.519033
715.078353,321,3459.412064
68.311855,75,3460.128324
506.84293,216,3462.353672
1086.458121,488,3470.45797
1085.457533,490,3474.761163
472.960849,298,3477.507723
759.15448,339,3480.30249
717.002344,306,3482.703701
941.277756,405,3485.878867
142.556059,108,3486.808304
899.582956,404,3490.519549
476.592047,295,3496.712719
506.716871,217,3498.636609
1081.6705,525,3503.104074
153.842671,123,3504.20161
716.123469,307,3507.077206
65.836743,81,3507.89999
-16.077528,1,3507.929876
566.40745,241,3510.190498
715.73977,314,3513.19439
506.204972,212,3515.13337
140.889152,110,3516.185833
3.589884,25,3516.421412
1083.21077,486,3524.874085
98.134452,94,3525.677267
46.419295,59,3526.307099
898.722687,413,3530.447304
716.71281,299,3532.921932
142.19463,116,3533.903357
760.404685,334,3536.734842
757.620773,360,3539.732217
1086.27279,473,3546.894669
506.166594,216,3548.566193
760.164002,332,3551.485237
117.418799,97,3552.509982
99.526269,101,3553.585597
409.13708,264,3556.380456
407.629759,255,3558.710089
759.386208,344,3561.716593
899.174438,382,3564.918702
898.991533,405,3568.639993
898.473417,387,3576.036389
566.3104,242,3578.268775
941.386279,432,3582.071519
899.525513,386,3586.236854
266.334047,201,3588.393966
566.33236,244,3590.689137
1083.699736,497,3594.858781
716.493756,306,3600.596667
897.814522,416,3604.120884
506.936831,210,3605.849494
944.152948,409,3609.532201
943.43358,427,3613.482496
247.147383,181,3615.456588
1083.732393,499,3620.932224
464.895961,313,3626.581939
59.082915,75,3627.237766
760.088031,331,3630.134812
15.109456,39,3630.50379
291.608915,187,3632.295384
566.34914,237,3634.527723
15.433422,38,3634.884604
758.663788,334,3637.601238
27.606331,44,3637.970855
716.425831,318,3640.448339
506.230475,212,3642.143779
759.956533,341,3644.80123
506.127839,203,3646.898195
1084.395142,467,3654.430395
942.173758,429,3657.793356
567.494662,228,3659.715027
1085.123366,497,3664.281771
507.09018,212,3666.283677
566.422043,239,3668.554936
60.567055,75,3669.251942
898.723101,392,3672.812555
292.625304,192,3676.671713
718.243647,297,3679.794698
141.492425,111,3681.01308
1084.595131,467,3686.067403
714.377505,312,3688.691649
759.461199,348,3691.506812
901.048914,397,3694.81938
760.89481,323,3697.613418
65.457236,73,3701.2567
715.154995,319,3703.752412
759.583473,350,3706.486176
942.728361,409,3710.497713
504.971041,212,3712.812559
758.188295,342,3716.611973
629.113635,367,3719.928728
898.264625,400,3723.268009
900.205893,380,3730.372998
898.295869,397,3734.050243
758.648679,346,3737.121464
66.098355,78,3737.73485
64.62128,71,3738.285714
1086.941781,468,3742.690972
715.027042,298,3745.78055
899.395279,379,3749.666724
715.953812,306,3755.816198
68.525603,76,3756.560018
898.219339,410,3760.01962
65.837348,80,3760.678831
469.459976,318,3763.553307
507.158432,220,3765.554708
897.632548,411,3769.31854
716.093711,311,3772.178329
567.794814,239,3774.833529
758.653059,324,3782.236156
898.172134,390,3785.498961
715.694699,302,3787.940828
758.964192,337,3790.860753
566.50741,235,3792.866168
942.425401,412,3796.394351
66.135711,80,3797.011763
480.741424,290,3799.306182
63.492233,80,3799.932267
66.944923,78,3800.554806
714.751508,310,3807.265085
1085.612759,473,3812.330898
897.55992,410,3815.767317
716.691792,309,3818.368513
408.395444,253,3820.758444
506.139724,204,3822.654522
717.546313,295,3825.545816
177.956366,130,3826.757154
758.605204,345,3829.974096
716.2664,311,3835.366733
566.970573,235,3837.936143
69.905163,80,3838.856559
898.713096,395,3843.144564
-4.45509,12,3843.299591
567.044956,248,3845.764003
899.136459,399,3849.163472
294.355598,193,3850.782436
330.26856,212,3852.548164
17.284034,96,3853.430323
759.029815,344,3856.424467
505.352838,209,3860.239087
898.628575,402,3863.481398
506.414818,207,3865.070306
759.183089,331,3868.27159
15.291004,36,3868.67522
566.238418,232,3871.167306
507.07437,207,3873.419531
567.876319,243,3876.049704
898.133091,401,3879.487262
504.940314,211,3881.313871
566.035258,243,3886.097186
1085.903526,503,3890.740708
899.49924,391,3894.212659
942.07414,428,3897.619548
325.48226,200,3899.478905
507.549357,204,3901.646537
714.998926,310,3904.902679
715.104115,300,3910.791163
567.131683,230,3912.676332
156.687974,122,3913.715827
154.19727,116,3914.70984
572.9189,325,3917.416955
714.623305,299,3920.055993
899.630583,405,3923.81601
472.387264,298,3926.508759
717.324833,413,3930.334899
569.331109,233,3932.861965
-8.04608,1,3932.893367
567.77969,235,3939.602242
70.436713,77,3940.410838
-8.045465,1,3940.447659
154.246601,116,3941.509035
714.947392,299,3944.198818
505.722187,206,3945.953988
940.976873,430,3949.564454
566.605021,233,3951.482468
760.201288,319,3954.219285
899.125512,401,3957.398365
-16.058617,1,3957.438901
458.547116,302,3962.832523
-16.039576,1,3962.870706
49.639645,61,3963.545977
759.95986,327,3966.972639
570.096695,333,3970.498496
1084.871324,480,3974.6829
759.971753,344,3977.625191
897.432942,393,3981.348323
59.144966,68,3981.998235
941.673932,416,3988.707692
507.009011,205,3990.585442
759.291639,347,3993.777163
1084.589324,488,3999.062003
408.239568,256,4001.783969
408.395362,263,4004.290329
1084.661635,488,4008.401043
59.215719,66,4008.956339
759.804636,339,4011.819859
144.521085,112,4015.093405
140.744805,109,4015.997163
1085.360007,481,4019.886372
714.907744,300,4022.226227
505.021292,209,4024.028595
-16.075736,1,4024.061323
15.668413,35,4024.390274
338.444955,228,4026.857799
717.394844,301,4030.121073
471.753654,304,4033.420275
143.791228,114,4034.529521
942.448644,409,4040.23297
1087.147838,462,4044.543073
1085.252903,472,4049.052552
506.928697,207,4050.866383
899.842537,390,4054.007804
566.677473,226,4055.816233
401.407488,261,4058.311174
48.030003,64,4058.979325
758.911807,322,4062.483654
567.217914,238,4067.147494
898.500506,392,4070.348413
716.821503,306,4072.889458
59.414928,62,4073.463506
1085.463213,475,4077.789462
62.34227,70,4078.436269
50.316738,58,4078.988064
58.043067,63,4079.604539
568.804574,235,4081.802915
1085.641715,487,4085.88658
50.262218,59,4086.346743
338.134526,215,4091.250637
715.043738,299,4094.493644
1085.279735,476,4099.173808
505.89866,202,4100.901476
759.236187,340,4103.738407
1085.310266,485,4107.712012
289.083855,192,4109.293175
760.308822,349,4112.052363
567.4882,240,4116.345912
116.02911,94,4117.096749
507.037604,205,4118.860886
1084.511718,487,4123.792775
57.695945,69,4124.559095
758.922434,343,4127.992133
1085.088061,466,4132.024702
1083.949011,487,4136.394986
506.463771,200,4141.686258
568.539783,236,4143.902538
1084.253243,494,4148.422799
628.082763,373,4151.742855
716.702776,301,4154.801522
408.634514,253,4157.471198
57.797381,67,4158.181135
715.400083,308,4160.890192
1086.483028,479,4167.969225
568.157418,228,4169.756233
943.659628,401,4173.010453
1085.042729,480,4176.889494
-16.079304,1,4176.923866
941.813883,436,4181.026469
50.061071,59,4181.631631
715.097697,302,4184.408512
566.83468,231,4186.586819
1084.819457,480,4193.309954
716.498703,305,4195.894182
715.490604,308,4198.759574
566.182507,229,4200.961967
629.69563,352,4204.081965
943.417104,401,4207.363508
506.35324,211,4209.014128
567.09686,236,4210.884322
330.435512,218,4213.08537
423.047439,265,4218.489131
942.859557,424,4222.199991
565.488699,232,4224.181175
1084.352247,481,4228.257076
567.91259,236,4230.452206
506.277839,202,4232.344731
899.39062,382,4235.874971
476.6727,295,4238.682059
1083.679097,505,4246.507377
566.969467,237,4248.994706
1083.189661,506,4253.631328
612.826726,350,4256.631908
59.985761,74,4257.26249
-8.083448,1,4257.303915
715.681537,304,4259.804158
478.138677,297,4262.192028
1084.657258,475,4268.47782
760.864852,351,4271.292298
567.742703,241,4273.374463
942.030073,418,4277.794086
716.021963,292,4281.048819
59.164346,68,4281.788286
758.280175,345,4284.763172
1087.389175,468,4288.873339
46.713446,61,4289.53971
506.785188,210,4294.498575
59.827762,64,4295.116834
900.527114,376,4298.642041
451.461851,285,4301.269028
1084.916387,507,4305.717596
614.134109,365,4309.608483
1085.776027,483,4314.758592
567.434948,245,4319.452709
760.673015,327,4322.197329
507.441166,202,4323.865041
1086.134459,479,4327.773295
714.424282,303,4330.31788
1084.388144,498,4334.950452
899.405894,390,4338.766257
1084.465818,466,4347.989413
566.439659,243,4350.066406
759.038007,351,4353.071275
759.866494,340,4356.235327
152.89191,116,4357.346073
716.262904,298,4359.851055
101.877282,94,4360.628204
459.080932,288,4363.018298
1085.829706,465,4366.728165
759.747573,332,4373.786208
567.731027,239,4376.264507
142.898911,112,4377.475267
941.164396,418,4381.05097
8.056728,99,4381.817015
715.438901,300,4384.277525
507.271267,202,4386.13035
759.278618,324,4389.126624
60.012318,75,4389.847989
476.329616,286,4392.526248
70.472212,80,4393.281407
758.568033,328,4399.472869
1084.838089,491,4404.546862
758.438651,337,4408.216515
758.738888,342,4411.569582
758.921363,344,4414.368212
567.571643,229,4416.244205
-8.062777,1,4416.27449
100.437518,93,4417.083059
59.933245,70,4417.700392
60.130441,71,4418.28141
716.185093,297,4420.796499
507.544021,209,4425.925608
567.003848,243,4427.838086
628.127261,364,4430.722127
568.030365,230,4432.751403
715.94405,306,4436.039698
220.412449,158,4437.764505
944.734575,411,4442.058957
898.934071,384,4445.406669
567.660267,235,4447.315047
474.08802,304,4453.124301
566.878256,240,4455.36599
58.325016,61,4455.951096
109.26708,100,4456.929539
942.492403,413,4460.744475
567.211167,237,4462.866267
715.25164,312,4465.617316
716.68126,303,4468.83678
1083.39299,477,4473.88726
125.311905,101,4477.963157
759.301088,341,4480.688601
759.178067,336,4483.496888
716.125564,309,4486.08391
760.863968,323,4488.81716
898.478573,385,4492.36151
565.979163,232,4494.465752
759.74446,338,4497.858735
1085.396531,463,4506.296476
567.523373,241,4508.304486
944.111286,414,4511.801661
122.148226,106,4512.680234
1085.916508,470,4516.992481
760.506601,334,4519.847562
432.052573,259,4521.889175
567.277818,233,4523.727335
506.735692,208,4526.789853
506.578288,200,4528.823102
898.397267,377,4532.910646
646.531688,363,4536.607427
1085.166483,463,4540.532908
-5.222468,10,4540.644297
1085.884021,481,4544.957035
337.839701,220,4547.115491
1085.057485,474,4554.516065
143.899417,115,4555.584891
473.323859,287,4558.184749
758.402475,330,4561.533886
566.84133,233,4564.122472
717.310776,314,4567.546451
715.594904,294,4570.363282
716.345899,302,4572.905041
507.90435,196,4574.537774
103.42189,87,4575.281849
1084.845141,488,4582.432297
758.629349,338,4585.187911
568.276051,235,4586.994943
758.292508,342,4589.66925
898.811673,403,4593.755567
59.278048,69,4594.509807
57.816057,64,4595.254812
716.241377,297,4598.544347
58.960778,67,4599.271271
758.856272,329,4602.19582
1085.785328,466,4609.105499
716.065509,292,4611.695271
1085.213762,473,4615.956868
714.779627,306,4618.834514
942.988705,412,4622.079285
476.1245,287,4625.058919
568.101641,234,4627.520393
628.648808,373,4634.35657
942.831558,425,4637.858988
897.732272,385,4641.099572
60.005473,68,4641.784429
759.303279,332,4644.651793
567.190094,225,4646.72476
941.241831,432,4650.65088
899.191721,380,4654.086931
59.435924,74,4658.558359
104.54994,103,4659.678709
943.181234,406,4664.061849
27.445448,46,4664.469934
472.848227,316,4667.181295
715.784663,291,4669.729069
943.900607,396,4673.311628
942.482219,407,4676.736628
565.969996,234,4678.828766
145.895229,114,4679.705939
100.480682,92,4680.465897
716.213204,305,4686.162969
714.521192,312,4689.444566
56.724006,68,4690.209167
760.636215,337,4693.776332
760.374929,338,4696.747779
1085.506283,470,4700.755496
-8.042721,1,4700.790798
505.774889,206,4702.695178
573.453862,330,4705.829597
898.580397,390,4712.873469
57.997751,66,4713.501905
716.53315,303,4716.257354
567.837014,235,4718.592608
715.089272,293,4721.735246
566.740338,245,4724.456709
293.185754,191,4726.523243
477.742039,309,4729.232586
570.604421,323,4731.908158
416.170994,256,4734.028382
475.752409,288,4739.776489
760.381205,331,4742.561282
715.431572,298,4744.855603
758.239399,332,4747.566692
716.174726,309,4750.716294
567.022444,236,4753.240615
941.542797,419,4757.823559
896.832737,414,4764.959443
193.311575,136,4766.271583
716.190851,294,4769.011069
1086.541182,462,4773.412721
566.981435,238,4775.649387
566.863521,238,4777.548761
715.533756,299,4779.953024
506.811216,216,4782.052083
898.371702,399,4786.295084
715.879568,305,4793.353958
506.008007,204,4795.101722
1085.501657,459,4798.902335
898.242574,388,4802.093026
758.546313,335,4804.922876
715.896424,306,4807.695238
758.219235,343,4810.548649
1084.803333,486,4819.533054
478.858315,305,4822.46916
507.529203,206,4824.187895
567.730657,243,4826.26592
566.820305,230,4828.27123
58.424189,65,4828.880487
942.949879,408,4832.752496
759.107881,334,4835.659456
142.79254,109,4836.511225
942.065066,413,4839.795015
421.597088,255,4845.234721
473.306995,303,4848.56012
759.503606,326,4852.036794
568.350549,230,4853.9538
59.87611,71,4854.588993
897.187751,392,4857.817607
760.265123,336,4860.863172
462.922203,292,4863.616844
59.496939,69,4864.281449
898.074973,400,4870.656368
943.971973,410,4874.496557
567.904997,234,4876.682816
1084.888373,483,4881.657158
49.718479,59,4882.321006
57.035714,65,4883.127556
505.804146,207,4885.058039
1084.582742,490,4889.231878
899.18248,389,4894.927765
714.546163,305,4897.515009
64.747478,84,4898.203486
448.535809,289,4900.52293
614.801303,338,4903.175753
629.895444,352,4906.153669
760.226016,335,4909.501808
566.077691,226,4911.70107
1087.039266,466,4916.203614
568.01736,234,4921.222881
1086.727035,471,4925.679886
715.531606,302,4928.532731
409.548291,256,4930.865592
290.0934,192,4932.676528
760.586042,319,4935.527333
568.031597,224,4937.418197
1084.223306,482,4942.44134
759.685584,336,4948.92715
566.589429,236,4950.872375
760.158717,321,4953.570696
568.580364,233,4955.484642
271.740544,188,4957.088528
414.731211,255,4959.18144
716.806164,300,4961.710869
120.253036,103,4962.649129
897.952156,394,4966.329453
380.161939,262,4971.367938
716.111853,305,4974.617357
897.462907,394,4978.39918
715.203438,307,4981.132428
715.900613,294,4983.695891
485.764642,300,4986.428538
715.893,292,4989.00632
943.037307,423,4992.416156
491.511576,311,4997.759582
899.841637,403,5001.321751
567.098179,236,5003.824087
758.813159,339,5007.313533
98.311184,92,5008.208384
714.863784,306,5010.742001
714.952907,304,5013.402453
898.779766,395,5016.922385
