#{"t_start": 1778063515.716814, "env_id": "None"}
r,l,t
2.880125,278,3.319855
-1.192525,28,3.542033
-5.018036,94,4.25403
-11.212811,265,6.224124
2.270481,95,6.936722
-18.745231,826,13.162771
-13.918244,284,15.385572
-1.937698,184,16.80015
-2.221083,146,17.898429
-4.307638,13,18.031185
0.584433,180,19.390046
-5.129041,27,19.636168
-37.54117,1036,29.799955
-3.164635,352,32.611535
-40.570838,497,36.394754
-8.208846,56,36.831192
-75.104334,1200,49.843774
-11.191699,339,52.299161
-63.7301,900,58.976569
-21.972029,300,61.192187
-27.464633,300,63.512446
-21.577027,300,69.068512
-37.388749,600,73.506071
-86.655021,900,80.131531
-80.766042,900,90.219628
-23.522461,300,92.500952
-41.834284,578,96.697268
-68.404992,900,103.329752
-60.325515,900,114.144361
-43.136368,600,118.61212
3.465382,283,120.765424
-29.018319,784,126.541838
7.863682,1325,140.850391
-30.810225,1500,151.943049
-3.153424,600,158.963773
-8.56247,213,160.527303
-17.658294,468,164.158659
3.643713,53,164.560479
-4.35277,40,164.892087
17.616173,187,166.307887
13.477278,59,166.769501
-46.640934,600,171.410668
5.355201,44,171.806386
4.950814,336,174.694929
17.105262,174,177.67698
-1.150745,35,178.000719
4.860854,44,178.36569
23.471768,580,182.820682
21.871147,437,186.449447
30.652054,358,189.134137
13.734038,88,189.789146
12.720956,85,190.41606
-44.833769,600,194.887635
-70.859039,1200,209.708628
0.381882,70,210.2455
-39.287587,600,214.70021
-37.068678,600,219.355338
-0.568307,329,228.647698
36.662397,711,233.958001
-54.174861,600,238.398195
13.349057,253,240.304587
-23.685012,329,242.800481
15.027403,161,244.04253
27.838813,120,244.977445
15.253444,147,246.07991
-6.409686,490,255.267362
1.732472,97,255.99532
-48.334506,450,259.493151
9.195065,311,261.828805
-18.771831,314,264.168826
41.007873,246,266.016974
13.903479,267,268.017745
-6.813627,600,278.202579
3.352288,31,278.45285
20.467973,127,279.493485
42.501312,268,281.507671
-5.16074,15,281.6405
-48.027451,900,288.409244
-16.090532,600,292.839292
11.022851,245,294.745912
-42.653106,600,301.933533
55.439314,256,303.83509
32.890431,173,305.120055
23.107529,75,305.709797
3.959204,30,305.949995
-42.300147,600,310.386269
-59.654228,600,315.082496
19.684472,65,315.626217
37.965204,233,317.42599
18.69519,91,320.112785
18.984615,63,320.624734
93.314898,301,322.951885
19.141192,83,323.60537
22.908947,73,324.164295
-7.282468,600,328.638762
9.450366,44,328.997441
-8.30649,436,332.501315
40.328685,146,333.691915
-8.040081,1,333.725016
21.01333,47,334.108427
20.454447,58,334.564673
36.034642,105,335.413842
35.796684,114,336.331518
17.389066,177,337.712089
24.351931,74,338.34122
39.517635,191,342.627852
-41.291238,600,347.15106
43.621846,110,347.977955
21.667612,89,348.733881
-7.533315,477,352.450848
9.107894,45,352.822923
40.345119,271,354.918455
43.003159,109,355.786331
37.278533,86,356.482605
24.186165,60,357.013782
23.532561,63,357.503044
-56.624459,600,364.532949
23.908011,60,365.071327
9.110816,48,365.494507
63.247483,178,366.855196
37.358313,87,367.548172
-57.434432,600,372.181288
22.681633,115,373.069335
24.151152,92,373.833921
28.079936,56,374.271622
-25.544943,600,378.924166
19.987063,52,379.33138
41.168384,97,380.122125
-19.834655,384,383.184003
26.735962,98,386.394478
64.207201,202,387.966128
47.022249,171,389.409433
26.198805,62,389.888631
31.316137,113,390.916184
3.97214,39,391.238614
97.072234,211,392.871524
37.916535,92,393.60919
56.915222,155,394.850395
45.329768,119,395.793746
23.497436,179,397.240749
24.988286,79,397.918056
33.458321,72,398.50577
25.051232,75,399.138819
30.613034,135,400.269791
24.248587,56,400.714581
34.587102,107,401.653865
33.053705,103,402.500524
61.150026,179,403.93484
22.389653,68,404.456244
26.422314,77,405.054878
24.470986,56,405.554664
-10.361259,409,410.065225
50.593916,278,412.381964
78.024744,160,413.672924
26.882917,189,415.337318
26.546644,78,415.969778
16.060157,54,416.414737
26.557129,59,416.93421
14.126315,50,417.418941
61.004657,178,418.869501
29.775043,73,419.502939
23.018141,59,420.048924
50.710926,100,420.911762
-18.444007,424,424.380452
25.165325,65,424.865103
-45.450599,600,430.86425
26.579747,60,431.374047
96.837561,164,432.815871
36.628454,86,433.505994
98.062737,191,435.129052
55.3084,171,436.602393
4.010306,33,436.929456
-8.040627,1,436.962703
29.335876,54,437.400354
25.083351,69,437.983517
4.365366,41,438.309269
50.14993,113,439.295417
33.792885,79,439.931386
16.970017,51,440.340245
40.480526,77,440.989585
96.267826,183,442.575469
41.903777,127,443.698086
26.354429,82,444.478953
89.775965,165,445.790798
58.336279,120,446.743097
26.475183,75,447.386631
65.787265,135,448.459271
96.688966,174,449.85909
43.121932,105,452.118477
-0.022501,22,452.318747
96.854352,181,453.646913
27.119081,51,454.052536
97.579128,170,455.445186
-8.018172,1,455.475378
-5.080704,17,455.611775
3.920704,35,455.928395
68.333523,120,456.912319
65.299391,111,457.971186
27.044476,52,458.4411
25.929798,62,459.034185
60.815014,114,459.963818
83.874926,174,461.530181
25.258678,70,462.152757
58.168748,122,463.164523
-21.946425,600,467.99099
36.577645,72,468.612469
56.051681,129,469.793329
55.391914,133,470.974206
42.19217,85,471.73294
46.793218,95,472.57973
46.988413,99,475.37744
64.299719,119,476.373945
44.821226,95,477.171364
96.183933,179,478.745502
45.137694,97,479.56672
33.469474,80,480.261634
4.232277,34,480.601866
52.078347,114,481.620469
45.046923,87,482.401588
96.968338,175,483.799331
-1.669194,44,484.165749
96.534888,168,485.464573
61.892648,96,486.282068
53.99362,97,487.040586
47.40812,97,487.895061
78.75897,136,489.036953
47.772039,98,489.78193
53.079112,97,490.594555
77.799058,126,491.713914
84.273475,154,492.929126
84.675448,161,494.291661
105.058771,198,497.915417
43.907919,85,498.691758
104.327719,238,500.594612
46.230064,105,501.485839
45.769838,99,502.417723
82.778516,345,505.187416
60.354984,117,506.0991
50.044034,489,510.103513
-0.474268,25,510.296506
79.083428,122,511.278789
199.936811,315,513.832
68.428415,114,514.732963
104.94391,199,516.450141
78.493241,147,517.640432
45.87325,84,518.330201
65.036258,103,520.762238
45.670644,91,521.490469
50.241871,102,522.359453
44.999856,89,523.046271
53.267817,99,523.828884
46.59951,88,524.611161
187.042994,301,526.986278
121.153133,367,529.984824
129.797095,600,534.66883
49.535682,91,535.373893
43.219844,225,537.268932
141.161826,243,539.237058
45.176407,86,539.895366
136.133311,332,545.324215
55.660008,118,546.301644
47.483162,82,546.979609
42.744697,103,547.852782
61.077708,114,548.761008
34.669892,76,549.3658
195.137702,301,551.719678
-8.096294,2,551.760253
45.724322,88,552.484938
53.191272,90,553.210096
45.90044,80,553.868699
104.653484,183,555.296768
84.608362,138,556.492741
78.767551,128,557.510424
189.437151,272,559.597692
104.752761,177,561.043756
108.024977,473,566.279294
141.321946,188,567.737081
-8.103835,2,567.774116
51.899249,86,568.547859
289.01135,451,572.083817
45.366414,85,572.712533
50.650002,86,573.431896
288.14962,458,576.861716
194.420754,284,579.099939
229.222266,355,581.760628
145.35704,600,589.030039
70.452952,189,590.541476
171.075741,600,595.103146
165.906746,600,599.67974
78.930154,110,600.594555
207.374435,259,602.544803
78.988275,125,603.538826
209.323863,266,605.669411
213.280154,292,612.109527
-8.023897,1,612.141705
78.545759,118,613.053085
44.879893,79,613.71133
60.548727,110,614.560914
33.976504,600,619.354389
106.939924,143,620.538873
45.331016,83,621.171992
59.340237,90,621.92688
211.790796,254,623.932636
51.915592,308,626.375603
98.634847,141,627.564611
50.947166,79,628.204579
47.120927,79,628.932368
50.281264,94,629.635419
50.298262,94,633.455576
43.905099,77,634.074457
46.229251,75,634.676705
46.451976,78,635.338599
31.219841,600,639.929047
3.32624,27,640.177063
50.388825,94,640.903657
202.017082,244,642.798023
57.407272,93,643.523101
57.065203,161,644.778365
132.811874,199,646.413873
147.808822,600,650.92511
78.355315,118,651.810697
58.892595,97,654.578242
46.176987,83,655.263058
79.293634,108,656.126245
-16.039429,1,656.159511
33.788288,67,656.68801
188.750595,254,658.658956
180.387014,212,660.356066
66.444828,205,661.986543
43.928781,78,662.623157
97.07496,150,663.834601
182.570774,288,666.040196
74.709916,112,666.90498
107.644467,137,667.947406
127.65032,202,669.429993
74.996795,106,670.232877
209.836949,236,671.998041
108.629166,135,673.032871
108.179236,147,676.523534
209.23888,253,678.486807
46.899441,562,682.773664
164.344841,350,685.461749
47.396779,77,686.119042
69.486414,99,686.931947
93.206137,252,688.81506
116.060357,214,690.457009
152.185182,900,701.28587
-23.150958,600,705.845232
703.425144,664,710.984179
69.951725,99,711.780887
702.74763,664,716.871334
290.753257,374,723.738022
121.277166,233,725.549101
215.743913,284,727.79628
74.777569,107,728.595028
86.331768,110,729.400903
153.515521,167,730.793913
222.97086,270,732.846052
67.318423,104,733.611367
102.400895,161,734.884603
14.744647,41,735.21815
293.151082,367,737.951754
1059.226681,1217,750.840298
887.295853,710,756.235261
887.43796,720,761.738761
79.505507,104,762.603796
69.093384,97,763.324706
140.055723,200,769.635275
69.304024,104,770.422453
885.8885,728,776.139562
53.939633,71,776.68187
84.700274,112,777.595989
225.73228,291,779.728313
45.554615,66,780.245939
143.876094,183,781.735185
37.13565,144,782.848891
54.18956,69,783.427786
241.780657,226,785.124896
291.586858,341,787.716558
1068.437267,993,797.626498
228.582276,203,799.177261
80.360833,90,799.856818
50.298012,123,800.839517
85.735566,97,801.58918
244.810549,249,803.470698
82.70129,98,804.198557
45.96094,155,805.355739
293.654866,278,807.463237
50.846169,65,808.012975
407.269362,432,814.472137
226.402373,262,816.398073
47.896021,66,816.930603
43.811218,139,817.987449
469.508725,441,821.428991
244.178549,235,823.288777
47.622422,74,823.863121
294.433136,265,825.922307
296.367057,264,827.93377
229.889133,183,829.389037
800.985049,750,837.021375
713.471919,429,840.34854
-16.01543,1,840.378903
893.09225,535,844.616894
68.568779,83,845.235644
108.889913,104,846.087531
266.63267,230,847.853954
146.351012,151,849.047731
283.531835,236,850.956156
310.903277,271,853.123632
53.572663,92,853.872427
567.063559,338,859.18109
34.129928,63,859.68361
57.11953,68,860.216062
389.735963,322,862.871424
222.460398,175,864.277695
98.812912,100,865.083978
47.26117,64,865.568159
82.210418,94,866.318824
229.876879,192,867.818934
71.326327,86,868.468267
218.328664,178,869.881411
791.475375,668,875.110661
89.724207,107,875.935861
113.513471,120,879.633941
712.26488,436,882.989807
106.795142,117,883.945221
297.385865,221,885.785364
80.48558,89,886.558636
446.797927,360,889.599194
144.504771,145,890.81088
282.772088,230,892.596347
713.800041,421,895.958558
66.11798,82,896.652371
113.610141,112,897.543502
145.713266,142,898.772011
98.726101,105,899.616959
205.678243,162,902.832068
44.509531,59,903.320741
805.100515,611,908.426913
254.581617,204,909.980436
80.435122,88,910.71266
230.520458,178,912.161181
1079.707507,685,917.872291
50.007309,65,918.365239
59.206455,96,919.074368
49.551433,68,919.628847
145.974358,149,920.850892
793.306808,606,929.027562
410.39349,324,931.571371
794.126684,596,936.403954
336.700483,267,938.394481
113.415396,111,939.232278
58.717409,78,939.834682
85.248627,108,940.741073
94.940336,91,941.482908
79.69741,80,942.086732
284.2673,230,943.810318
796.755781,583,950.169325
715.955459,399,953.464479
113.29383,111,954.43037
81.025654,78,955.074983
69.98561,90,955.868788
72.423534,85,956.596617
565.874812,346,959.630903
113.497424,108,960.562441
57.540095,85,961.234343
241.006367,187,962.757688
82.848974,102,963.602206
54.691201,95,964.422243
45.062201,98,965.244513
86.203259,100,966.054651
226.566822,200,971.70189
329.502136,256,973.819965
58.490366,84,974.507166
113.442443,117,975.492317
231.347134,174,976.9089
413.232724,313,979.546841
272.801888,198,981.158413
58.927789,94,981.853022
1081.904469,623,986.942806
716.352987,384,989.785044
255.148572,186,991.313858
898.141107,475,997.970486
392.923614,273,1000.305519
113.653365,113,1001.22604
761.332705,545,1005.532552
297.157184,230,1007.326477
296.992089,223,1008.986077
715.803777,377,1012.167676
1082.529681,625,1018.742594
297.57875,235,1020.610085
91.332079,101,1021.524748
288.143458,217,1023.180861
898.929119,476,1027.13573
34.45239,52,1027.55456
278.950002,218,1029.282692
356.087184,275,1031.552947
317.505834,240,1033.450045
567.915604,326,1035.925976
150.408762,141,1039.960511
279.351264,208,1041.618584
86.692901,91,1042.356297
298.423434,221,1044.047094
11.729384,36,1044.353371
1084.005867,612,1049.039049
54.739135,90,1049.729366
47.883254,59,1050.196386
296.63306,243,1052.089096
296.414333,219,1053.864276
76.011462,78,1054.454273
898.235808,463,1057.969287
97.799231,104,1061.431334
298.45088,227,1063.25486
314.161045,247,1065.172299
506.211532,284,1067.260143
298.068944,217,1068.925748
59.464677,90,1069.599643
297.587014,226,1071.365166
297.862689,227,1073.149563
41.881581,59,1073.599721
715.47288,376,1076.459235
102.241153,117,1077.378977
153.297409,140,1078.543101
60.481653,89,1079.201626
89.96081,107,1079.997298
114.134994,104,1082.950739
506.181753,291,1085.197264
86.28256,93,1085.948937
102.86753,109,1086.828517
350.902717,272,1089.026897
121.695206,120,1089.928184
715.887996,375,1092.927629
105.992775,119,1093.956635
507.298862,268,1096.165569
1085.238451,567,1100.535211
1083.237036,615,1107.757307
567.699589,309,1110.062186
52.955159,114,1111.036691
296.810608,210,1112.678622
57.864005,77,1113.280446
82.177614,78,1113.897983
441.123242,334,1116.514549
252.225106,231,1118.292848
275.843802,199,1119.795388
112.742955,125,1120.76444
304.303773,229,1122.544339
149.800865,129,1123.536069
297.070667,212,1127.65502
265.697557,236,1129.461911
297.471927,227,1131.219089
442.131907,330,1133.815938
334.683495,296,1136.062716
80.182828,90,1136.74936
897.71851,472,1140.372823
91.273703,99,1141.141993
-8.042914,1,1141.172498
102.667963,107,1142.140588
297.972996,218,1143.803069
442.146013,314,1146.149257
69.750365,88,1149.306868
150.123328,130,1150.348859
81.448922,84,1150.976409
567.579094,297,1153.283014
80.821131,83,1153.955602
149.614815,143,1155.031123
717.412257,356,1157.835592
116.665362,118,1158.797529
98.300444,96,1159.570556
393.758602,257,1161.498833
76.706942,79,1162.229939
371.491818,277,1164.358299
354.2867,241,1166.28337
441.756822,316,1170.824856
55.818511,62,1171.314658
56.683475,79,1171.941776
89.16077,98,1172.706059
298.217376,229,1174.468154
154.813036,127,1175.49667
121.552614,115,1176.430933
114.656732,129,1177.430344
899.43303,444,1180.813178
99.492326,97,1181.622081
58.972137,76,1182.254597
76.322711,81,1182.967
717.14052,356,1185.646055
59.875322,82,1186.312069
113.946924,106,1187.231705
61.011225,81,1187.850336
150.281112,128,1188.82697
58.453344,86,1189.490748
114.717518,111,1192.555019
298.864001,209,1194.184978
898.747572,447,1197.647117
121.450088,110,1198.528063
120.782259,122,1199.51098
297.677534,217,1201.158296
1088.049602,513,1205.191912
278.075066,199,1206.83198
1087.607248,548,1210.950822
299.114968,205,1214.677677
79.568672,86,1215.335458
522.327249,407,1218.569513
75.450502,79,1219.241181
864.312347,569,1223.657556
140.513073,119,1224.618778
1088.792066,504,1228.466107
46.838638,63,1228.948554
716.7564,343,1231.643572
80.341892,88,1232.308796
102.053289,115,1233.173891
1087.198966,531,1239.768937
89.785333,95,1240.497836
58.283841,69,1241.047002
414.388569,290,1243.27742
254.039135,185,1244.755211
89.967134,95,1245.505792
1087.732291,527,1249.55552
274.699958,201,1251.125473
1087.109221,544,1257.326574
834.35975,510,1261.225356
113.696874,115,1262.109697
298.863903,211,1263.73616
94.448123,92,1264.501469
114.03578,110,1265.377008
297.732659,216,1267.074184
98.285637,95,1267.797136
106.631769,98,1268.548857
57.209437,73,1269.118524
292.544601,207,1270.711889
717.095248,333,1273.384158
415.887642,287,1275.595592
90.071482,105,1276.431375
285.398485,209,1280.391629
61.052902,77,1281.002246
113.198088,116,1281.910808
298.342317,210,1283.609791
773.37095,457,1287.161932
304.789621,208,1288.804342
567.728927,302,1291.137119
58.928394,77,1291.741149
298.36117,211,1293.457215
300.561185,203,1295.030385
299.257223,214,1296.747637
90.343985,92,1297.445026
121.039014,123,1298.342872
121.791526,118,1301.926454
226.238636,211,1303.56766
568.027517,292,1305.819831
50.534066,63,1306.317715
150.008773,133,1307.432495
1089.449287,502,1311.406965
297.258431,200,1312.946316
298.609964,208,1314.535669
447.89868,307,1316.902685
278.364538,195,1318.370211
442.122994,287,1320.634433
88.175636,85,1322.810479
115.38953,123,1323.843028
298.041672,216,1325.528269
1087.376196,533,1329.58691
153.413686,129,1330.570091
436.519223,300,1332.95646
262.409674,216,1334.781727
126.822691,122,1335.745504
151.084556,127,1336.768072
297.858525,206,1338.318778
296.575953,215,1339.948734
261.631374,217,1341.685861
569.279389,286,1345.494341
441.816928,300,1347.880096
313.349663,240,1349.735677
108.820905,97,1350.493415
56.051874,78,1351.126715
63.257525,78,1351.773155
568.924861,293,1354.081107
258.395326,235,1355.778874
108.988781,95,1356.661669
1088.346281,485,1360.408484
90.276119,97,1361.146187
321.140324,225,1362.842021
569.470468,291,1367.332891
156.055664,128,1368.359081
146.966592,124,1369.32394
157.664419,137,1370.358268
150.788744,125,1371.378193
1089.2242,489,1375.216881
113.523796,116,1376.10852
1088.556191,497,1379.96006
70.935186,85,1380.640198
94.277719,85,1381.279593
146.393609,118,1382.211613
150.746584,132,1383.294266
98.402609,94,1384.069339
1089.629265,508,1390.121821
101.869045,114,1391.025759
297.866055,200,1392.632624
-16.017775,1,1392.661876
568.232017,280,1394.875671
299.231296,215,1396.543294
305.199152,215,1398.241544
284.34022,198,1399.804238
412.745493,278,1402.067301
900.615819,417,1405.333638
57.647076,83,1405.975835
46.139333,62,1406.471685
120.080768,121,1409.661561
285.312525,194,1411.280141
441.322338,314,1413.671414
90.517726,95,1414.375113
109.242443,95,1415.119852
567.236555,284,1417.316357
611.075607,371,1420.18188
54.415035,83,1420.880168
55.453657,79,1421.515166
1087.386107,528,1425.596815
900.456099,425,1430.694528
305.457591,212,1432.352319
719.106993,324,1434.88835
276.462454,180,1436.271244
1087.981411,494,1440.174124
299.223487,209,1441.7968
59.764274,74,1442.420167
262.477615,220,1444.172429
901.753253,412,1447.345397
53.510953,79,1448.014069
90.336878,94,1448.748738
298.669892,209,1453.133593
50.52741,80,1453.738647
261.85994,221,1455.469093
298.83088,203,1457.011068
-8.013586,1,1457.040002
119.222419,120,1458.069076
265.053191,190,1459.601062
59.426506,70,1460.146294
570.41762,259,1462.192249
154.905704,126,1463.205685
196.628841,150,1464.386601
687.547682,410,1467.529488
-6.217575,12,1467.635788
277.510468,200,1469.204014
299.719596,209,1470.757964
90.542461,95,1471.486497
569.039285,272,1475.934514
46.328973,67,1476.490248
280.087806,194,1478.038802
673.230989,402,1481.130208
280.229097,186,1482.561342
275.418521,187,1484.077197
102.443222,116,1484.953689
153.593947,121,1485.88373
149.834875,130,1486.976571
568.492925,266,1488.980822
153.520965,124,1489.934922
30.624294,47,1490.308914
265.796274,226,1492.072369
717.548971,322,1496.10814
114.99901,105,1496.959797
271.48614,191,1498.433779
279.125298,202,1499.936571
80.512595,85,1500.611379
56.165559,76,1501.219346
284.879031,209,1502.834638
802.50756,467,1506.560753
1087.649879,526,1510.560188
717.443025,341,1513.112599
119.295896,118,1514.136998
285.822453,201,1518.154551
719.342001,324,1520.718981
292.406766,209,1522.340542
285.096632,197,1523.830177
1089.019503,488,1527.564769
902.709135,428,1530.86555
54.997347,79,1531.473148
89.194027,103,1532.235154
378.281413,265,1534.348049
114.856717,99,1535.15695
151.231496,120,1536.043976
139.838106,112,1538.628722
118.705302,126,1539.602257
55.634273,83,1540.251322
114.650628,104,1541.099445
517.625574,335,1543.662285
902.11309,425,1546.984658
314.033318,233,1548.756007
105.463994,119,1549.719256
1088.719373,484,1553.532109
113.596201,109,1554.37929
299.02197,204,1555.961605
443.372927,277,1560.113903
257.329421,226,1561.899612
413.584403,269,1564.014862
717.813194,320,1566.526297
293.350673,197,1568.016165
150.459618,125,1569.01539
315.219116,219,1570.710029
443.327658,287,1572.845274
80.710381,77,1573.453392
94.966039,92,1574.134206
98.696128,105,1574.988305
520.896268,317,1577.416004
265.929761,222,1579.03699
116.168143,116,1583.560975
262.605859,232,1585.315179
1087.971765,500,1589.220367
59.024839,72,1589.813654
1088.547023,512,1593.734386
298.517077,199,1595.285001
570.253152,271,1597.395714
146.144429,125,1598.359038
248.520333,203,1599.942318
94.041184,89,1600.694929
298.305669,202,1603.898543
83.282394,80,1604.550271
299.058836,198,1606.134498
320.937318,216,1607.746885
-16.060408,1,1607.797983
274.742713,195,1609.30006
283.254183,200,1610.875716
206.29169,150,1612.024725
1087.267311,519,1616.081095
245.124122,206,1617.642818
150.007357,125,1618.579563
508.039413,247,1620.522868
296.794848,200,1622.008364
277.385497,200,1625.790489
57.862536,78,1626.486426
61.603329,92,1627.172536
442.329511,293,1629.359646
339.512783,217,1631.077684
296.164834,206,1632.672803
1088.010465,507,1636.590603
1088.119997,514,1640.588203
79.43759,83,1641.245182
297.828169,196,1642.74942
412.519447,265,1644.798243
153.484656,129,1647.709445
570.727803,273,1649.758277
282.361242,201,1651.326993
119.040577,121,1652.274696
94.996066,95,1653.012093
338.484447,233,1654.830192
569.343409,291,1657.046467
280.165648,191,1658.574619
58.961424,72,1659.173835
59.450484,83,1659.813512
95.285692,85,1660.499514
294.831486,198,1662.051302
298.363937,194,1663.520787
276.596049,254,1665.492909
151.389584,121,1669.178174
206.389203,144,1670.255633
59.874061,81,1670.884984
418.059353,256,1673.024265
339.194168,233,1674.767483
90.590304,91,1675.459073
283.320284,189,1676.98869
113.939515,103,1677.788879
89.249291,96,1678.566717
570.524359,275,1680.667814
98.274204,103,1681.53224
568.64129,288,1683.763002
102.909968,105,1684.581892
106.495614,115,1685.467202
1088.004948,496,1691.58493
59.905288,77,1692.185412
62.30194,82,1692.845395
903.043196,412,1696.219767
28.342309,47,1696.652016
569.114019,282,1698.836993
-8.038788,1,1698.867881
321.214083,232,1700.728728
1088.439764,506,1704.595118
570.957403,258,1706.603647
299.18348,196,1708.20486
902.600995,408,1714.213293
297.180131,207,1715.87463
315.797826,214,1717.550713
258.510529,202,1719.054719
1088.5604,501,1722.982983
234.240261,197,1724.516172
298.069699,200,1726.098969
568.841372,274,1728.16412
569.245809,296,1730.454346
90.983615,96,1731.181
114.24679,100,1732.00089
568.666915,282,1736.993106
759.67587,402,1740.057735
94.528692,89,1740.759321
1088.280522,490,1744.552632
-16.076448,1,1744.591385
59.655056,82,1745.265856
63.746866,80,1745.884583
271.255063,270,1747.998468
717.438339,332,1750.54817
282.762898,205,1752.196601
161.232738,131,1753.210973
293.22076,188,1754.634981
282.074676,201,1758.367295
757.308717,484,1762.02516
321.885509,214,1763.656244
102.02803,106,1764.514312
118.795595,131,1765.480011
89.938454,90,1766.193427
-16.029333,1,1766.226563
569.039981,283,1768.377723
568.356504,284,1770.599578
113.824128,107,1771.447547
89.953406,91,1772.146529
316.576764,219,1773.948853
1089.812797,492,1780.585484
570.207137,275,1782.742501
1087.589656,522,1786.835451
1089.541088,509,1790.810448
93.432133,91,1791.531031
59.013432,77,1792.141426
274.132,201,1793.679664
1087.221429,521,1797.699528
297.696683,205,1801.434946
93.605249,93,1802.160524
103.346653,94,1802.94126
570.443284,260,1805.018124
901.841504,398,1808.199438
146.437284,119,1809.211702
569.28392,259,1811.202128
314.432034,219,1812.887733
116.267987,113,1813.769636
901.17769,420,1816.965354
331.003108,230,1818.797933
279.167408,197,1820.383036
1088.498879,524,1827.744352
756.309232,470,1831.303314
278.232483,193,1832.772248
298.929765,210,1834.430401
314.717887,225,1836.197027
153.87302,120,1837.135182
569.193156,267,1839.266732
49.920075,65,1839.754699
90.23235,95,1840.531274
62.73473,75,1841.113222
278.553587,191,1842.682527
416.642463,268,1846.446953
570.29171,272,1848.515393
102.607363,100,1849.381454
90.876265,94,1850.156817
901.573925,407,1853.315966
23.999877,44,1853.682873
298.941168,201,1855.261495
147.680115,120,1856.17397
47.261827,65,1856.807781
79.147129,85,1857.460076
718.372896,306,1859.946908
442.731125,284,1862.124274
1089.220769,488,1868.102452
568.446356,283,1870.34156
89.160344,96,1871.073076
151.097082,116,1871.964869
275.099472,183,1873.338057
298.171503,209,1875.083584
283.834331,198,1876.610755
283.651066,198,1878.116334
298.94927,199,1879.687962
1087.753765,517,1883.692891
60.743552,78,1884.351622
56.338373,76,1884.967744
97.873367,89,1885.693225
119.271345,118,1886.551249
46.31462,63,1889.467611
58.147684,80,1890.124204
277.763326,189,1891.572756
282.310121,203,1893.144404
570.925035,271,1895.272545
437.428235,276,1897.464811
56.236065,76,1898.062087
568.930253,277,1900.287097
716.801493,340,1902.848898
417.173635,265,1904.960153
58.650479,67,1905.503815
94.438211,97,1906.274142
718.416195,335,1911.201239
283.849459,195,1912.734557
299.24653,206,1914.306109
570.731777,259,1916.381477
717.500583,320,1918.803157
717.734199,333,1921.389149
262.773919,209,1922.937646
27.977454,49,1923.330825
385.901491,258,1925.348988
300.196645,203,1926.95227
297.62399,202,1928.493945
570.299441,281,1932.977844
261.872775,213,1934.642021
120.433446,117,1935.601674
760.792543,394,1938.617325
274.333004,218,1940.312917
570.75842,267,1942.336751
107.515268,103,1943.116756
802.421721,466,1946.71348
298.243018,209,1948.295283
99.504376,92,1949.018517
903.189042,404,1954.794865
1087.986737,503,1958.740461
719.221063,327,1961.247746
113.128009,112,1962.126621
902.653813,400,1965.242044
1087.460878,520,1969.346708
297.938383,192,1970.859667
901.217132,413,1974.068625
62.571271,77,1977.775521
89.881857,97,1978.562005
904.48371,404,1981.660951
900.924851,429,1984.930432
115.676592,119,1985.902207
338.098695,226,1987.629022
299.488107,196,1989.175682
1087.926775,497,1992.987805
440.446705,307,1995.418544
57.51525,74,1995.983329
416.134629,273,2001.111217
-16.051115,1,2001.144361
103.572066,103,2001.911393
62.881761,84,2002.587147
98.317109,105,2003.380412
569.589488,286,2005.640327
569.947473,265,2007.68119
716.575785,329,2010.318906
114.568788,106,2011.133702
507.870635,257,2013.1305
80.566038,79,2013.790563
93.414977,90,2014.516877
300.832725,194,2015.996439
443.382619,294,2018.268408
154.388659,125,2021.520403
285.595391,195,2023.011058
119.287625,122,2024.001214
298.851241,198,2025.523285
98.87621,99,2026.349335
570.642674,271,2028.496441
90.802228,93,2029.245573
718.950483,325,2031.703428
568.744292,273,2033.91235
94.924756,86,2034.555881
89.614975,93,2035.245758
299.239457,193,2036.774132
508.483986,246,2038.650322
448.126371,287,2040.791027
-16.072577,1,2040.822011
412.10304,275,2045.697918
1088.514237,497,2049.482541
114.286792,111,2050.356781
298.992277,193,2051.879252
81.331135,85,2052.559687
114.26207,116,2053.420531
507.648646,248,2055.326533
207.814727,147,2056.507978
59.725026,81,2057.144181
298.669862,202,2058.662091
568.73858,282,2060.778561
-16.048916,1,2060.810933
299.269249,194,2062.403428
58.226279,74,2063.033697
233.671011,190,2067.708397
717.814979,343,2070.454157
901.755676,414,2073.607188
89.194624,103,2074.407954
1090.96989,475,2078.085356
300.717817,201,2079.5912
64.33787,81,2080.263057
718.575634,314,2082.701446
902.909471,410,2088.046905
330.732042,226,2089.762391
413.352304,256,2091.778269
902.964158,404,2094.894186
150.675797,122,2095.879737
61.998552,78,2096.449609
60.065065,84,2097.103836
903.141434,406,2100.270934
296.662401,196,2101.742731
59.276553,69,2102.297521
331.678489,216,2103.917038
267.481686,175,2105.221825
94.00603,97,2105.960212
301.975907,205,2110.160952
55.544511,75,2110.723972
238.692445,193,2112.208915
265.164351,184,2113.706218
719.087055,315,2116.112087
60.769416,81,2116.899032
448.666102,296,2119.237643
717.574879,332,2121.696303
571.247849,261,2123.725936
718.416086,319,2126.193268
58.922302,79,2126.813503
46.466708,63,2127.319499
570.203542,270,2131.147123
718.055152,318,2133.735343
156.505884,120,2134.661295
901.828658,407,2137.828114
156.763428,126,2138.803952
304.718915,202,2140.429822
213.987985,172,2141.694431
94.871646,99,2142.485321
119.354862,119,2143.449811
151.450365,123,2144.401462
46.331059,65,2144.953813
147.59043,121,2145.88841
332.158534,220,2147.572849
150.744011,121,2148.501765
148.735008,143,2149.660842
509.0803,240,2154.974177
39.961744,59,2155.468517
718.970153,311,2157.803848
100.99781,112,2158.738992
719.324141,325,2161.249468
331.954102,213,2162.858927
65.386954,84,2163.575099
102.748998,101,2164.353318
90.02743,94,2165.044917
797.632629,441,2168.419549
901.124807,413,2171.548837
568.986079,276,2176.040479
299.357506,196,2177.493428
279.746982,190,2178.964883
115.928061,109,2179.787596
901.835927,429,2183.076964
272.623066,191,2184.597562
507.301253,244,2186.443236
115.72942,117,2187.32528
-16.008512,1,2187.358308
718.972193,308,2189.779134
93.809068,91,2190.487092
68.396622,73,2191.043584
298.722429,209,2192.650479
80.863515,80,2193.27028
719.046514,315,2198.034648
253.161981,218,2199.736226
570.552514,273,2201.881918
902.051196,399,2204.99533
58.075937,84,2205.682117
904.251111,399,2208.784728
253.962318,199,2210.324676
719.552816,322,2212.815287
717.663831,324,2215.289436
254.619778,207,2219.518746
94.595835,94,2220.250902
285.219702,201,2221.748796
279.817172,189,2223.264051
56.59536,80,2223.933227
215.610597,185,2225.399112
153.496403,118,2226.280644
902.104044,408,2229.491628
613.599038,346,2232.402936
118.844743,123,2233.444068
29.950014,53,2233.876904
93.794872,94,2234.675614
376.180646,299,2237.170616
338.67023,224,2238.922401
299.000938,192,2242.645603
105.332911,115,2243.517066
93.753661,95,2244.316981
64.142814,80,2244.991717
48.05935,59,2245.493516
900.971967,428,2248.828184
305.974592,217,2250.477239
903.241242,413,2253.727717
90.108831,106,2254.592636
570.581827,257,2256.644815
507.679273,250,2258.479136
71.426019,87,2259.171298
57.272086,85,2259.808017
60.436787,77,2260.386798
42.403141,57,2260.89481
902.174776,401,2267.019129
902.459031,415,2270.279595
507.409002,251,2272.28268
71.835393,83,2272.967051
1087.709645,508,2277.03329
118.762928,116,2278.014627
1091.29672,476,2281.910607
357.747868,232,2283.67361
145.252977,118,2287.172298
50.570218,67,2287.800087
89.942941,104,2288.570679
321.839345,228,2290.397891
333.278959,218,2292.329918
245.078778,224,2294.178856
1089.629649,474,2298.208788
285.710987,193,2299.777573
718.537491,313,2302.328521
315.582536,211,2304.133923
718.321547,314,2306.74972
306.438649,222,2310.80255
98.156307,92,2311.545596
1.338335,22,2311.731976
611.719948,353,2314.566221
352.149786,236,2316.386591
901.61906,410,2319.554466
571.344115,262,2321.551554
59.760555,77,2322.107931
56.001636,80,2322.785935
119.0141,124,2323.781199
3.601963,25,2323.991255
153.415477,124,2325.017941
381.716468,254,2327.104644
265.500456,180,2328.625705
717.262289,315,2332.912501
46.128399,63,2333.41796
-8.009632,1,2333.505692
94.597724,96,2334.346977
287.764505,195,2335.823745
337.657081,227,2337.555073
718.280511,323,2340.015983
307.382221,231,2342.013142
718.600497,318,2344.738981
286.059292,194,2346.315995
65.710036,79,2347.001745
88.512087,100,2347.751486
98.327859,95,2348.456769
56.999737,81,2349.112835
569.203355,267,2351.250951
506.118206,249,2355.853003
119.769748,120,2356.871104
60.946895,82,2357.469046
718.716561,327,2359.947014
47.069746,59,2360.46441
900.73539,419,2363.778599
569.689051,255,2365.760328
147.332144,117,2366.722942
569.987084,257,2368.659172
57.001506,68,2369.203791
88.608984,104,2369.987154
95.315848,93,2370.688725
62.408473,82,2371.315541
380.980264,244,2373.157275
59.648125,70,2373.712284
113.147204,117,2376.992548
119.219774,118,2377.948089
902.198341,409,2381.197723
352.270799,237,2383.078849
258.128558,226,2384.95019
79.700557,90,2385.671634
357.866766,232,2387.471786
55.045279,76,2388.040019
1088.085595,490,2391.810806
471.870836,335,2394.419785
153.520893,123,2395.411581
315.498774,215,2399.372478
105.271034,119,2400.28593
57.434913,77,2400.86203
442.496636,280,2403.074662
298.096687,197,2404.607341
288.501283,198,2406.194394
124.426732,106,2407.039467
50.498589,67,2407.60145
717.869024,325,2410.176648
1089.121987,482,2413.892881
718.791609,309,2416.330953
902.42955,419,2421.835449
40.337201,54,2422.245625
901.834909,420,2425.535401
121.28043,141,2426.58478
90.034353,101,2427.45582
98.18219,95,2428.20939
147.962596,124,2429.162217
119.902904,115,2430.053383
-5.016917,11,2430.156471
569.680123,266,2432.227177
90.017709,95,2432.965955
58.920533,81,2433.600137
568.644887,276,2435.737489
285.433813,195,2437.287319
98.062138,98,2438.121585
59.346418,73,2438.701135
252.962568,207,2443.140714
718.934258,316,2445.536086
226.023723,191,2447.035562
299.251522,196,2448.564438
56.65967,81,2449.200325
69.172382,84,2449.821621
1089.424547,473,2453.534506
448.87174,280,2455.841141
1088.363854,478,2459.542176
660.215952,376,2464.866278
720.831126,312,2467.166424
339.587286,253,2469.182736
113.380945,106,2469.992882
60.963803,79,2470.614536
67.914621,78,2471.222223
59.436675,82,2471.861262
610.339689,363,2474.691419
120.296968,113,2475.591166
717.669293,418,2478.884871
279.952213,189,2480.340847
904.331565,403,2483.545528
-8.060851,1,2483.575622
59.30165,80,2486.60722
903.383074,398,2489.681465
55.041255,89,2490.408198
57.696658,84,2491.044327
14.410491,48,2491.476749
719.820849,311,2493.87796
506.111604,253,2495.918937
49.30346,69,2496.473811
-8.075786,1,2496.565617
359.774336,224,2498.41143
102.31141,100,2499.242108
118.833331,120,2500.137591
125.991083,129,2501.158108
1088.376566,500,2505.047408
508.684528,227,2509.468045
1088.286997,467,2513.0079
153.828687,126,2513.999194
505.466316,261,2515.951543
337.250368,219,2517.582268
94.41225,97,2518.424049
569.374444,260,2520.510647
97.927622,96,2521.231999
1089.063267,486,2524.980095
800.83679,430,2531.262444
903.001319,395,2534.327276
298.997262,202,2535.878999
718.267256,324,2538.420472
317.868559,218,2540.168956
279.143765,186,2541.613127
93.583057,96,2542.360311
800.338762,450,2545.873372
103.598938,109,2546.706267
331.434313,216,2548.345646
147.854965,162,2549.673696
901.373749,421,2555.526185
220.276933,198,2557.04686
257.632844,207,2558.644826
317.713482,225,2560.395872
298.713351,205,2561.946926
612.149973,344,2564.654921
719.255314,331,2567.205007
719.201474,307,2569.586669
902.474893,403,2575.851908
358.058468,239,2577.698149
719.270611,329,2580.24771
719.974058,306,2582.682324
569.326864,274,2584.858608
569.890235,268,2586.958219
285.391077,195,2588.46237
568.167501,272,2590.622344
1087.688912,485,2594.283562
299.592711,193,2598.627151
61.153112,79,2599.233521
1090.428089,501,2603.083297
114.016407,103,2603.979669
65.726396,90,2604.703115
147.391617,121,2605.89149
-16.059891,1,2605.934859
275.910218,196,2607.512212
338.848826,237,2609.378526
-4.480454,18,2609.550764
59.113819,68,2610.089424
59.001485,75,2610.776761
116.639989,133,2611.897295
718.568858,311,2614.496932
1088.70826,480,2621.317682
443.58311,288,2623.792541
371.125414,264,2625.929531
-16.053053,1,2625.967939
59.362526,76,2626.54818
357.762957,230,2628.420928
304.409785,211,2630.03788
1089.218775,484,2633.854097
903.56374,402,2636.919732
902.755044,404,2640.009042
457.638923,315,2644.875697
97.900847,96,2645.615763
59.132969,71,2646.212957
507.331759,232,2648.049318
901.933505,401,2651.098009
98.266365,99,2651.862275
118.785226,117,2652.794158
151.174858,123,2653.762054
58.826202,77,2654.390917
151.768756,123,2655.328508
286.084931,196,2656.811081
45.610102,60,2657.430181
354.77249,250,2659.361148
88.736537,113,2660.220346
416.6276,264,2662.285108
824.161733,444,2668.551795
284.273792,194,2670.074188
59.046114,81,2670.67408
59.416785,65,2671.199164
89.018009,104,2672.006169
358.234112,231,2673.780356
118.980367,115,2674.781713
359.118266,238,2676.603661
86.238506,130,2677.636495
59.183412,81,2678.258121
88.471049,98,2679.056127
111.747172,98,2679.827011
59.577356,83,2680.445014
87.388101,87,2681.171831
49.017046,76,2681.79235
118.86589,129,2682.807625
287.212854,194,2684.335984
89.138159,105,2685.129261
718.439809,322,2689.987658
59.123984,80,2690.582389
98.093997,98,2691.317972
58.015298,79,2691.984182
902.010883,419,2695.129045
902.471931,407,2698.340551
147.08181,116,2699.240776
719.922575,323,2701.733674
35.859926,61,2702.197617
901.614531,414,2705.334006
290.204937,189,2706.786021
100.94608,121,2709.41357
316.220338,212,2710.922699
313.119484,206,2712.526051
108.988901,102,2713.322701
-16.056622,1,2713.352738
147.234958,121,2714.261838
902.443681,424,2717.4527
113.065339,111,2718.294643
507.658171,257,2720.376961
113.630563,106,2721.256043
330.877277,208,2722.915044
57.881468,81,2723.518169
59.282359,77,2724.090905
4.521223,29,2724.339229
182.07982,165,2725.717003
249.660658,210,2727.501016
59.127903,75,2728.091372
718.812427,321,2733.557847
59.039807,91,2734.247735
506.898128,227,2735.986834
568.808518,254,2737.872864
113.656219,120,2738.80516
118.585585,122,2739.745174
-16.029869,1,2739.778597
33.867328,58,2740.235812
272.428887,230,2742.158947
902.733642,393,2745.308664
720.677253,313,2747.850139
901.817851,402,2753.922754
45.682751,70,2754.491714
71.003408,79,2755.071195
1091.185193,490,2758.996973
443.465334,285,2761.371321
207.472036,148,2762.639389
901.832313,404,2765.800107
507.90299,226,2767.574723
570.362014,249,2769.550869
340.528091,227,2771.309738
59.677337,76,2771.897697
1089.637216,474,2777.713019
113.520596,106,2778.59217
59.11352,76,2779.206665
-6.180771,12,2779.305221
1088.337117,470,2783.064761
718.342271,314,2785.5475
228.293788,206,2787.18754
58.042527,74,2787.824981
332.452128,215,2789.526163
719.821485,311,2792.017103
901.649921,415,2795.412657
299.943809,210,2799.67302
337.29576,245,2801.667737
1087.619487,493,2805.559469
802.147871,445,2808.987895
902.078297,404,2812.207375
903.905055,407,2815.556963
124.332151,114,2816.452008
47.839498,67,2817.059041
900.447902,419,2822.810064
306.81415,210,2824.5347
62.076253,89,2825.234534
903.335646,401,2828.468858
58.853631,75,2829.170743
412.683759,267,2831.250082
71.881365,77,2831.905108
316.24281,219,2833.638921
293.475923,214,2835.420056
101.191046,114,2836.362743
1089.763707,470,2840.231921
817.179228,447,2846.434516
718.382623,325,2849.041818
358.204527,233,2851.016122
345.331296,235,2852.998677
9.847179,32,2853.295931
75.972525,85,2854.016434
35.412291,55,2854.468848
666.57685,382,2857.550764
1088.406548,492,2861.336225
719.143673,315,2863.733115
80.512824,82,2866.343328
101.849697,93,2867.062928
717.741859,317,2869.556967
719.642659,308,2871.951216
902.314007,406,2875.295676
507.079941,236,2877.095478
120.894667,115,2877.96503
1091.558207,489,2881.841554
1089.564555,489,2888.585248
36.281529,67,2889.143278
56.233211,85,2889.849965
946.670084,422,2893.095942
113.635269,106,2893.92847
55.386077,84,2894.639445
718.354986,317,2897.1088
98.064513,96,2897.864814
126.959625,117,2898.771903
119.059347,107,2899.61771
280.438804,194,2901.100425
-8.069571,1,2901.130315
-8.068875,1,2901.160974
120.291637,124,2902.119202
902.014843,397,2905.135207
112.972116,111,2906.018373
569.928156,252,2908.022444
902.732343,383,2913.164101
80.764908,83,2913.817623
98.305355,92,2914.554533
97.869594,93,2915.312197
902.407942,404,2918.458565
415.852835,263,2920.455925
506.572465,245,2922.344444
150.374635,119,2923.282072
286.417078,192,2924.753835
902.422426,401,2927.799778
903.111953,414,2933.36559
265.56455,217,2935.015346
1089.244137,481,2938.751882
902.097722,396,2941.923019
1088.231148,493,2945.806811
337.804162,211,2947.496662
506.593233,234,2949.357098
293.447186,193,2950.841574
901.705022,406,2956.948489
319.865117,223,2958.656821
63.378116,82,2959.293458
449.456417,277,2961.417144
156.905795,123,2962.358825
58.540802,75,2962.967115
719.807132,308,2965.381217
33.572699,57,2965.836322
357.621296,240,2967.700275
569.193754,264,2969.741343
903.297275,402,2972.803329
1088.487736,500,2979.487525
903.212421,403,2982.616585
570.483559,266,2984.668077
901.876059,407,2987.887211
1089.568676,482,2991.648273
294.686481,199,2993.196596
66.138815,76,2993.85678
317.107084,210,2995.461508
902.553054,398,3001.068518
719.699975,311,3003.504894
336.680395,241,3005.530026
46.197082,63,3006.022163
290.022505,200,3007.561186
337.331098,219,3009.31048
1087.887604,494,3013.07741
1088.870286,474,3016.794553
-16.018091,1,3016.82757
717.748595,320,3022.013203
-8.061327,1,3022.043304
211.998149,185,3023.466149
568.531514,264,3025.555884
159.505104,142,3026.676691
1090.16171,492,3030.476005
416.69697,270,3032.563834
718.627801,304,3034.910092
58.709141,80,3035.532302
147.710673,125,3036.484702
59.196448,73,3037.058324
814.465319,455,3043.127471
101.532547,109,3043.939272
720.442071,305,3046.259461
61.050142,82,3046.956767
298.675931,192,3048.476964
121.050067,127,3049.469227
807.532536,439,3052.925956
214.471784,173,3054.270648
313.512176,203,3055.81789
329.938916,221,3057.556683
150.605272,121,3058.527676
814.671642,457,3062.089752
1088.894502,482,3068.659809
434.54838,285,3070.859597
903.776862,400,3073.977265
719.496368,319,3076.486394
719.658696,314,3078.949037
46.827505,72,3079.498167
901.803703,402,3082.683344
331.04825,215,3084.387732
119.087772,112,3087.98429
446.886515,308,3090.365515
338.961506,219,3092.048304
718.31498,309,3094.503013
98.134513,95,3095.238837
567.674575,283,3097.444247
55.580767,73,3098.002586
154.237565,123,3099.022203
122.048195,125,3099.970537
113.799776,119,3100.953273
89.854334,101,3101.711519
161.06842,127,3102.708977
717.78492,321,3105.132402
59.712735,70,3105.683556
1088.152226,489,3112.214179
61.487901,77,3112.777612
79.424042,86,3113.508446
60.977514,79,3114.179631
718.775448,312,3116.529893
317.45514,211,3118.214423
59.325789,84,3118.853984
58.498382,70,3119.379236
900.859263,417,3122.483332
113.787312,108,3123.360299
413.684045,252,3125.387898
612.049231,342,3127.974949
719.418209,314,3133.009811
299.04381,197,3134.515941
153.422994,123,3135.461895
569.771419,263,3137.490811
903.015506,406,3140.629583
285.508045,195,3142.125268
285.697278,186,3143.634238
147.413143,124,3144.610095
4.386948,81,3145.287981
569.064353,265,3147.285373
40.403868,52,3147.716039
771.87091,432,3151.061724
286.234382,188,3155.379832
153.603106,154,3156.650755
332.126536,207,3158.264987
35.379893,62,3158.759707
128.478759,117,3159.735878
902.493849,414,3162.829387
569.247723,246,3164.76792
300.111884,191,3166.268992
569.343981,254,3168.356473
506.898935,244,3170.328561
213.764177,203,3171.855975
217.824538,169,3173.154336
902.098898,411,3179.112797
67.832532,78,3179.727598
338.429958,228,3181.419726
59.480443,74,3182.024936
330.39615,221,3183.764801
32.963357,56,3184.241618
393.221093,244,3186.156351
37.129735,59,3186.628237
1088.322314,476,3190.342189
68.407375,104,3191.156652
298.608798,198,3192.714576
711.943182,382,3195.682087
760.11886,368,3201.407676
99.322767,96,3202.126731
370.857296,264,3204.14668
59.901988,75,3204.724219
1089.262703,489,3208.40861
902.982186,411,3211.801293
719.57093,313,3214.312278
104.515788,118,3215.257683
1088.633052,495,3222.072999
394.418546,233,3223.913494
42.174822,58,3224.369927
56.539667,71,3224.945571
58.206937,80,3225.578841
285.790631,198,3227.096045
94.875021,86,3227.770903
94.939227,90,3228.513659
413.639664,275,3230.726999
285.61141,196,3232.207453
721.104712,304,3234.753514
68.944982,93,3235.527486
118.420815,126,3236.55373
58.89535,79,3237.233396
61.557147,78,3237.797933
901.674472,408,3241.139046
115.085396,129,3244.502866
186.8152,164,3245.862966
902.517076,410,3249.107325
1090.257643,489,3252.984208
719.40867,301,3255.3788
-8.055663,1,3255.407008
286.460666,191,3256.921697
285.058282,186,3258.458927
902.717978,395,3261.490746
60.807538,78,3262.138688
150.428879,135,3263.212682
88.007439,101,3266.323021
-8.08883,3,3266.365496
285.148493,183,3267.79789
68.585282,80,3268.408387
121.737933,114,3269.291218
18.869238,42,3269.64987
-8.04501,1,3269.684635
59.204778,80,3270.366737
151.215232,172,3271.746163
1089.589608,473,3275.461162
814.526097,466,3279.033532
45.600433,66,3279.533772
223.960988,182,3281.043995
58.729539,79,3281.629396
774.481825,410,3284.705215
802.303509,439,3290.08533
901.25393,413,3293.298937
719.770542,321,3295.739287
718.857851,310,3298.144495
718.425627,316,3300.558492
104.861413,125,3301.519684
720.412512,299,3303.917943
902.041574,417,3309.723326
58.932985,76,3310.334216
537.198072,355,3313.020761
104.175659,120,3313.91859
153.155129,129,3314.935883
57.763182,84,3315.604974
289.963225,192,3317.215238
904.755062,403,3320.328415
568.647493,264,3322.353258
153.562613,121,3323.280502
343.402553,245,3325.131902
332.313692,215,3326.84096
903.328821,413,3332.875064
145.795754,133,3333.929725
55.909522,75,3334.496695
625.343449,371,3337.384262
414.050756,269,3339.43086
101.071908,109,3340.241392
-8.078799,1,3340.28107
1088.919369,497,3344.123342
223.518317,214,3345.755112
16.365511,40,3346.072913
219.937328,182,3347.481243
759.533773,361,3350.375911
257.408599,203,3355.818716
102.28143,102,3356.684705
98.352437,93,3357.456718
720.358011,298,3359.702163
62.035884,77,3360.290671
719.991628,302,3362.622148
356.866786,242,3364.551803
285.136635,192,3366.003263
142.25594,122,3366.974324
297.559267,202,3368.540261
119.83503,143,3369.667401
152.798332,124,3370.646423
1087.123448,495,3377.400847
61.505692,78,3378.001861
-8.030323,207,3379.567462
47.418262,64,3380.10128
37.23352,58,3380.667297
58.562464,77,3381.285929
321.602672,207,3382.895553
902.658874,394,3385.917862
298.430562,197,3387.420097
99.411568,89,3388.095396
569.174766,270,3390.145661
80.556765,118,3391.069592
718.881952,312,3393.553941
35.823217,54,3393.966311
286.17936,190,3395.428049
43.119169,58,3395.865173
900.747155,414,3402.252625
45.729664,81,3402.910852
108.717973,103,3403.737038
568.452538,271,3405.798007
59.72278,71,3406.377886
104.258206,140,3407.547646
1088.844122,473,3411.252518
344.565104,245,3413.206357
508.038331,232,3415.002175
719.193633,316,3417.42285
57.23862,73,3418.010535
11.402156,32,3418.277365
47.638798,58,3418.715544
286.382172,188,3422.129239
276.374869,185,3423.654702
58.219271,85,3424.314384
358.279665,229,3426.114378
506.491136,243,3428.016453
719.451572,320,3430.482533
147.74159,124,3431.435078
-1.99916,88,3432.166668
442.458824,291,3434.449352
150.550991,134,3435.443079
121.347538,119,3436.325267
359.501614,223,3438.089701
902.091938,416,3443.325308
154.593783,122,3444.257723
198.615327,157,3445.440165
1088.098419,498,3449.243786
903.941553,415,3452.390037
285.885674,190,3453.874968
61.232461,78,3454.496638
338.09608,227,3456.218044
121.908862,105,3457.053451
1089.590199,490,3460.79457
105.091776,112,3461.667188
718.27479,315,3465.889752
-16.065563,1,3465.930938
284.359438,186,3467.48549
68.851628,78,3468.091841
774.627313,422,3471.353948
284.69096,202,3472.872272
150.973484,112,3473.742344
901.729383,408,3476.833934
1089.805962,493,3480.533382
348.770458,239,3482.34485
45.104581,65,3482.861788
1087.980011,489,3489.012387
718.635604,319,3491.406308
115.045604,102,3492.257806
902.067318,390,3495.226048
119.01527,111,3496.155751
116.817685,116,3497.056091
285.493603,200,3498.567396
58.618628,83,3499.259603
100.848716,105,3500.039033
569.367038,254,3502.046723
358.279595,234,3503.899002
79.324287,90,3504.685814
97.172573,135,3508.042981
299.17532,199,3509.655616
113.141246,118,3510.57562
1088.604782,503,3514.519225
569.209882,253,3516.425423
191.993865,144,3517.551903
902.742623,407,3520.639695
60.15793,76,3521.305557
718.090067,317,3523.746352
720.069027,307,3526.144441
414.188359,268,3530.377842
34.85256,60,3530.868052
1089.726371,488,3534.635947
57.984436,78,3535.264312
1088.368064,481,3538.85382
163.083282,177,3540.302303
68.609084,72,3540.886652
718.759375,309,3543.254347
59.971042,77,3543.887981
640.677509,369,3546.852223
103.476326,96,3547.573368
902.113271,408,3553.716387
58.958937,76,3554.292197
157.889848,148,3555.557357
359.22614,233,3557.334968
59.2871,76,3557.957654
44.208531,69,3558.518499
357.764762,235,3560.312703
1087.984566,499,3564.144473
285.166553,203,3565.736985
455.821991,288,3567.921672
718.268258,312,3570.391697
761.637385,348,3574.702338
1087.506757,490,3578.485541
1088.762135,490,3582.422025
59.727452,75,3582.977833
152.56216,155,3584.148928
569.729265,250,3586.047324
417.4432,266,3588.167175
570.692933,254,3590.032315
101.655733,109,3590.992438
717.889371,320,3595.721809
105.805319,120,3596.685709
568.730245,276,3598.794781
296.651761,206,3600.402045
903.20788,400,3603.479256
570.175452,262,3605.492
60.261091,74,3606.079102
238.513607,199,3607.640302
358.351883,228,3609.40863
719.136378,310,3611.90656
113.49371,109,3612.739234
718.861769,322,3617.520145
102.276698,102,3618.284073
570.222951,260,3620.334464
115.210325,140,3621.394422
416.779218,265,3623.483987
416.974859,266,3625.693122
55.919757,86,3626.355366
71.834473,79,3626.96079
252.334235,204,3628.475272
416.464628,262,3630.501008
-16.031958,1,3630.534259
299.419248,197,3632.068957
1088.621443,474,3637.690055
46.348023,61,3638.171743
94.995764,94,3638.928443
261.125777,212,3640.518416
339.461325,225,3642.283412
101.721857,115,3643.224645
23.755051,46,3643.587035
901.71675,401,3646.758337
114.576021,105,3647.59512
297.200547,208,3649.305574
94.149339,96,3650.094784
902.523679,398,3653.213922
149.326052,129,3654.287286
-4.1191,16,3654.430534
70.153703,92,3655.158159
719.094043,315,3659.940188
1087.82074,490,3663.687934
454.879367,311,3666.042044
569.403293,265,3668.054415
568.805147,265,3670.151959
1087.95304,485,3673.977746
719.243438,313,3676.361011
91.333298,95,3677.135302
287.683213,190,3678.661315
105.826831,112,3682.210475
369.753061,272,3684.250131
857.96976,473,3687.897882
60.215725,81,3688.505954
113.211274,109,3689.398138
298.496405,207,3691.011216
413.56881,269,3693.213366
61.108852,85,3693.879449
415.627054,267,3695.946229
58.509999,101,3696.816864
720.210276,316,3699.287403
1088.297941,489,3705.782384
57.056443,87,3706.446113
569.923381,272,3708.607355
285.493953,192,3710.131191
1088.145423,485,3713.918319
46.689888,63,3714.388793
1088.626235,462,3718.008412
570.021943,256,3719.957394
721.675806,410,3723.216306
393.250425,282,3727.965596
506.160167,251,3729.877355
177.576156,190,3731.351824
299.218477,208,3733.036282
568.236835,266,3735.162966
1089.177121,460,3738.71892
718.954537,307,3741.228238
719.053721,310,3743.664652
718.788095,302,3748.930069
305.77202,202,3750.491091
102.501362,98,3751.283044
505.075919,254,3753.20365
280.97744,196,3754.746171
60.657673,80,3755.372574
314.298659,216,3757.032406
718.645127,314,3759.548552
45.6136,62,3760.028553
565.154707,316,3762.460426
47.569128,62,3762.94407
59.688887,82,3763.628862
358.840679,228,3765.445512
0.478908,19,3765.609802
1088.424463,483,3771.334525
331.600394,215,3772.962385
1087.72745,493,3776.81522
285.9889,182,3778.313989
901.187945,401,3781.381115
279.179515,192,3782.840213
116.451846,123,3783.839194
902.042589,399,3786.88463
719.794477,314,3789.368304
506.931254,248,3793.437996
569.150696,255,3795.405531
902.690988,406,3798.491226
901.34143,399,3801.468694
717.978093,312,3803.917395
1091.795792,469,3807.489499
338.958706,223,3809.208816
146.077778,124,3810.142436
505.808833,246,3814.77588
339.954501,229,3816.524529
160.165348,131,3817.567465
1088.955713,473,3821.231994
1089.566471,470,3824.919283
1089.423175,472,3828.560441
214.414556,183,3829.945447
58.96681,76,3830.556869
718.902532,325,3835.066146
95.275595,93,3835.80512
569.680726,261,3837.851082
118.850843,121,3838.760062
58.15258,73,3839.353069
901.361875,428,3842.783873
47.36224,69,3843.30303
81.09639,79,3843.903431
118.763494,128,3844.897278
443.915103,271,3847.003996
718.760612,314,3849.491789
284.398475,195,3850.96428
458.459121,312,3853.378606
91.54355,88,3854.044382
56.680515,87,3858.285795
47.064667,71,3858.854693
59.108814,84,3859.521818
415.35685,261,3861.519649
505.087949,284,3863.760668
58.741051,73,3864.394023
59.385136,79,3865.071837
1088.382942,492,3868.905555
64.1692,74,3869.485213
567.014797,291,3871.762733
94.697762,96,3872.497126
902.501395,399,3875.613772
90.198065,100,3876.411194
96.976815,116,3877.324613
413.511497,262,3882.0208
645.353079,370,3884.938724
258.799868,217,3886.606829
57.428669,77,3887.227107
467.515201,308,3889.546094
-8.003557,1,3889.576257
901.623738,410,3892.748376
285.420321,209,3894.369377
1088.931043,479,3898.076628
1090.180134,466,3904.524488
720.141474,311,3906.889851
101.930484,112,3907.74488
80.018327,89,3908.465724
567.296099,288,3910.6495
253.606771,202,3912.264767
152.841862,134,3913.363691
815.421979,427,3916.642188
217.11034,171,3918.004268
58.083613,80,3918.63958
57.951729,71,3919.185042
80.453792,85,3919.903779
507.713168,235,3921.735884
114.37322,110,3925.587398
-8.022055,1,3925.640299
1088.712526,498,3929.531813
1088.420318,490,3933.304805
97.672379,93,3934.027049
223.944149,218,3935.684651
358.214211,236,3937.616414
1088.946966,492,3941.428229
901.508772,409,3944.557334
718.299818,305,3949.603541
94.053572,86,3950.272535
152.292806,163,3951.508801
1090.164112,475,3955.149409
115.145864,132,3956.216962
119.280613,106,3957.059437
1088.482107,493,3960.842949
901.13923,412,3963.977211
160.948251,128,3965.003141
88.297161,102,3965.825443
186.481533,150,3970.154272
800.73553,440,3973.65725
1089.166408,488,3977.485292
98.552305,107,3978.311331
569.695927,246,3980.227395
119.266865,125,3981.148433
298.175402,210,3982.785355
292.681714,200,3984.286605
506.100041,262,3986.27317
902.741267,399,3991.495601
719.517518,317,3993.951687
901.976118,398,3996.998683
298.2411,205,3998.546153
1088.044854,490,4002.430819
58.551512,80,4003.103081
88.797389,87,4003.763402
108.961451,109,4004.581799
59.915058,68,4005.103742
66.981503,84,4005.745977
295.11606,198,4007.355749
37.522479,67,4007.90167
901.024955,403,4012.408045
106.359083,110,4013.251233
1089.994988,497,4017.030199
59.348129,72,4017.678785
1088.24885,505,4021.604236
902.554765,392,4024.66074
719.611763,313,4027.040022
298.310146,213,4028.702267
58.530865,78,4029.339831
94.135965,98,4030.1546
902.735083,387,4035.634588
218.936846,173,4037.01843
95.888948,136,4038.103057
505.836402,270,4040.198883
59.681918,76,4040.810545
1088.515339,490,4044.738527
902.313508,409,4047.910847
241.477233,200,4049.388763
98.084568,95,4050.138737
718.233767,301,4052.383047
459.893427,313,4056.978354
142.122012,132,4058.038782
719.03405,313,4060.368693
155.028089,133,4061.507003
212.441731,202,4063.157394
359.466751,220,4064.855054
902.665016,389,4067.860064
156.854409,141,4068.968034
68.416073,77,4069.551723
27.245521,51,4069.947497
568.759325,269,4072.071723
80.284576,87,4072.770821
99.315705,92,4073.541644
1089.755907,472,4079.669362
58.817586,79,4080.299099
507.019508,254,4082.266824
105.104257,125,4083.278768
72.616161,127,4084.245693
26.384654,75,4084.861744
259.586716,249,4086.891457
151.555472,120,4087.850149
86.065201,107,4088.682803
1088.713657,505,4092.49272
337.457851,241,4094.312409
56.927479,84,4095.018173
413.038023,278,4097.215884
274.724079,184,4100.851136
58.793923,84,4101.519619
148.301612,148,4102.726635
442.746891,283,4104.978942
300.42152,201,4106.50109
567.528531,283,4108.751834
286.761,184,4110.170238
1088.197203,489,4114.025263
505.677336,275,4116.191213
117.025003,136,4117.288068
904.057886,402,4123.081798
506.551684,240,4124.919792
1087.82177,495,4128.726437
259.82429,212,4130.396382
157.209129,130,4131.457984
815.338308,463,4135.061532
155.410351,134,4136.082555
103.262427,97,4136.805775
901.64304,413,4139.942709
814.488612,438,4145.925416
1090.562484,473,4149.627393
154.253179,132,4150.671559
224.021561,202,4152.261719
-8.008863,1,4152.293031
59.161236,73,4152.875591
59.43053,80,4153.535125
69.44718,76,4154.134495
119.909944,109,4155.007828
58.864709,67,4155.582094
163.47549,146,4156.801667
901.164957,405,4160.044292
567.553934,279,4162.261331
416.141199,260,4166.976668
157.327091,137,4168.024988
152.920118,137,4169.132016
718.718558,315,4171.664686
59.423257,75,4172.23499
218.155453,170,4173.567614
298.127745,204,4175.127264
505.693771,261,4177.205165
150.7616,133,4178.20733
157.800255,127,4179.179349
117.992071,142,4180.301224
337.157963,206,4181.930624
252.628907,221,4183.613239
153.888462,136,4184.681427
60.228042,93,4185.391516
720.021281,297,4190.572601
631.182244,379,4193.602839
233.989041,184,4195.037181
26.959072,59,4195.494317
58.505814,67,4196.038783
674.847211,370,4198.86196
299.000849,203,4200.493759
902.725074,413,4203.656371
58.99279,78,4204.22049
115.207653,134,4205.345818
5.703136,29,4205.581758
80.29212,91,4206.288498
58.171969,89,4206.959732
153.941247,145,4208.033691
1088.765439,480,4214.805805
38.695152,77,4215.416613
330.705273,228,4217.190448
80.758443,86,4217.887341
1089.248803,471,4221.523079
59.938579,85,4222.27022
68.698472,78,4222.888261
49.306828,68,4223.451288
903.773481,401,4226.549844
85.409338,98,4227.350554
504.882242,280,4229.532826
57.895653,85,4230.205683
760.368216,356,4236.051041
58.316514,83,4236.717368
58.072148,75,4237.31691
23.781074,45,4237.675379
297.231047,202,4239.196587
800.082191,455,4242.793052
901.663788,406,4245.989767
150.557853,124,4246.954193
-16.072124,1,4246.985913
13.810683,40,4247.338283
281.99767,198,4248.80533
55.266037,79,4249.446409
719.42621,313,4251.906924
902.082213,383,4257.261333
569.440786,263,4259.277347
216.716963,169,4260.567969
339.297012,213,4262.358719
719.245868,313,4264.741454
120.079762,105,4265.632766
149.860598,135,4266.789675
903.39113,404,4269.890698
153.387206,124,4270.857173
902.476133,384,4273.803953
54.265283,355,4279.268693
718.16039,313,4281.689716
299.015208,201,4283.253748
292.008094,200,4284.851172
186.413572,155,4286.083108
88.717671,115,4286.983009
901.734169,400,4290.027342
719.050264,319,4292.481078
719.47785,299,4294.774139
1087.85292,487,4300.42736
904.106659,389,4303.39542
156.677601,139,4304.435121
720.483143,313,4306.833051
47.613001,86,4307.561692
36.012549,61,4308.066411
568.016076,270,4310.083262
251.666722,235,4311.8773
719.666598,309,4314.216709
285.150215,187,4315.592048
413.450253,263,4317.652131
94.566989,96,4318.398577
67.221572,93,4321.305855
44.855515,57,4321.748953
97.716181,127,4322.748387
119.856551,123,4323.645132
144.576693,136,4324.764633
1089.995319,464,4328.484179
-8.055257,1,4328.517475
568.154993,281,4330.641819
717.446149,322,4333.116841
35.318411,63,4333.623945
299.18978,208,4335.290982
80.765463,77,4335.876342
642.649294,384,4338.81195
717.309824,319,4344.234234
67.573165,141,4345.298707
260.157269,225,4347.009699
40.619877,54,4347.499301
284.253168,198,4349.030342
718.340178,307,4351.298637
27.628603,47,4351.774363
-16.058807,1,4351.807218
900.870028,406,4354.957569
87.42831,86,4355.64064
274.640944,186,4357.091059
399.900597,255,4359.113619
55.795478,80,4359.737958
266.408446,198,4361.182867
566.78612,266,4366.863119
173.45046,161,4368.122015
1088.944647,473,4371.767123
246.012347,210,4373.3886
640.771814,374,4376.304386
415.245343,268,4378.442367
759.205153,371,4381.285918
900.952738,419,4384.460687
901.23459,416,4389.873199
902.237602,395,4392.898248
58.279628,75,4393.538015
357.582673,230,4395.354522
297.470853,214,4397.076311
117.446322,153,4398.254215
59.460732,78,4398.86609
46.999236,76,4399.4715
156.048198,130,4400.51022
506.991008,255,4402.508013
565.744317,298,4404.859236
299.108023,202,4406.450234
1089.16338,490,4412.620719
194.420126,162,4413.840315
901.814563,411,4417.083398
902.342849,386,4420.076801
304.658092,213,4421.708752
34.710089,69,4422.25349
225.585318,200,4423.78431
719.95624,303,4426.10929
