#{"t_start": 1780571855.9946003, "env_id": "None"}
r,l,t
9.117415,451,0.384106
-3.436188,226,0.510199
4.362187,56,0.553472
12.413662,199,0.702838
17.12731,267,0.882329
1.508802,60,0.948627
-7.07789,25,1.042811
5.349064,26,1.177052
-0.039833,19,1.289269
-2.904817,16,1.41766
-2.722782,12,1.523788
-6.151661,10,1.584554
16.93378,38,1.769824
-2.899698,16,1.847467
-1.395131,14,1.933489
-3.742014,17,2.020457
4.704385,27,2.1914
-2.884265,19,2.285227
11.332383,30,2.424724
25.053881,42,2.61793
0.923719,16,2.732761
37.120785,48,2.975586
24.755713,43,3.158567
-8.001752,1,3.177025
19.891896,36,3.334701
55.953273,61,3.648123
14.873127,36,3.833619
25.05562,42,4.029014
25.291069,43,4.227289
35.185111,43,4.564056
29.391993,46,4.840737
-8.023817,1,4.860035
28.730647,41,5.118658
20.671067,35,5.290795
47.051251,53,5.542214
75.098375,69,5.867415
15.59578,36,6.026451
17.084095,39,6.199575
15.825257,35,6.357196
42.587716,52,6.588771
35.034272,42,6.802543
59.248427,62,7.058105
95.51704,75,7.403265
88.272914,72,7.714515
38.552774,47,7.926143
60.449092,60,8.190709
35.574223,51,8.410984
53.867084,61,8.646639
25.603299,42,8.863091
25.249642,37,9.007353
21.038112,39,9.172655
52.782089,61,9.468283
36.29374,51,9.695797
31.21205,44,9.909735
29.667131,39,10.069049
95.734733,75,10.40738
38.378295,47,10.596909
34.891257,42,10.796276
74.861428,68,11.104724
35.975081,51,11.338013
58.405488,59,11.582317
52.632309,56,11.85162
59.202679,62,12.139094
-16.030512,1,12.160006
52.522791,56,12.425092
95.862114,79,12.797972
56.42109,58,13.076111
48.015085,59,13.324559
28.967052,43,13.512867
103.09933,83,13.848224
14.786992,34,14.013912
0.883539,19,14.11555
25.02775,39,14.264428
55.503547,60,14.530341
100.884755,86,14.916796
50.501458,60,15.134765
54.916939,55,15.388314
89.830921,76,15.710624
67.662263,69,16.004251
55.619359,59,16.239165
71.055902,77,16.565127
-8.041346,1,16.583976
64.584219,61,16.840234
74.264111,64,17.120162
37.436626,50,17.335839
52.96068,57,17.596683
100.908535,82,17.922319
14.527805,34,18.063004
69.64697,68,18.364572
53.303567,59,18.58043
68.348922,69,18.884206
72.909748,64,19.137703
106.87512,83,19.511595
69.108899,67,19.783687
60.737166,59,20.042598
107.261874,81,20.386679
107.51546,79,20.710855
108.073155,82,21.052388
52.60561,54,21.277446
78.251238,69,21.578819
6.503909,24,21.69891
101.30174,83,22.036724
134.437074,137,22.582828
61.28606,63,22.84182
101.329541,78,23.200417
135.250739,133,23.91341
-74.475515,81,24.255254
101.043201,83,24.560833
176.802207,144,25.129214
69.362549,73,25.410824
112.098398,84,25.757207
100.852195,86,26.116972
71.896711,77,26.443647
69.990731,70,26.677203
54.615746,54,26.930724
25.545387,59,27.170637
52.960333,59,27.421486
71.669092,78,27.71165
68.346358,72,27.984997
69.166275,67,28.258645
55.560271,72,28.543331
196.275694,130,29.09056
100.380756,81,29.403592
100.7958,82,29.726898
71.198333,78,30.041372
3.152655,26,30.140466
101.035855,88,30.491899
51.604746,59,30.719315
68.112961,73,30.991219
67.736823,71,31.294147
71.186978,77,31.60171
226.965433,142,32.164462
59.749422,58,32.440023
196.233889,133,32.96547
52.81422,58,33.193785
-3.707221,16,33.28541
71.917075,78,33.575466
291.927034,173,34.274019
220.859955,146,34.866062
69.336335,71,35.14142
71.163635,79,35.423126
71.438725,79,35.716368
59.687165,60,36.009652
181.393915,119,36.481339
71.47125,76,36.743708
71.270183,75,37.050235
36.014782,57,37.269653
85.697029,75,37.539936
227.475969,142,38.143231
237.123307,143,38.718621
70.04714,71,38.99164
99.641474,84,39.337547
69.159329,68,39.605114
101.19148,82,39.935338
26.699183,47,40.101856
220.781539,144,40.746612
203.064643,129,41.245949
97.727483,78,41.561216
198.35551,130,42.050551
263.884708,164,42.698142
48.6607,52,42.897709
264.866589,165,43.547733
195.508865,129,44.072268
98.706788,86,44.395601
48.281678,55,44.631151
108.360127,92,44.99898
194.856377,133,45.467829
16.077791,30,45.596235
222.604225,143,46.218044
69.284485,72,46.509896
24.274591,41,46.679853
220.898532,144,47.24211
68.3086,61,47.523397
255.305561,156,48.244851
26.344656,52,48.473382
-8.037617,1,48.492141
47.533048,55,48.693752
82.005988,77,49.422078
202.036409,132,49.910406
264.953583,161,50.5231
-8.047019,1,50.54408
71.568831,78,50.882099
59.545341,57,51.126014
201.929259,128,51.607544
99.945132,81,51.933923
82.054973,75,52.221744
55.234694,80,52.53578
204.728955,130,53.031418
69.311293,72,53.27169
50.829144,57,53.526042
70.501351,71,53.79271
201.986167,131,54.297481
179.002652,125,54.80145
222.417523,147,55.375185
85.381295,74,55.663766
100.071308,80,55.980162
82.224928,74,56.291294
70.522535,73,56.563768
99.883494,81,56.878743
100.23525,90,57.215201
202.168813,131,57.730221
36.51714,55,57.934125
201.856268,128,58.446659
201.928209,130,58.947294
52.774509,59,59.194863
108.551918,87,59.567572
52.734385,73,59.879724
-16.038132,1,59.900381
59.442221,61,60.149979
57.669439,64,60.378847
179.843853,122,60.852111
24.410905,37,61.008726
76.297326,70,61.29699
221.137378,143,61.808929
34.942703,54,62.053117
26.074876,51,62.249782
202.990025,141,62.819365
50.126337,53,63.024652
211.491007,137,63.565364
202.934843,129,64.069332
71.393547,76,64.351605
61.354685,58,64.582063
53.181552,74,64.891326
104.514972,89,65.212878
108.715584,87,65.565075
68.570982,61,65.814292
104.417867,87,66.178297
108.879274,88,66.512074
25.740919,58,66.748952
202.149455,127,67.234858
201.797726,129,67.730798
47.76329,57,67.941465
180.281707,125,68.429918
55.120342,77,68.725127
201.504221,140,69.254097
23.834229,42,69.428083
52.310305,68,69.69945
103.712282,85,70.022927
70.986343,75,70.304822
100.781625,83,70.661314
50.642028,59,70.879825
100.428179,81,71.184479
100.188559,87,71.565232
103.731016,84,71.897327
51.528024,71,72.16665
51.803512,73,72.456449
52.76697,69,72.735132
52.991596,75,73.01229
53.00605,59,73.254725
213.702616,139,74.173315
34.400179,61,74.420631
228.093143,144,74.952682
195.751964,133,75.481333
213.616733,134,76.010868
203.036341,129,76.539193
52.937945,54,76.76159
70.32956,72,77.068562
243.928328,149,77.629586
51.689836,75,77.93187
118.791388,97,78.312785
53.395518,72,78.604578
67.711265,76,78.909986
105.712169,87,79.264868
222.801567,145,79.796257
201.685326,133,80.299443
70.510914,75,80.58059
100.752357,83,80.909029
229.636663,150,81.493905
105.275885,88,81.847225
195.164492,136,82.3606
195.88886,137,82.874392
229.694041,151,83.463704
-7.996062,1,83.484948
53.408866,69,83.738691
53.336119,71,84.024945
100.411919,84,84.366609
194.641467,137,84.90194
68.699609,70,85.178684
243.622437,151,85.765893
103.972171,86,86.076807
195.911038,138,86.621803
196.651618,133,87.12694
222.706693,142,87.666563
195.863202,135,88.179433
245.255736,154,88.747996
194.327362,137,89.262372
108.788784,90,89.619389
69.864515,71,89.878209
222.563536,141,90.45314
69.618489,71,90.710003
51.061171,54,90.943269
60.022024,62,91.201848
101.795015,86,91.551936
126.604267,100,91.936141
59.776182,60,92.209693
104.562194,91,92.622223
118.965599,98,93.019832
111.625238,94,93.365103
222.510436,143,93.904524
71.103375,79,94.222645
70.51524,76,94.51317
103.100233,84,94.827731
59.934995,59,95.090806
69.321926,69,95.363732
100.481369,84,95.711381
220.83346,146,96.280523
263.577856,157,96.858608
290.432684,177,97.56546
222.570949,145,98.104735
69.711369,73,98.377111
55.821766,75,99.088204
203.075104,137,99.578563
102.927397,88,99.921057
264.710695,163,100.591393
69.591776,73,100.858875
71.65372,75,101.148904
103.963384,87,101.461054
264.644005,158,102.061101
15.255998,41,102.224134
70.286973,69,102.480479
101.908484,83,102.814002
111.764667,92,103.238718
119.458917,92,103.598869
222.763626,140,104.115621
69.660808,73,104.400555
229.60921,144,104.945062
203.273297,138,105.481973
72.103129,72,105.755538
202.149111,134,106.31468
100.721778,83,106.647821
71.343729,78,106.93148
101.098665,81,107.245662
112.844611,95,107.621225
69.651302,72,107.894392
61.467767,61,108.145088
71.52318,79,108.483668
69.721049,71,108.759784
72.292783,73,109.03503
72.226454,76,109.325334
195.42516,135,109.815644
55.767065,74,110.117988
56.668806,69,110.36803
202.828844,139,110.890874
69.658664,68,111.174917
71.444052,75,111.439646
56.458168,68,111.708495
264.114368,158,112.327348
100.831643,85,112.682148
104.408885,81,113.014957
126.371005,99,113.390591
229.783226,146,113.941826
55.528646,75,114.242469
111.620727,89,114.585236
196.376133,130,115.08479
69.173721,70,115.360367
104.043279,86,115.700274
265.392193,159,116.282805
104.053592,87,116.616062
194.802002,133,117.115005
109.008736,90,117.483275
112.159597,96,117.872706
69.145144,71,118.15542
196.049303,134,118.668764
53.024906,66,118.92127
202.991761,138,119.432032
109.160544,85,119.777483
202.192959,137,120.321683
264.10014,168,120.967092
264.964732,163,121.597548
118.023642,93,121.963233
69.432011,71,122.223497
108.807628,87,122.568184
35.692987,55,122.798167
118.747439,96,123.170922
70.600274,69,123.833746
210.943052,135,124.349475
70.691067,67,124.607946
229.453259,142,125.171692
108.920377,88,125.50743
59.902901,61,125.764926
72.22303,75,126.029224
71.964808,76,126.320441
229.624913,146,126.844654
203.021032,137,127.358388
272.336775,166,128.005437
180.789125,125,128.493484
229.701364,147,129.035054
99.958882,83,129.378702
70.294934,72,129.656367
59.873121,60,129.890108
101.973307,80,130.20068
100.907729,85,130.512746
263.615572,164,131.153934
53.171926,64,131.419591
55.696868,70,131.667947
112.785346,94,132.065138
203.353396,135,132.551769
72.714958,72,132.851356
36.229743,54,133.082149
179.594753,127,133.593622
97.857948,78,133.903566
56.16857,66,134.16732
202.447236,135,134.683797
71.782079,77,134.983457
72.091057,72,135.260501
70.16016,71,135.543887
230.093269,147,136.078534
118.544954,97,136.45973
56.545863,71,136.712019
101.202159,82,137.029051
72.687124,71,137.310822
229.6169,148,137.873322
55.110538,72,138.133247
230.115715,148,138.691523
69.746508,70,138.956693
56.530336,68,139.247969
69.667965,70,139.530196
203.201517,138,140.057549
204.252529,137,140.572857
69.705098,70,140.842844
116.426822,89,141.191666
69.539306,72,141.431537
109.149389,90,141.815728
245.600227,156,142.378628
70.068171,71,142.676762
-8.098386,3,142.702315
119.055,95,143.047455
69.57014,66,143.317787
264.751544,159,143.91528
75.958935,78,144.203923
-16.056721,1,144.222828
101.302964,81,144.567869
119.215561,96,144.964918
100.964474,84,145.268174
72.331127,70,145.539147
72.179966,74,145.812569
71.803734,74,146.085699
229.915088,144,146.637954
69.331564,69,146.90446
70.505607,70,147.182305
69.536883,69,147.447367
179.483103,123,148.343497
101.103946,83,148.656751
71.726511,74,148.93381
263.083599,163,149.548594
109.471316,85,149.917613
71.326902,72,150.188717
73.030583,71,150.453058
203.588407,136,150.94183
264.89212,158,151.522467
59.988265,59,151.780789
104.143623,86,152.112414
14.890772,32,152.248568
56.038095,70,152.511563
109.06852,85,152.823142
100.96428,87,153.157564
201.897259,137,153.683727
202.183924,140,154.225802
70.433074,72,154.506187
103.896304,88,154.858705
103.384459,86,155.203963
104.23893,83,155.511675
112.668205,93,155.925746
69.836923,74,156.216082
75.984713,75,156.501666
70.549743,67,156.752626
101.102914,83,157.092432
103.26053,89,157.459188
72.096236,71,157.716819
102.103576,81,158.053628
229.502519,147,158.583266
229.868943,147,159.152917
52.978604,66,159.430501
202.157401,140,160.023948
203.123969,141,160.623828
70.524283,72,160.906452
237.301554,154,161.497731
70.300845,70,161.790594
202.98671,140,162.345829
231.527903,147,162.900058
103.781634,85,163.246521
75.629339,76,163.54603
264.357891,162,164.162278
203.078928,139,164.748611
211.477718,137,165.273784
71.34134,77,165.557394
69.214424,70,165.834548
110.624231,89,166.182847
60.996541,69,166.451366
109.178794,87,166.790217
263.90468,163,167.406261
103.77149,88,167.726872
71.388205,75,168.02507
103.210112,86,168.428342
116.067792,91,168.744783
71.495758,74,169.043472
100.92934,86,169.382974
202.053574,139,169.890066
66.553067,65,170.178202
72.387674,78,170.47361
36.351297,56,170.700297
237.538316,150,171.263202
34.577161,53,171.478125
291.339094,174,172.109622
108.922706,89,172.483853
195.66308,136,173.193903
202.79256,140,173.723457
101.06333,81,174.009829
180.664512,130,174.517276
263.356985,156,175.137287
72.36325,76,175.406809
203.038866,137,175.932657
291.267199,180,176.570652
71.676466,77,176.878619
15.600992,36,177.02476
229.849284,147,177.573196
116.079523,89,177.927956
236.720663,157,178.520186
71.642308,73,178.798807
118.541122,99,179.155541
61.225562,69,179.446721
116.064816,91,179.805915
72.540037,69,180.073869
72.076955,73,180.36688
118.879353,95,180.730434
109.127595,85,181.089635
108.674857,91,181.435678
72.587105,70,181.681495
211.734291,132,182.195935
185.698492,130,182.702511
230.170934,145,183.258995
222.962655,140,183.804268
57.960079,63,184.035994
212.951344,132,184.554806
263.590904,160,185.175313
69.492962,69,185.444728
231.071917,149,186.018963
104.013772,83,186.343805
125.85689,103,186.756322
55.760449,87,187.081689
69.024406,72,187.340596
103.965291,89,187.690767
290.124808,184,188.373232
185.72087,135,188.889483
71.784103,78,189.221723
292.277578,181,189.898718
72.56622,70,190.165663
229.989905,145,190.753838
203.15783,136,191.244321
229.491433,156,191.827197
-8.054493,2,191.849312
144.804752,110,192.278199
230.020141,146,192.80317
290.758196,177,193.508345
100.53456,86,193.838454
61.555384,65,194.082362
108.756174,91,194.459281
180.836077,125,194.973999
73.243226,74,195.245583
73.125662,76,195.572731
70.203344,71,195.845209
185.732362,131,196.345099
103.742927,89,196.66123
36.269497,55,197.113257
61.005695,65,197.368807
55.913278,73,197.666815
116.014057,91,198.038796
61.652104,68,198.273373
-16.033421,1,198.292477
103.743403,87,198.642358
112.475878,90,199.010791
264.818781,164,199.629783
230.264279,144,200.176116
62.377956,64,200.395612
291.820496,182,201.08611
236.085127,160,201.773537
71.123656,78,202.083846
203.490772,134,202.579488
104.170072,89,202.934063
-8.023857,1,202.952919
72.104894,72,203.209855
35.976239,58,203.472002
116.183089,89,203.793418
265.117668,157,204.391476
309.082079,180,205.065834
35.662822,57,205.284885
202.840029,138,205.811338
203.287395,138,206.341246
265.343596,161,206.941566
57.41323,71,207.225307
56.258576,70,207.478142
106.22574,82,207.82074
72.003147,73,208.062505
71.816936,73,208.369609
105.289248,84,208.681425
132.466174,100,209.051483
105.079832,81,209.40081
264.510063,169,210.038412
291.511564,177,210.702093
187.255544,128,211.195219
104.113188,84,211.52731
56.657299,67,211.79519
69.644834,71,212.076557
-8.031845,1,212.095917
116.073078,91,212.464951
35.073584,57,212.654394
57.044485,71,212.923305
-16.029249,1,212.942818
-3.920239,75,213.2336
56.423547,71,213.506235
204.149192,139,214.028379
275.130965,164,214.662319
56.920705,74,214.939005
103.790005,87,215.29363
73.124694,70,215.563383
180.748524,127,216.061961
187.456327,130,216.564075
77.139917,78,216.834778
187.763714,129,217.319649
-0.427755,84,217.652383
-16.037018,1,217.6711
186.408344,124,218.106289
907.279472,373,219.54154
131.590468,104,219.938538
290.198753,179,220.590423
72.916428,70,220.83059
116.28236,88,221.585049
-16.000416,1,221.604346
291.630465,179,222.253513
230.540937,140,222.790355
104.691824,86,223.096714
103.942108,83,223.408018
143.120404,107,223.825945
104.034741,86,224.147908
291.282113,173,224.8562
147.391729,110,225.281713
14.750725,30,225.392624
56.431777,69,225.624073
57.196326,72,225.964581
203.760657,138,226.51711
120.394646,93,226.855934
108.891148,86,227.176263
56.091394,72,227.439575
290.599509,172,228.110299
203.302261,139,228.64866
236.668864,159,229.247677
56.358077,69,229.528011
76.234886,75,229.816098
203.087402,141,230.344113
75.661029,78,230.650049
202.873983,133,231.15815
290.651951,182,231.815567
137.243477,105,232.25282
104.09658,83,232.565526
235.808339,151,233.144202
187.425946,124,233.609721
-8.047739,1,233.628638
291.609035,177,234.337276
185.754239,128,234.803477
202.539712,139,235.333648
181.054521,122,235.805596
58.395496,76,236.090963
203.364529,138,236.640311
295.175653,177,237.296407
72.181851,69,237.554474
721.75242,291,238.629349
72.399168,77,238.938023
72.209059,69,239.175754
139.329769,103,239.574094
64.144195,67,239.805231
76.404892,83,240.132215
136.515833,105,240.534579
282.002501,172,241.173948
57.305086,67,241.436553
231.004849,146,241.995517
185.923063,128,242.464608
143.853014,104,242.838359
291.122717,178,243.501696
721.348382,293,244.538904
186.10326,121,245.048714
185.886264,130,245.958204
721.3498,298,247.077542
136.981101,106,247.464517
245.954819,149,248.010233
76.479803,78,248.300341
138.250305,106,248.718454
241.860113,163,249.311445
73.081816,72,249.563735
104.935784,83,249.884936
185.697639,129,250.381946
243.191197,154,250.932421
63.160564,70,251.209725
251.276723,154,251.787699
77.192757,78,252.062685
141.394741,105,252.446872
62.214028,69,252.708935
-8.032372,1,252.728284
203.514421,138,253.269841
237.172577,148,253.817741
77.290777,79,254.13198
236.265502,152,254.727354
77.309576,78,254.984288
292.204059,173,255.636363
72.454801,71,255.911648
146.403531,106,256.308589
76.299529,81,256.610369
36.005546,59,256.81949
401.928672,238,257.751444
104.355634,82,258.053049
187.412574,127,258.523252
145.534833,110,258.921419
61.65227,67,259.190754
56.31489,70,259.427824
247.218131,155,259.966484
77.014348,77,260.24037
-16.006313,1,260.314447
289.157807,180,260.972454
212.461899,146,261.51515
245.756176,150,262.091349
36.673815,52,262.27604
83.12314,81,262.56793
723.167077,287,263.65247
137.80867,110,264.085751
401.560311,241,264.967416
803.070878,441,266.567489
246.929601,171,267.195561
865.547116,475,268.907757
279.934177,166,269.920904
104.745925,86,270.266171
222.486409,147,270.803885
241.839869,154,271.346872
240.65393,161,271.919578
59.429671,72,272.169767
109.124703,89,272.501653
76.118807,78,272.758299
249.955043,158,273.330113
59.370469,77,273.629308
83.326405,82,273.906734
104.797203,82,274.205986
294.847852,178,274.827845
72.705674,74,275.100248
241.969162,158,275.674836
291.950802,176,276.320775
109.408963,89,276.682261
266.450719,165,277.259878
721.90341,278,278.256258
307.70192,182,278.892689
83.21273,84,279.224077
108.269748,88,279.529682
84.359612,82,279.827721
248.79026,159,280.408944
666.923386,382,281.795531
858.132947,457,283.54217
113.412127,108,283.900962
292.636166,182,284.548767
211.66196,138,285.023985
105.135919,81,285.360399
72.919146,69,285.609621
59.136669,81,285.89561
265.270281,181,286.575037
347.348752,206,287.313146
77.738966,75,287.592546
294.555273,181,288.335108
57.979797,73,288.581393
104.155865,84,288.888976
712.687012,385,290.270559
84.71277,82,290.573586
266.140363,176,291.183918
721.941256,295,292.643592
113.197593,101,292.994295
281.66189,166,293.608333
146.207291,107,293.998476
108.070036,84,294.316304
292.282479,171,294.985607
721.576088,292,296.001555
83.263229,81,296.340369
246.551309,166,296.91949
82.696341,83,297.219813
58.292589,81,297.53561
141.19576,107,297.949766
61.4189,72,298.207481
77.915258,73,298.463569
247.393562,171,299.061719
904.8582,390,300.46022
295.010712,185,301.128953
108.185676,82,301.449318
906.576023,385,302.908816
281.436461,174,303.524107
294.4808,178,304.203676
1092.066248,446,305.806323
144.322701,113,306.238476
109.33012,85,306.569728
59.024103,73,306.841736
292.386506,175,307.456607
144.439445,111,307.887655
113.708403,87,308.21302
58.935248,79,308.485401
248.941886,165,309.090025
108.560413,85,309.385763
290.854747,174,310.019366
722.024254,281,311.007648
721.522778,295,312.011086
58.567023,83,312.343061
111.586337,91,312.683164
291.703328,177,313.362629
905.619443,378,314.717671
569.985998,228,315.913037
296.339018,176,316.526464
1090.493041,469,318.204904
113.737331,87,318.551069
513.518753,283,319.584542
418.647946,241,320.431741
59.600133,88,320.773003
265.3825,179,321.397885
108.491074,84,321.734133
720.838816,291,322.830985
107.137699,98,323.155509
808.92061,428,324.669096
1091.229779,468,326.29529
347.478247,204,327.014117
72.331922,77,327.316664
144.236893,110,327.736288
108.485069,88,328.048816
1090.529918,458,329.725278
-16.047731,1,329.744563
291.733899,172,330.372722
570.533321,219,331.175763
142.163288,109,331.588387
290.132174,178,332.213131
293.070511,179,332.814088
568.298815,240,333.697217
112.587491,87,334.039295
245.860441,177,334.667032
721.11487,283,335.631491
112.753076,101,336.002424
-16.033751,1,336.02175
570.120912,226,336.823102
93.202681,85,337.139382
146.467081,105,337.555401
721.987259,290,339.008549
59.550363,78,339.289048
59.527582,78,339.590696
569.289038,232,340.429223
113.769363,89,340.745894
147.20012,109,341.149702
266.327651,177,341.783104
1.44025,88,342.118081
1090.435967,456,343.775076
568.610177,226,344.587319
1091.78747,441,346.198809
232.424528,153,346.7548
721.296715,283,347.709348
139.226892,97,348.088521
115.377606,106,348.467424
120.296018,88,348.800136
113.465445,108,349.203098
114.057472,105,349.568132
906.988472,380,350.909455
148.330728,126,351.363092
120.086268,91,351.689858
948.815178,404,353.117769
1091.402649,465,354.830653
297.791647,174,355.477507
290.821305,173,356.078779
721.163863,294,357.067071
235.016153,151,357.634799
721.190083,292,358.657926
142.311081,111,359.064335
57.618958,86,359.378474
59.835394,77,359.678886
109.397031,83,359.95867
905.62377,381,361.723353
293.436668,181,362.419333
1090.727488,463,364.066784
904.559001,375,365.443305
1093.161585,476,367.096171
906.694637,396,368.452429
569.360646,222,369.194504
-1.621186,80,369.496385
4.782035,80,369.783584
250.494034,167,370.357906
1091.315817,472,372.043768
58.470894,78,372.320041
59.170419,69,372.589392
568.883364,224,373.413136
1091.503605,441,375.006947
904.935362,375,376.277125
266.763311,171,376.884325
114.488048,98,377.22479
292.19089,174,377.871257
83.105402,84,378.195058
-16.03623,1,378.217779
906.293982,370,379.510529
1090.639576,472,381.163368
59.962985,75,381.410625
59.545582,73,381.659284
763.751953,336,382.855782
720.472996,289,384.231407
246.802016,167,384.829346
2.586838,73,385.073184
275.980334,168,385.66965
1092.790621,481,387.383363
58.402091,76,387.658172
249.981863,163,388.281939
298.637912,181,388.918592
721.463338,279,389.925096
290.910436,176,390.551472
722.055003,291,391.545964
418.928425,238,392.386758
721.337676,290,393.412694
720.843086,288,394.446239
569.476704,218,395.254413
290.66989,171,395.896243
721.911563,288,396.914588
721.698178,281,397.941017
34.831568,53,398.152257
293.393849,173,398.762877
569.504964,219,399.513089
420.353963,246,400.389955
764.730084,328,401.534672
1092.307998,429,403.012614
1091.538856,452,404.616257
270.367914,174,405.193041
84.247628,80,405.501154
721.985469,284,406.869051
116.56209,101,407.220708
84.280818,85,407.520434
905.856931,376,408.841548
157.516363,117,409.262543
278.286815,189,409.939599
508.037131,205,410.649774
84.561581,81,410.916776
278.62009,184,411.596088
509.126334,205,412.284456
509.244065,201,412.968768
153.178848,115,413.375627
296.048628,179,414.027673
333.285235,200,414.738843
722.043176,284,415.733224
570.220358,228,416.540993
296.220767,183,417.180054
268.366278,185,417.863849
57.640607,73,418.121475
1091.472586,467,419.748137
763.170593,322,420.865698
1091.228109,474,422.555542
906.412263,374,423.846237
427.08079,246,424.710261
1091.77679,467,426.349522
905.201771,387,427.692474
-16.003908,1,427.711547
568.576285,223,428.525683
905.455755,376,430.174799
59.856021,69,430.416735
221.285327,166,431.009745
214.735771,146,431.524633
949.160055,401,432.895359
722.065328,286,433.924697
570.781565,228,434.712325
906.043244,378,436.030858
84.348607,86,436.313779
1091.424239,469,437.953784
948.414983,409,439.388646
905.132446,372,440.666767
947.962007,390,442.044763
90.754098,93,442.367677
283.248678,183,442.993075
904.868237,380,444.325864
1091.457911,467,445.972976
509.203597,205,446.693958
569.383932,216,447.430727
508.691262,205,448.154416
214.545705,142,448.638412
907.412149,376,449.960432
-0.034835,77,450.250255
569.543718,221,451.421126
949.373393,400,452.80176
59.477117,77,453.063653
15.593507,37,453.197694
-5.940939,12,453.250464
58.336921,69,453.501686
220.283195,163,454.066481
1091.355194,464,455.660235
156.044142,110,456.049274
721.741309,285,457.049538
348.470561,204,457.785768
570.884532,216,458.507383
905.68258,372,459.827512
907.826213,368,461.109651
250.034465,164,461.692741
764.538924,319,462.818538
58.996572,69,463.090827
27.831306,46,463.255855
1091.045901,457,464.832111
60.030743,69,465.087807
58.917505,70,465.32304
1091.545593,460,466.928298
905.60503,368,468.202115
-0.291307,77,468.466971
569.779828,232,469.324532
763.285237,320,470.448753
296.978886,195,471.157143
155.512571,114,471.53543
59.041701,71,471.780005
570.559172,233,472.630143
215.462828,147,473.184352
