#{"t_start": 1781039129.5978017, "env_id": "None"}
r,l,t
1.739138,478,1.771099
13.965715,442,3.466718
-12.627814,330,4.793642
0.136674,241,5.74881
-8.033829,35,5.894734
-14.550794,387,7.418995
-23.246706,380,8.900992
-15.944686,381,11.727649
-5.669932,44,11.954314
-118.514709,998,15.826443
-1.471131,132,16.33151
-5.634661,241,17.247979
-106.624575,1385,23.983591
-44.812749,600,26.29772
-69.623039,721,29.019495
-20.692082,300,30.173992
-43.587291,519,33.572798
-46.396654,600,35.880936
-65.221221,600,38.298234
-17.603892,226,39.162446
-24.890336,300,40.295188
-26.14718,300,41.464314
-30.07438,300,42.576709
-25.503565,300,45.152911
-75.941967,600,47.520651
-20.095232,300,48.65321
-54.374814,600,50.930665
-17.814583,300,52.082287
-25.412766,300,53.292129
-93.277732,1200,59.253781
-19.004691,300,60.387211
-18.851069,300,61.521449
-28.023071,597,63.724658
-21.798955,300,66.704192
-52.335029,618,68.994949
-22.701362,300,70.099094
-8.068141,1,70.119486
-21.523535,759,72.924618
-33.532067,300,74.146786
-30.59211,300,75.31982
-25.177372,300,78.047902
11.011781,588,80.221104
-39.242337,900,83.570817
-35.975524,900,88.645861
-3.127607,14,88.719695
-6.066584,232,89.60235
-40.935022,600,91.946857
-0.426402,36,92.102462
-3.969316,47,92.309857
-14.499624,1200,96.850888
-33.740821,580,100.916341
22.256541,1200,105.490392
-11.765842,78,105.793455
-4.474946,13,105.856633
9.144112,214,106.658816
-0.113474,27,106.778733
-41.020794,600,109.167575
37.705101,235,111.639903
27.259016,297,112.73191
-70.660364,1200,117.330302
113.648678,1500,124.364848
12.11897,301,125.505732
22.501856,137,126.047562
55.397812,294,127.22919
3.749456,60,127.454838
22.263177,504,129.336599
15.470117,136,129.872635
4.542368,54,130.094893
77.216965,427,131.747203
-3.967965,189,134.665512
42.155063,600,136.980372
10.348084,339,138.326614
-71.244032,600,140.692453
2.460043,40,140.853193
11.268412,113,141.306064
29.371922,600,143.749899
-60.909993,600,147.405187
-77.898025,204,148.249044
9.3439,43,148.468265
44.698338,465,150.40994
10.439046,166,151.171453
19.78941,116,151.704676
33.493786,90,152.117246
64.047201,152,152.753765
61.3419,201,153.624362
-44.614019,600,158.283749
42.140246,122,158.840771
8.266548,66,159.127292
12.587357,104,159.581551
55.813945,420,161.368589
48.765319,202,162.264085
13.640363,211,163.196952
38.263605,214,164.053143
46.733023,524,166.250286
62.282895,223,167.143962
32.338921,234,168.030224
14.224498,425,171.409038
-7.773937,600,173.852295
52.580164,237,174.780228
3.453352,34,174.955616
40.43455,145,175.579664
49.022911,274,176.713664
42.610099,186,177.574705
79.193966,286,178.785093
63.548964,369,180.382835
105.735698,374,183.720478
-59.546482,900,187.541572
188.041279,399,189.260398
84.449212,172,189.941632
3.695507,240,190.930716
14.823516,46,191.128298
66.49321,178,191.893028
31.684749,105,192.350685
-8.608181,330,194.703865
76.328922,153,195.364332
-16.04439,1,195.387855
4.129262,29,195.508656
19.916946,119,196.05444
20.206574,600,198.544349
26.735457,63,198.845995
42.950232,130,199.424196
43.878643,130,199.979782
51.678046,99,200.429639
100.462033,213,201.406044
115.583489,252,202.391555
-12.323381,367,203.893085
3.327881,31,204.029419
-49.378243,198,205.907429
110.622349,240,206.903548
52.489427,184,207.700255
29.325035,215,208.634059
20.677193,82,208.95171
28.70154,154,209.558035
20.681877,80,209.916031
188.270618,348,211.319106
42.943196,93,211.699462
15.026259,45,211.907857
141.935254,707,214.977821
86.697523,148,215.636568
3.467472,34,215.827358
43.683336,290,219.616287
82.833486,203,220.423065
17.671012,570,222.765655
-10.390737,486,224.744004
90.665621,164,225.541075
88.774487,183,226.278284
62.250227,176,227.056934
86.509028,448,228.946251
76.738674,172,231.082582
83.551096,180,231.865993
25.466322,600,234.300025
29.549541,900,237.99919
202.442152,900,243.655915
-28.432357,600,246.118899
266.091899,691,248.957741
47.042314,137,249.517104
196.510355,358,251.061348
187.14895,425,252.902897
4.012983,600,258.571083
161.594328,621,261.122533
45.09585,116,261.668137
84.4383,158,262.326339
25.441384,426,264.170085
167.560233,424,265.930546
57.13288,370,269.909089
256.225682,624,272.56265
34.261496,99,273.073323
96.410575,214,274.059281
44.216609,121,274.567783
-15.823744,517,276.765659
195.427057,305,278.0659
30.402956,89,278.452991
29.549915,323,279.871139
64.55783,245,282.245294
96.035026,312,283.598568
177.617522,269,284.769136
46.557989,146,285.415108
260.463594,492,287.594731
258.195478,523,289.875047
3.145866,28,290.006533
269.926507,561,293.811275
206.464089,332,295.243345
67.639956,228,296.222047
98.415252,196,297.076853
57.938141,112,297.551724
14.487252,53,297.803426
201.409482,266,298.900886
173.820881,303,300.218158
90.687544,192,301.032851
102.508079,244,302.122418
43.357154,81,302.494205
45.296131,103,302.965125
205.421693,349,304.484498
53.060797,154,306.65921
200.521077,280,307.808455
32.772566,100,308.261173
43.802441,87,308.655175
63.350951,112,309.147168
50.945555,367,310.692563
102.776753,256,311.822919
192.315191,257,312.900272
308.86212,580,315.349993
77.849665,206,316.241965
20.169348,252,318.31224
304.797215,580,320.736864
33.991029,86,321.138996
99.797753,189,321.985945
194.24721,238,323.047009
206.807924,302,324.332927
108.911972,239,325.301936
15.534472,40,325.514954
30.446829,81,325.874575
165.092275,276,327.029329
43.800029,118,327.540005
59.901449,90,327.918735
266.207878,466,331.124823
105.628969,242,332.243838
70.244207,149,332.897089
229.94924,362,334.432139
58.130146,116,334.928439
94.217785,212,335.867955
36.517798,107,336.34992
33.107973,93,336.7636
44.908747,92,337.16284
14.977048,42,337.36567
71.962094,127,337.916307
165.607847,289,339.178448
203.579331,285,340.477374
25.041805,67,341.46005
228.972582,382,343.150034
262.83002,411,344.906248
47.656959,85,345.270651
334.673635,524,347.517742
76.102479,196,348.331898
94.480379,347,349.822952
78.334178,172,350.561198
71.944042,123,351.075637
562.467211,770,355.878457
576.215051,793,359.250397
-21.193703,250,360.33236
165.476347,600,362.895269
-8.827624,182,363.658574
112.515505,186,365.563759
233.55248,570,367.993099
110.73851,204,368.903221
875.090914,752,372.102503
194.215096,208,372.978304
47.957813,84,373.338685
106.423521,135,373.999079
78.30325,149,374.713217
20.214149,47,374.930529
47.789734,70,375.246253
636.327041,760,379.569576
19.921152,48,379.806293
108.392627,168,380.543247
192.638574,219,381.544328
239.651317,279,382.791074
198.604852,240,383.873763
35.245756,69,384.177303
187.107429,226,385.195747
110.953989,208,386.102703
72.763409,110,386.606082
62.32224,84,387.006775
112.980861,136,387.641986
194.64117,199,388.476293
43.034147,62,389.973475
15.023654,44,390.163512
47.276256,78,390.592324
33.519779,60,390.861988
185.645258,202,391.778375
143.292739,260,392.965894
241.545843,278,394.35866
48.125264,97,394.903074
107.793076,125,395.510181
47.905979,86,395.888637
63.990897,103,396.346413
361.452652,419,398.22568
665.609823,706,402.420702
-29.66523,134,403.044321
26.185459,55,403.268741
79.547299,105,403.720412
265.809732,312,405.132828
45.201058,75,405.436188
93.136151,108,405.891281
47.886688,98,406.321123
46.540017,67,406.650539
173.031524,182,407.405403
116.567297,600,410.001643
48.963345,84,410.357477
82.472953,186,411.170154
216.425088,372,412.796057
109.435022,217,414.79943
65.766685,79,415.129895
206.946864,228,416.117993
1059.420638,901,420.078368
86.473631,186,420.920821
1062.82398,888,424.657591
45.428474,71,424.973968
171.087914,168,426.878847
128.228776,168,427.626465
282.175232,250,428.686826
51.806998,165,429.441057
49.000685,90,429.838187
263.850049,252,430.870013
-38.547668,163,431.558427
176.411633,191,432.385455
-16.011721,1,432.484373
280.132155,263,433.625677
107.631652,137,434.250415
71.724112,85,434.647041
70.251024,214,435.601773
48.715129,75,435.916681
1065.557551,830,441.131946
73.527257,103,441.55285
14.121209,39,441.733042
65.960686,66,442.005016
77.376803,88,442.383775
104.489438,119,442.91625
88.342195,116,443.455453
208.195034,196,444.309677
88.310824,147,444.975598
694.965269,604,447.599654
64.869411,73,447.949953
328.151728,373,449.554214
1071.542205,729,453.711264
81.066928,97,454.130406
57.612092,92,454.600782
211.246876,186,455.430249
74.355071,93,455.861702
48.869699,76,456.199728
314.98701,249,457.262504
106.735878,118,457.795635
-24.205152,600,460.389674
78.757809,83,460.796447
1068.238345,701,465.234368
25.641687,56,465.496424
71.436883,89,465.89327
22.692101,55,466.124417
82.131199,101,466.557137
82.030004,91,466.972987
216.61307,248,468.056592
224.526269,288,469.307274
247.163942,203,470.178018
14.060525,41,470.370714
26.018385,49,470.577802
291.691655,245,471.615914
49.649328,60,471.882332
-9.94448,600,476.039697
59.738689,76,476.381584
560.990387,350,477.891225
48.933732,68,478.177945
78.361911,81,478.512164
-16.076321,1,478.533661
251.246246,227,479.507421
116.622242,154,480.15618
175.532699,150,480.829182
336.104627,338,482.260968
161.315376,133,482.822319
346.097001,264,484.020264
-22.541703,123,484.569126
225.223905,216,485.545996
75.890421,89,485.942984
338.585052,316,488.591522
147.363975,155,489.27227
340.819104,267,490.459162
108.449209,129,491.008216
780.667141,592,493.515802
239.493909,183,494.314588
244.606142,209,495.247052
72.845161,79,495.619606
561.518643,317,497.024226
120.155445,102,497.485772
49.620561,63,497.748402
713.41937,362,500.453554
-16.06185,1,500.475727
709.85453,379,502.132547
253.396121,206,503.055575
93.446869,95,503.453779
87.851793,90,503.888799
102.775129,100,504.33417
751.150548,524,506.698938
268.163353,213,507.654689
227.362923,209,508.561636
195.952743,158,509.221124
562.975026,306,510.536518
58.135949,80,510.902188
94.48072,88,512.774736
186.135387,171,513.526607
268.809195,196,514.402351
185.647138,169,515.130231
667.242748,453,517.094558
751.874743,496,519.293751
117.787464,116,519.814398
25.694644,418,521.601376
229.686511,191,522.470647
414.54306,295,525.074866
219.388997,205,525.941433
806.123615,509,528.162255
265.854732,194,529.011876
394.486646,283,530.198575
566.57381,282,531.40578
389.380625,277,532.59716
897.72565,425,534.43388
64.757082,77,534.887654
65.299317,95,535.28426
386.960408,273,537.847785
290.667891,211,538.773689
123.015543,144,539.422869
242.507244,207,540.338815
232.093526,199,541.165596
237.669773,201,542.062542
295.227105,198,542.905773
341.03699,267,544.093447
237.552188,182,544.877894
275.170111,230,545.887043
386.410669,231,546.879313
344.218765,229,549.457946
102.256243,91,549.888152
102.76411,106,550.432049
49.852227,64,550.765501
89.402635,99,551.181761
714.99684,326,552.569493
233.319607,198,553.460591
292.843426,200,554.293149
317.390552,221,555.28846
286.889776,199,556.189327
713.790185,340,557.634756
566.346433,256,558.746898
898.463998,418,561.722558
289.039888,239,562.744882
88.28158,226,563.751833
56.6561,95,564.147057
1081.898982,521,566.366171
505.340571,212,567.318188
211.356016,173,568.078839
289.113421,214,569.033991
75.745789,79,569.375643
333.726352,243,570.456424
265.320859,201,571.325898
291.628816,198,572.327441
716.194787,310,574.817404
119.529735,107,575.315706
11.308176,67,575.608525
98.437707,100,576.040967
16.195155,41,576.239125
267.049894,188,577.053125
293.061726,189,577.854808
208.346663,148,578.509837
452.078729,325,579.951264
427.050743,296,581.231249
895.166357,477,583.236786
-8.021437,1,583.260817
716.391464,324,584.648575
895.84372,432,587.886685
566.367591,252,588.948525
15.374241,36,589.117934
186.799901,151,589.820734
415.217733,251,590.920478
136.733735,119,591.485423
232.032527,185,592.314373
567.610273,259,593.446722
900.289499,410,595.253472
415.854364,263,596.411515
268.188268,202,598.739809
0.662487,87,599.128687
261.765993,196,599.973976
58.539556,86,600.367506
505.477798,235,601.404612
566.201087,248,602.485552
248.737533,185,603.271869
477.37544,302,604.591738
249.47882,183,605.359779
714.687393,312,606.699238
685.881104,393,608.355566
414.43474,280,610.88465
295.566739,211,611.795806
1083.084909,501,613.989344
288.5002,194,614.830209
566.899127,251,615.912603
15.176351,36,616.092101
313.134908,210,616.938407
566.564722,245,617.988658
231.643549,172,618.737283
188.915445,156,619.3764
293.64647,202,620.245765
331.517266,223,621.197916
716.399269,314,623.808019
-28.481218,88,624.192515
3.091682,79,624.528745
63.551679,77,624.880099
1085.841784,479,626.939202
317.684026,218,627.903187
35.728776,55,628.152859
-16.064569,1,628.17586
715.432459,320,629.564869
82.904308,83,629.909154
507.571241,216,630.795267
457.98576,312,632.179535
-16.054819,1,632.203049
1083.505549,520,635.938845
66.72726,80,636.307202
793.441833,466,638.261118
124.360767,119,638.797137
282.221468,199,639.666722
-0.338138,20,639.763328
896.656679,422,641.575119
58.409808,85,641.967932
717.131451,325,643.37111
565.05422,237,644.420253
714.17172,326,646.960212
714.896282,320,648.315746
255.193951,198,649.20808
567.485077,244,650.215418
-8.050168,1,650.238154
714.728314,322,651.607781
119.929827,104,652.051247
414.221008,275,653.316422
429.484558,288,654.588871
506.303724,240,655.610744
566.980797,257,656.730804
566.783232,241,657.768419
59.381485,75,659.70718
118.054259,116,660.207291
187.728022,153,660.865463
289.093664,205,661.743567
565.430126,248,662.814751
433.775725,284,664.077714
-0.461023,80,664.416258
565.768885,248,665.508203
569.771711,353,667.042414
756.00786,371,668.677694
13.609715,38,668.863031
15.253832,41,669.056436
256.588078,188,669.893522
898.57303,417,672.763746
267.829649,203,673.624205
756.316364,387,675.29568
15.431805,35,675.472498
900.176576,401,677.165823
566.80271,259,678.290596
186.288625,157,678.951984
-7.997169,1,678.975079
69.436352,84,679.345003
291.298176,191,680.155038
566.342465,247,681.22628
-16.078336,1,681.249432
714.870643,331,684.388785
262.303615,186,685.151744
67.876618,77,685.48599
899.595973,390,687.201841
457.010912,310,688.581973
897.327011,409,690.348103
82.267243,87,690.729363
-8.043387,1,690.753669
897.4227,421,692.685402
431.101943,283,693.926506
235.530517,170,694.656699
149.978929,132,696.63866
716.688912,324,698.039219
1083.831486,502,700.184719
288.63366,183,700.953816
716.537995,316,702.309153
60.861329,82,702.674901
899.658355,404,704.429499
1084.153633,511,706.662325
413.51664,279,708.962075
89.543504,86,709.343898
15.247083,38,709.527279
274.160018,187,710.33386
100.647237,117,710.852747
867.908247,490,712.997698
1083.610374,508,715.156846
1083.00113,525,717.444445
427.836484,285,718.620072
567.045749,251,720.986479
345.928271,229,721.964766
566.199135,254,723.067743
506.628015,218,723.994437
414.977401,271,725.203876
507.674804,206,726.066563
292.710135,198,726.928031
758.799955,352,728.472845
227.333347,162,729.179101
198.982701,148,729.905216
119.681106,106,730.349642
99.08913,98,730.756896
568.557715,248,733.288974
899.198668,400,734.994907
1082.322686,512,737.288407
506.342395,210,738.195353
1083.613903,507,740.403651
275.879524,200,741.285097
716.482082,307,742.586522
897.97442,434,745.928569
105.061634,111,746.392413
759.878009,356,747.927629
898.617343,407,749.639783
83.576321,88,750.019189
567.48902,244,751.086664
223.441491,186,751.870214
83.265931,92,752.282252
59.778078,74,752.599617
114.332571,97,753.071336
60.096763,76,753.391049
157.188227,132,753.963733
414.791324,274,755.116607
333.248004,212,757.173999
541.385514,202,758.041442
1083.474903,517,760.227047
899.086262,413,761.98062
415.657581,264,763.095749
901.489295,401,764.795198
13.648313,42,764.982363
278.421016,189,765.812255
716.742143,312,767.184447
566.666738,246,769.655155
104.946367,109,770.151514
567.972224,258,771.23404
59.054928,69,771.529141
4.712021,25,771.649398
567.678887,250,772.742789
275.162415,192,773.555937
569.153025,230,774.55753
15.20627,37,774.721502
5.011684,76,775.053812
506.542875,215,775.968403
1083.442066,507,778.128505
356.312066,244,779.158768
141.998352,131,781.314145
898.195236,438,783.17109
415.879485,260,784.272499
757.969243,358,785.847281
288.116391,196,786.698246
507.078755,209,787.59484
211.051027,160,788.266746
232.201445,180,789.033713
898.331437,413,790.781089
899.032358,402,794.197549
415.134608,258,795.348439
716.505132,323,796.681221
223.261635,170,797.411352
567.456416,241,798.429255
758.862739,346,799.914203
637.58098,386,801.550076
358.198397,233,802.589528
59.527908,74,802.898914
714.298444,321,804.348549
758.495121,367,806.992271
565.168279,260,808.096402
567.241477,246,809.163135
506.684861,210,810.052357
716.065134,335,811.477706
70.128648,82,811.848564
1083.487843,490,814.027289
57.840834,80,814.414228
1083.244639,511,818.645183
716.042667,313,820.039549
899.917182,411,821.839401
757.676718,344,823.301988
148.553375,130,823.881796
716.253047,315,825.237745
897.468729,427,827.037142
565.699126,240,828.06236
758.84925,373,831.145185
898.752698,425,832.973091
567.892583,243,834.038529
505.228381,226,834.98367
505.877589,219,835.912148
1084.249714,517,838.102926
757.588467,361,839.599511
507.593834,219,840.517725
295.328949,202,842.926439
898.458818,405,844.715848
715.772446,323,846.11972
156.324714,128,846.665352
-77.117963,95,847.08076
506.820711,217,848.038286
506.486878,210,848.967952
1084.083761,500,851.128582
219.424939,166,851.831955
430.276648,278,853.004641
756.702881,363,856.299966
272.286922,199,857.201791
144.966113,119,857.716882
505.286059,218,858.674147
791.570272,431,860.456372
60.190901,79,860.785884
521.457005,335,862.23068
59.642532,77,862.555712
760.597875,333,864.032029
758.671025,354,865.585632
1080.185439,522,869.019341
1084.284169,495,871.180862
466.227095,312,872.594042
566.65179,240,873.69638
474.577243,324,875.117533
506.825179,215,876.064569
331.233337,249,877.133801
505.690132,224,878.132828
1083.174823,509,881.702108
899.733638,407,883.46
100.269627,96,883.882766
1084.213304,487,885.956749
431.227416,265,887.074057
520.174829,331,888.514609
760.089708,371,890.15312
415.642938,263,892.611912
507.442387,212,893.528078
1085.671151,495,895.657771
55.029349,76,895.994613
567.113662,249,897.027872
-16.038137,1,897.04998
507.010124,223,898.012851
941.343805,434,899.916579
566.174342,250,901.008364
715.845682,307,902.362591
259.43518,185,904.758525
93.699743,100,905.217991
477.746961,335,906.722315
569.278555,247,907.783144
120.811529,108,908.255283
-8.067475,1,908.278409
1086.226388,496,910.392262
899.723858,409,912.18032
507.115815,215,913.119404
106.524287,103,913.55547
568.68157,246,914.637806
475.555332,309,917.164061
901.235832,387,918.805896
194.748213,144,919.41856
638.034414,367,920.975976
567.073674,240,921.99822
759.029121,341,923.442241
648.976826,366,924.969679
566.879644,243,926.07334
507.315604,213,926.983156
1084.873357,488,931.106477
471.141003,315,932.480627
1084.234892,499,934.684164
-8.072982,1,934.707836
716.053029,327,936.123959
715.039692,319,937.478108
759.846502,354,939.00217
4.802322,25,939.121296
481.73648,327,942.237772
942.91514,426,944.07536
1084.701576,489,946.247349
567.940552,249,947.29618
760.757682,348,948.782228
941.60112,416,950.562118
335.762894,230,951.556174
899.318311,419,954.749645
291.980407,197,955.632865
1085.452904,500,957.752379
941.106612,436,959.6014
63.683731,77,959.928138
505.352153,215,960.852839
408.441745,283,962.077127
422.218656,278,963.277113
506.318523,209,964.153583
141.381445,119,966.118795
506.313135,216,967.043809
715.888735,309,968.377961
82.749473,85,968.727441
566.848582,257,969.869296
899.175717,399,971.549403
415.975907,259,972.721351
942.044218,429,974.537017
567.489711,239,975.562254
900.777693,390,979.130577
566.487066,242,980.15943
758.366237,350,981.646735
757.326718,362,983.215441
759.393113,340,984.654252
566.237354,245,985.711745
415.439818,268,986.810382
504.967698,217,987.770767
475.035519,317,989.131847
69.491433,78,991.578612
1085.880705,483,993.709146
505.49009,218,994.641289
478.460858,309,996.017441
717.039876,308,997.352618
566.65088,239,998.384414
262.545571,193,999.231806
240.924894,179,999.961265
1086.027159,491,1002.143422
944.827873,411,1004.970294
941.034321,434,1006.824275
941.527808,433,1008.675686
943.467881,423,1010.494755
415.234897,258,1011.675317
566.397827,249,1012.798357
567.479147,248,1013.869107
898.160271,415,1017.252622
758.336109,367,1018.849535
900.33921,406,1020.56009
898.800724,432,1022.4544
415.503696,270,1023.63998
477.181575,322,1025.023903
566.510995,248,1026.072537
791.087316,444,1029.274674
900.490521,390,1030.987576
791.306185,453,1033.029354
117.479587,110,1033.481471
567.591011,246,1034.531212
716.677377,306,1035.876429
565.629107,236,1036.832619
794.663156,376,1038.460464
141.135094,119,1040.595117
345.19502,226,1041.581345
566.17987,241,1042.620073
1086.535607,487,1044.670163
506.147232,215,1045.604285
468.139254,306,1046.92693
505.705939,212,1047.850675
303.819974,255,1048.927828
714.362121,306,1050.28726
343.32317,218,1051.222631
505.563053,211,1053.588003
340.454042,234,1054.635799
715.355221,318,1056.041281
566.966624,241,1057.101562
758.89849,354,1058.64571
506.68851,203,1059.511821
717.785511,307,1060.81679
297.203949,184,1061.593596
566.225288,250,1062.652664
716.295744,305,1065.596851
70.617108,76,1065.931035
70.38468,80,1066.271196
566.964164,245,1067.355055
505.528191,212,1068.238885
759.078587,340,1069.751114
566.656846,243,1070.80088
568.535195,239,1071.814552
145.620301,114,1072.321695
505.938113,217,1073.262904
346.110239,218,1074.259548
318.297002,227,1075.230519
506.274915,224,1077.628656
506.239882,209,1078.527431
226.776954,169,1079.290237
1083.209561,492,1081.392818
707.452013,321,1082.77441
944.295902,412,1084.526551
653.711536,371,1086.094684
3.543463,25,1086.211097
506.149523,217,1087.165791
715.189848,317,1090.291328
716.62727,315,1091.639057
469.675502,322,1093.000544
137.242657,112,1093.514375
610.422796,359,1095.05541
432.548368,266,1096.227605
941.610076,424,1098.069408
476.320161,314,1099.421496
758.7552,343,1102.599609
759.520991,347,1104.104785
474.078838,315,1105.442882
1085.128619,470,1107.426837
1085.181256,470,1109.463293
-16.047766,1,1109.490912
1084.985571,478,1111.561678
941.924797,409,1115.134587
409.294369,249,1116.249845
715.2323,318,1117.577019
566.053248,250,1118.644694
472.373316,317,1119.992785
715.792612,303,1121.279536
-16.027885,1,1121.305672
382.541503,274,1122.502011
381.444833,294,1123.73031
136.905993,114,1124.222666
761.191768,331,1125.643432
899.720755,406,1129.315927
900.388466,422,1131.113806
222.518215,164,1131.830732
791.894764,382,1133.486371
900.916583,401,1135.192276
474.997564,347,1136.671968
900.100956,393,1138.352317
68.571057,76,1139.828164
476.718595,317,1141.16796
506.307159,222,1142.105311
567.075602,247,1143.133696
101.610602,90,1143.532218
715.016824,316,1144.976109
628.806732,359,1146.516217
759.059101,348,1148.01665
1087.207726,485,1150.103799
899.852046,393,1153.550102
717.205633,316,1154.907378
350.500269,265,1156.042942
902.170772,382,1157.684163
1085.297247,499,1159.87176
900.047095,409,1161.614403
568.21503,242,1162.660485
506.916744,206,1165.014937
567.137058,250,1166.08768
717.20952,306,1167.374165
-16.053345,1,1167.397834
758.595558,345,1168.930261
565.51648,244,1170.00761
83.444694,85,1170.370863
506.775345,215,1171.310432
714.433983,311,1172.737164
899.499784,403,1174.476168
507.337807,218,1177.494181
1085.749259,473,1179.538523
569.633487,229,1180.50883
476.499901,297,1181.790823
1085.057735,485,1183.857925
114.626196,107,1184.297697
716.278907,304,1185.571721
716.571334,307,1186.871903
342.290678,229,1187.873894
477.330894,297,1190.31333
112.716611,113,1190.82391
566.163086,250,1191.90018
70.066014,79,1192.259054
506.083098,214,1193.18684
761.834898,335,1194.627885
480.92452,298,1195.875401
431.708619,262,1197.089631
945.980163,410,1198.858869
566.090684,259,1199.930738
716.527953,294,1202.957862
1084.637174,483,1205.049885
941.981603,425,1206.950746
758.820628,342,1208.428953
506.417165,211,1209.352264
901.663883,392,1211.038603
899.923445,400,1214.34386
715.729354,294,1215.637175
565.723961,244,1216.713454
940.991884,418,1218.495327
505.453007,214,1219.414384
567.767181,235,1220.446142
1085.942227,490,1222.601047
612.292077,349,1224.100914
797.235802,384,1227.500691
-8.062607,1,1227.525346
506.81796,210,1228.425338
505.386819,213,1229.345003
506.827632,206,1230.24833
143.723764,116,1230.760166
943.503451,407,1232.517555
506.863701,207,1233.467404
715.210843,316,1234.808238
334.920142,229,1235.817539
383.83388,260,1236.890067
70.167892,81,1237.248409
716.362578,307,1240.108267
899.862136,379,1241.683636
567.510254,249,1242.76096
715.612717,309,1244.089277
448.843249,291,1245.322235
568.735555,234,1246.301585
943.614252,412,1248.087951
506.404808,208,1248.993976
716.308637,306,1251.768776
717.05969,301,1253.050443
715.840627,302,1254.309067
506.298962,216,1255.260265
384.792791,235,1256.291792
1084.143507,489,1258.427997
116.287958,101,1258.902147
638.330396,361,1260.439888
898.998089,387,1262.118147
1084.91772,487,1265.805208
899.497502,405,1267.638962
506.733335,209,1268.534966
715.58673,306,1269.842049
345.79896,222,1270.842769
943.767993,408,1272.577357
1084.489756,489,1276.167895
715.93691,315,1277.55326
899.115225,389,1279.195825
59.484245,70,1279.521704
760.028467,339,1280.95082
759.527448,341,1282.405712
506.876782,214,1283.325845
759.313729,335,1284.801797
900.49666,413,1286.590462
716.071902,288,1289.535396
567.567241,247,1290.592121
95.402843,90,1291.005828
716.460998,313,1292.380899
797.724648,385,1294.063794
408.732032,266,1295.219271
163.562044,125,1295.775951
1083.38971,499,1297.932867
567.516176,241,1298.976628
504.570997,220,1301.532049
291.341122,189,1302.404494
1085.054414,461,1304.418059
72.278387,72,1304.757268
638.143067,361,1306.304247
504.251168,212,1307.21752
344.499212,234,1308.231477
760.05069,340,1309.702927
567.047749,237,1310.731334
943.201598,402,1314.167993
715.952579,309,1315.534392
716.669222,312,1316.82718
900.041371,389,1318.481633
759.887505,331,1319.90635
941.492816,430,1321.775867
566.328879,240,1322.920899
567.94301,235,1323.909063
142.852695,111,1324.410522
567.601229,235,1326.838844
567.686771,228,1327.815511
505.513616,204,1328.707038
-8.03735,1,1328.731123
470.098639,310,1330.0231
253.082363,194,1330.86312
63.687892,73,1331.193427
266.132706,176,1331.960407
362.712197,251,1332.997401
505.709986,212,1333.893359
566.540093,235,1334.878995
898.812976,388,1336.522647
218.761659,155,1338.818748
184.111037,143,1339.473095
246.673157,159,1340.209298
715.636804,309,1341.582445
944.756126,414,1343.371443
899.981052,401,1345.094562
-16.074343,1,1345.119209
715.954489,306,1346.452621
898.209493,384,1348.104251
507.807452,202,1348.978441
942.873674,422,1352.214536
1084.643425,477,1354.33105
1085.627493,470,1356.369954
141.172708,116,1356.881806
1085.45325,474,1358.956952
801.678751,366,1360.565896
566.603999,240,1363.330344
505.281959,217,1364.315459
506.681077,204,1365.192824
109.868594,104,1365.667583
566.768608,245,1366.705024
897.467423,401,1368.485293
566.610868,234,1369.503846
566.338963,243,1370.563305
757.726479,339,1372.008702
760.644685,337,1373.484043
714.711116,310,1376.778117
318.369318,218,1377.738439
760.244891,341,1379.294063
715.733594,320,1380.654225
144.883604,111,1381.200029
143.661444,112,1381.683869
344.937515,229,1382.678172
566.298542,235,1383.678507
802.041056,377,1385.295226
565.798409,239,1386.317833
941.602535,422,1389.732481
59.438209,66,1390.022948
901.925498,379,1391.664285
1087.345659,455,1393.633813
900.900938,400,1395.359325
758.160345,350,1396.851764
145.715155,113,1397.387908
942.984992,416,1399.208784
715.842932,301,1402.179415
1086.135073,463,1404.236281
117.37561,105,1404.690545
286.986184,183,1405.502855
715.624836,318,1406.86356
758.336877,350,1408.368514
567.915747,236,1409.401299
405.421992,244,1410.561646
506.661748,213,1411.49383
467.842256,303,1414.393357
524.438712,332,1415.73315
1085.489697,475,1417.636916
64.229261,74,1417.922264
506.145444,212,1418.767168
898.617269,397,1420.325137
715.179683,311,1421.572681
760.614135,337,1422.897864
118.244996,101,1423.311131
799.910863,364,1426.065671
900.097589,388,1427.609292
898.886831,396,1429.166804
184.808333,140,1429.774347
1085.753272,472,1431.638703
942.88594,414,1433.301489
1086.672183,481,1437.355024
1086.162063,474,1439.376128
394.04565,250,1440.447218
899.954687,394,1442.121393
506.257134,206,1443.009397
1086.85433,457,1444.944014
505.003963,202,1445.819496
797.401364,361,1447.246762
1088.09539,454,1450.818738
60.922995,64,1451.118085
154.090479,122,1451.686873
758.690705,341,1453.166588
899.172401,413,1454.908825
760.124066,344,1456.413256
1086.867278,464,1458.444701
899.261859,396,1460.029885
715.805005,307,1462.529563
628.292754,380,1464.139984
717.6333,291,1465.271826
506.589404,207,1466.150228
758.617057,345,1467.554804
566.498094,253,1468.567154
423.430107,258,1469.603051
1090.068262,455,1471.414979
144.59885,123,1473.22978
1088.102631,469,1475.02469
1084.588098,489,1476.984213
898.849692,396,1478.537587
760.167546,333,1479.844872
-8.03378,1,1479.866972
899.115695,381,1481.355502
898.627999,383,1484.110685
716.493013,299,1485.288432
900.02496,393,1486.859457
272.072923,179,1487.538475
479.458626,309,1488.731588
-16.060353,1,1488.751363
14.413786,32,1488.913598
101.205461,90,1489.253587
504.883754,201,1490.054427
792.964962,438,1491.764966
942.884373,431,1493.446416
504.889847,208,1495.853343
528.087072,309,1497.067204
759.837426,346,1498.469131
716.576606,299,1499.658988
716.057687,296,1500.820653
760.311385,349,1502.160319
121.592294,110,1502.593449
944.446744,405,1504.212662
249.021376,168,1504.902412
758.545103,345,1507.721543
758.268176,348,1509.09285
759.22343,349,1510.494361
897.567947,396,1512.024066
759.17708,341,1513.362027
1086.669094,459,1515.171243
408.900647,257,1516.172999
504.73054,205,1518.484568
1086.997017,465,1520.297366
566.12961,240,1521.201257
715.294709,308,1522.399482
716.437724,310,1523.641874
408.505836,254,1524.610145
505.825493,223,1525.475792
715.743952,314,1526.730413
943.519956,405,1530.109799
66.658339,82,1530.424507
220.659357,150,1531.021959
801.677783,346,1532.337922
10.003633,101,1532.743547
506.28524,211,1533.571853
1086.087197,464,1535.407236
356.216936,249,1536.379331
715.719804,307,1537.588617
1086.412536,471,1540.620959
631.498871,353,1542.006363
791.290345,442,1543.735657
565.693828,243,1544.752041
99.741941,96,1545.148357
1086.951694,471,1546.969662
333.584716,215,1547.838033
219.45972,168,1548.488997
-8.039012,1,1548.511015
1086.796264,465,1550.351208
567.181355,230,1552.241606
1085.107476,470,1554.095757
475.046571,286,1555.219697
564.472329,239,1556.159219
69.11844,78,1556.480856
898.25381,397,1558.003791
942.230319,424,1559.698358
715.253124,306,1560.905264
565.388908,243,1563.02072
536.220842,317,1564.267449
505.970438,205,1565.070624
1085.240646,491,1566.979354
565.609625,236,1567.896836
505.832318,215,1568.718176
474.946556,309,1569.924445
714.450568,315,1571.16443
715.445366,302,1573.926687
759.258873,336,1575.285906
248.195535,180,1575.976789
504.093242,215,1576.800856
801.5344,371,1578.289176
443.551066,274,1579.342857
1086.641857,473,1581.250853
898.95868,402,1582.832324
901.165458,380,1585.421711
62.490511,75,1585.714001
1086.111678,482,1587.613901
492.056915,317,1588.839924
288.111861,180,1589.523985
898.310391,399,1591.116775
760.572271,326,1592.374731
758.366102,340,1593.744901
760.226128,334,1596.362663
717.11675,304,1597.517009
69.049141,73,1597.829484
869.741619,480,1599.736522
759.898284,335,1601.02722
-16.066757,1,1601.04797
-8.07683,1,1601.070695
715.012125,310,1602.232285
1086.874641,464,1604.082681
37.857667,51,1604.283574
1086.02572,475,1607.507234
144.153437,117,1607.986172
290.06539,202,1608.766523
464.641629,287,1609.917612
900.306009,389,1611.4228
715.942534,307,1612.621833
567.365784,237,1613.549709
170.618776,126,1614.062074
792.590659,452,1615.826708
567.263673,251,1616.85919
361.880459,243,1619.229209
505.67836,206,1620.048403
60.285145,67,1620.315888
566.585807,234,1621.279826
897.690005,398,1622.89111
62.810455,69,1623.179822
760.069896,327,1624.469713
715.576024,313,1625.663753
219.838911,157,1626.307168
945.269037,408,1627.905083
566.688313,232,1630.148841
44.884787,58,1630.385752
98.371378,103,1630.777868
207.751745,141,1631.334171
566.354863,229,1632.20909
901.301541,389,1633.751217
566.481378,235,1634.665765
235.49452,180,1635.365292
456.782919,286,1636.563256
943.776704,413,1638.233286
715.56239,314,1639.450442
287.103089,186,1641.548328
114.628598,94,1641.936358
565.054764,239,1642.86253
346.710206,226,1643.772739
504.53307,216,1644.590909
567.188319,239,1645.517322
567.451299,242,1646.457259
506.073941,214,1647.281954
760.427933,337,1648.607471
760.284044,338,1649.933231
943.150923,410,1652.944401
639.435389,363,1654.419843
207.821243,150,1655.003958
567.271635,242,1655.963453
460.983066,290,1657.097413
71.156188,79,1657.410263
1085.916674,477,1659.307945
566.219982,240,1660.25288
479.806096,287,1661.417979
143.793334,108,1661.837992
761.885284,320,1664.505123
799.377028,349,1665.893057
59.813899,69,1666.158089
944.313297,414,1667.770248
1086.41732,482,1669.643548
1087.263745,468,1671.514472
759.576753,331,1672.819679
462.631455,284,1675.36476
1086.77382,491,1677.291319
715.546231,295,1678.482962
942.482683,402,1680.102629
403.391213,243,1681.04548
714.089548,303,1682.225055
760.001334,320,1683.467597
758.352512,337,1686.203761
160.158467,121,1686.721911
291.429847,189,1687.478655
267.833167,194,1688.243866
714.690658,313,1689.468804
943.018394,414,1691.067663
24.435413,60,1691.308569
1086.935167,469,1693.131047
374.212399,240,1694.082658
505.878568,208,1694.863924
802.05619,365,1697.748264
503.32537,227,1698.598873
716.455993,316,1699.806353
244.34301,167,1700.505001
1085.596711,481,1702.37105
341.291977,218,1703.221908
70.235414,80,1703.548609
898.496866,408,1705.173645
566.523846,245,1706.100279
565.191351,246,1708.372947
104.341723,96,1708.76476
567.25182,245,1709.726218
458.766544,294,1710.875059
714.627238,309,1712.120177
144.887741,114,1712.558686
1087.254533,466,1714.470391
758.425868,337,1715.795402
472.340569,279,1716.922388
407.169268,257,1717.898331
760.165258,335,1720.735764
899.937995,383,1722.220444
899.852583,401,1723.849199
423.012184,249,1724.824093
387.431255,263,1725.859395
1087.05288,476,1727.836918
153.782925,115,1728.296696
60.676761,68,1728.570242
505.478391,222,1729.427377
140.767543,116,1731.126251
504.038382,220,1731.988362
422.810431,257,1732.992215
486.280893,298,1734.156094
898.374666,415,1735.762722
1085.789949,490,1737.713853
716.582577,300,1738.925155
505.605519,214,1739.750694
942.692951,420,1742.961073
116.546698,110,1743.387974
760.327259,327,1744.639385
423.20858,259,1745.635537
758.526629,338,1746.964023
103.891287,96,1747.381164
565.972847,233,1748.277688
900.797263,386,1749.812814
1086.600676,491,1751.729094
103.391354,86,1752.090084
759.626528,319,1754.522628
567.049276,245,1755.495902
1086.491927,479,1757.346399
761.321059,336,1758.655887
899.026179,402,1760.23528
222.305019,174,1760.881572
1085.044279,493,1762.799929
898.173905,394,1765.564106
248.093131,166,1766.242666
941.947549,409,1767.838292
1084.287726,485,1769.783029
1085.2314,469,1771.609906
715.001291,297,1772.783771
117.913737,97,1773.169368
900.824503,389,1775.724236
900.149646,392,1777.277852
101.420582,84,1777.648618
464.20021,293,1778.804963
613.716932,353,1780.189719
716.913368,291,1781.352787
69.840025,81,1781.691538
64.992502,76,1781.980899
51.197292,61,1782.220343
799.94193,355,1783.604817
341.005775,224,1784.482503
116.12583,98,1784.883893
609.295807,369,1787.982377
566.015878,230,1788.88303
760.700066,322,1790.257402
902.211393,384,1791.728843
759.578286,329,1792.983371
1087.11372,461,1794.827319
759.312833,340,1796.13765
943.230767,405,1799.141945
289.131418,186,1799.870466
-8.039689,1,1799.891319
715.52049,299,1801.058361
943.257621,406,1802.613454
238.476418,167,1803.38441
715.703249,312,1804.577828
899.891531,403,1806.151127
564.882648,241,1807.114549
432.417538,266,1809.797635
505.246511,215,1810.77337
70.539127,75,1811.065949
791.372775,438,1812.766671
102.472065,97,1813.142455
760.194331,329,1814.450428
758.089361,340,1815.844572
505.899475,197,1816.658391
759.289322,336,1817.980097
69.71556,78,1818.306191
760.629605,322,1819.598691
40.481942,54,1821.366538
491.860689,291,1822.495649
565.402853,240,1823.423386
568.002704,235,1824.365171
144.837986,115,1824.828218
67.939036,75,1825.124261
761.928641,327,1826.38389
761.178417,336,1827.718985
761.195636,319,1828.977973
717.417782,300,1830.114678
140.558978,120,1830.629684
759.083876,327,1833.568802
1084.688537,495,1835.569236
103.058196,88,1835.93174
506.43508,220,1836.779367
715.749045,319,1838.047367
27.127404,46,1838.248798
60.84013,69,1838.519171
-16.058914,1,1838.54195
715.725863,305,1839.747458
431.847599,266,1840.779034
267.622882,190,1841.550804
716.141179,306,1843.949996
289.60174,189,1844.707064
567.415581,240,1845.643727
716.092955,313,1846.909252
898.859831,393,1848.416485
505.059079,203,1849.175004
568.865511,252,1850.189533
423.097193,262,1851.197521
898.816028,399,1852.800289
1087.429955,458,1855.840872
504.814575,206,1856.614075
1085.900194,477,1858.507882
118.102405,115,1858.978051
804.766802,342,1860.340987
1086.786231,458,1862.117161
566.705514,242,1863.09032
218.883975,158,1863.708515
506.720585,208,1864.532721
760.727454,330,1866.996645
803.32428,365,1868.475096
286.420429,184,1869.221643
717.411666,300,1870.39791
715.011023,307,1871.576882
566.776306,241,1872.548304
296.787716,191,1873.314987
59.724592,68,1873.576988
69.886731,77,1873.874705
716.574257,304,1875.058596
898.075893,392,1877.606336
249.279034,190,1878.335063
422.440138,270,1879.387016
120.431133,104,1879.823869
74.370804,69,1880.101713
899.696325,403,1881.703481
566.389197,238,1882.655486
629.867716,360,1884.042022
628.602685,376,1885.526411
286.69331,193,1886.319429
146.847428,113,1888.298086
758.290754,335,1889.62955
68.933392,74,1889.908237
505.746168,214,1890.711272
899.233546,401,1892.233724
-16.051823,1,1892.257855
942.748984,409,1893.90286
761.159682,332,1895.230726
758.821279,348,1896.597573
71.348643,70,1896.893354
142.420923,115,1897.38711
1087.967798,471,1900.49754
103.771206,93,1900.855777
1084.440537,483,1902.772628
3.701762,25,1902.877185
803.384914,352,1904.247875
717.079275,299,1905.426248
899.443991,409,1907.120658
504.597151,210,1907.949558
505.366703,209,1908.733192
185.742222,141,1911.08269
-16.031563,1,1911.102972
901.6397,406,1912.722794
466.122956,286,1913.854833
761.643352,329,1915.150227
801.989979,333,1916.425149
222.470453,164,1917.092855
1084.835656,476,1918.934252
70.423445,79,1919.236184
566.586583,230,1920.142219
566.546414,240,1922.426749
759.539875,337,1923.751081
227.544797,157,1924.370524
1084.430045,486,1926.350637
507.004396,205,1927.154131
898.95481,397,1928.756346
565.410655,238,1929.686707
900.440433,385,1931.221198
760.544063,336,1933.892652
898.814263,401,1935.454958
803.928658,357,1936.897399
898.303122,394,1938.472396
943.302733,402,1940.099731
565.211687,248,1941.088808
408.929404,260,1942.131711
504.448673,224,1943.006538
144.855298,129,1944.323228
759.579184,330,1945.647645
630.354248,371,1947.108215
630.710896,352,1948.490309
566.741549,230,1949.360866
802.328897,368,1950.806638
941.601651,422,1952.481709
263.578181,186,1953.264961
797.02584,369,1956.016008
506.15375,209,1956.83256
1085.156735,480,1958.768888
-16.067682,1,1958.789172
117.059196,105,1959.193576
899.45279,402,1960.788206
60.502373,69,1961.07833
566.671156,231,1961.97924
941.657231,430,1963.704713
758.858807,340,1965.023767
941.217099,418,1967.984785
715.893448,284,1969.08873
716.331199,308,1970.288828
567.469519,235,1971.201536
145.958099,118,1971.649691
898.540687,404,1973.257385
1086.687131,457,1975.054675
81.453268,59,1975.289084
183.547563,155,1975.869838
900.073859,401,1979.255098
567.006417,237,1980.151511
118.719566,103,1980.590431
716.026051,297,1981.816159
358.158919,252,1982.847318
1085.115635,482,1984.840594
715.831264,309,1986.047528
716.591579,302,1987.247173
126.355996,105,1987.673261
441.382894,284,1990.397435
567.894242,236,1991.310045
898.71706,404,1992.947019
945.526583,403,1994.533668
714.949588,323,1995.812073
898.34532,399,1997.396155
494.570704,301,1998.566797
100.442036,98,1998.961388
506.921958,203,1999.754694
758.587887,346,2002.448369
714.533593,306,2003.609186
505.049682,216,2004.463986
1086.277374,473,2006.301514
1085.959727,456,2008.082254
1084.831782,480,2009.964874
154.063009,116,2010.446217
566.520054,235,2012.642957
415.250854,257,2013.659607
95.748413,96,2014.119855
211.383206,150,2014.726883
943.376621,412,2016.354778
406.594012,260,2017.413691
60.438503,68,2017.701183
760.942,326,2018.962209
416.419579,246,2019.968132
714.615592,306,2021.1888
759.732183,333,2024.100719
423.76979,254,2025.094686
899.611238,386,2026.655437
394.479567,246,2027.636272
898.922521,389,2029.153164
897.471193,404,2030.667174
897.059954,396,2032.233405
794.760591,424,2035.02404
898.412189,398,2036.572874
792.404726,441,2038.346635
407.369747,263,2039.383819
564.69654,243,2040.38089
943.594272,418,2042.045424
714.642963,314,2043.289286
154.21758,115,2043.748195
759.571774,330,2046.199305
70.391411,80,2046.503464
716.316813,294,2047.65013
1085.998978,469,2049.514587
114.70422,103,2049.937195
565.546653,240,2050.883119
757.985943,340,2052.261151
505.805527,212,2053.110652
15.107517,38,2053.282112
112.431767,104,2053.689636
1084.827405,492,2055.625424
761.125532,324,2058.274196
1084.494459,493,2060.19245
333.323335,213,2061.054094
472.220733,296,2062.21809
65.030559,80,2062.542695
898.834289,409,2064.168665
1084.741858,485,2066.044371
60.036549,68,2066.311374
758.970858,344,2069.389364
759.846173,338,2070.712577
565.659031,249,2071.734337
715.164401,316,2072.972698
1085.808329,476,2074.836651
-8.047705,1,2074.859593
505.595468,215,2075.705415
896.677713,419,2077.344519
60.095085,69,2077.623577
1084.95361,474,2080.987722
1084.998108,488,2082.904412
716.43413,308,2084.145045
505.601917,207,2084.974917
716.101837,304,2086.249315
758.014671,345,2087.606088
59.65584,65,2087.863342
272.727243,180,2088.587365
1086.653959,455,2091.591029
150.609192,121,2092.133515
61.083427,67,2092.394632
758.480272,332,2093.698187
761.63107,315,2094.92729
758.865687,327,2096.221615
422.514114,260,2097.275383
407.137334,257,2098.355776
795.706946,437,2100.042893
793.631415,420,2103.580455
483.813218,288,2104.738198
-16.028925,1,2104.760194
1085.180869,475,2106.614898
899.712506,396,2108.159135
760.517627,335,2109.488988
898.180061,402,2111.061965
1084.056443,469,2112.884708
898.685526,421,2115.965342
65.58626,75,2116.278969
565.74524,242,2117.271574
565.53248,233,2118.187201
240.952602,173,2118.884477
1085.413444,479,2120.743587
-16.006275,1,2120.765791
759.252162,330,2122.05868
714.291076,314,2123.288446
565.301658,251,2125.895036
1086.01927,471,2127.721628
897.183959,397,2129.290586
505.058571,217,2130.151395
942.465549,416,2131.840235
715.524192,298,2133.003136
759.428279,335,2134.342033
803.330086,347,2135.714187
566.699812,240,2137.825354
505.80239,208,2138.635315
900.272749,383,2140.162955
801.405389,352,2141.506745
50.817239,63,2141.795149
566.403117,245,2142.782224
132.627994,107,2143.223853
407.219518,258,2144.285963
565.940318,244,2145.214241
757.778903,337,2146.569595
-16.04459,1,2146.594359
567.611924,235,2148.474607
270.222577,180,2149.192261
38.445409,51,2149.419565
944.483183,397,2150.981787
505.36476,217,2151.851343
760.721215,332,2153.166064
715.507839,315,2154.409268
614.126796,368,2155.898312
758.166751,348,2157.394877
337.739219,212,2159.542598
104.431414,103,2159.929415
264.197786,175,2160.617876
716.37918,312,2161.890366
263.255583,183,2162.573382
714.688553,299,2163.842248
566.182354,245,2164.840221
504.708923,212,2165.667558
248.519852,183,2166.398341
478.531937,299,2167.579567
290.964766,204,2168.391529
708.147049,316,2170.831386
1085.649171,481,2172.71146
941.775597,424,2174.386878
1085.563183,464,2176.209613
409.127096,264,2177.260499
424.215613,263,2178.31445
713.487163,313,2179.5335
897.603071,398,2182.357512
565.800751,247,2183.312389
59.632625,72,2183.593075
896.872313,395,2185.158764
715.04166,294,2186.34659
567.060517,239,2187.296852
1084.840311,485,2189.194417
223.242868,157,2189.853888
759.945782,347,2191.228928
120.34867,105,2193.266813
716.365516,302,2194.465058
900.186915,382,2195.97998
371.915883,232,2196.902132
566.512171,237,2197.812838
1083.633746,489,2199.788482
439.703175,260,2200.802762
566.385897,250,2201.820632
524.90726,307,2204.414929
470.418391,298,2205.585974
460.992816,300,2206.806439
1084.854916,476,2208.644954
614.798108,341,2210.046076
714.985566,304,2211.211967
265.808105,198,2211.999333
943.228504,418,2213.669166
714.982898,309,2216.126347
58.589432,64,2216.416533
59.641093,65,2216.694252
716.256025,302,2217.861988
1086.748843,469,2219.706579
146.000242,117,2220.161251
346.175749,220,2221.042023
101.608174,90,2221.39388
258.836099,186,2222.13514
475.341535,296,2223.308562
59.434837,68,2223.574228
795.355631,429,2225.300713
715.434598,298,2227.983421
716.35115,302,2229.173164
942.870799,414,2230.804996
941.948298,435,2232.535682
716.20828,292,2233.66964
709.422351,294,2234.850873
59.381505,70,2235.148864
58.204076,62,2235.393866
277.723698,179,2236.134141
942.464029,427,2238.930765
895.913294,403,2240.507173
715.398982,311,2241.712893
715.747311,307,2242.961918
343.256256,216,2243.905451
266.965022,199,2244.689184
248.589559,184,2245.426434
759.065338,334,2246.76001
896.424865,405,2250.100613
943.356599,396,2251.672522
566.208107,238,2252.600474
566.967376,235,2253.554272
942.33076,397,2255.080721
-8.007029,1,2255.101256
72.56531,77,2255.457361
1084.858939,466,2257.316053
567.854543,236,2258.242378
901.439114,396,2261.582886
715.671873,305,2262.761091
1085.345676,473,2264.601346
415.895535,256,2265.663116
486.411329,307,2266.867211
899.23816,387,2268.434142
714.322784,294,2269.56881
899.217863,408,2271.196342
506.661783,209,2273.218954
145.957522,122,2273.709272
507.463127,198,2274.472487
97.581859,94,2274.834275
259.716182,187,2275.597044
1083.830124,467,2277.447337
479.088652,302,2278.654763
1084.501923,473,2280.539319
714.907021,312,2281.77934
-16.038393,1,2281.79916
899.216338,404,2284.589517
759.348635,330,2285.90909
714.703098,303,2287.127485
59.582611,65,2287.38738
412.713504,252,2288.409128
117.69721,111,2288.870502
59.651014,66,2289.14496
506.057135,221,2290.036555
566.496688,248,2291.0201
805.613025,376,2292.496889
715.753318,311,2294.975496
70.620863,78,2295.267573
566.539745,242,2296.276986
1084.151163,492,2298.215975
715.603484,315,2299.454643
388.128094,239,2300.396104
566.49281,239,2301.355347
59.829742,73,2301.643094
941.89343,420,2303.317605
899.90426,397,2305.872813
59.115475,66,2306.139235
155.830621,120,2306.641074
704.95888,302,2307.839176
59.361109,63,2308.089447
211.429384,162,2308.751631
227.122414,158,2309.381673
716.215694,314,2310.703007
805.378111,360,2312.136053
1086.0802,474,2314.034149
166.641142,122,2314.505183
716.067618,304,2315.714596
59.472992,64,2317.563241
672.03911,389,2319.073643
267.514191,202,2319.839441
565.570377,245,2320.787278
-16.031992,1,2320.808128
566.530964,230,2321.811968
715.478984,314,2323.044508
563.955285,246,2324.019967
415.560448,263,2325.05522
715.728402,309,2326.291515
-8.054974,1,2326.312379
504.878318,200,2327.09193
505.851357,220,2329.476114
40.623471,60,2329.730407
899.333608,382,2331.244545
258.933422,191,2332.01802
565.501081,244,2332.970901
900.251239,415,2334.615624
99.300338,102,2334.99881
1083.449528,476,2336.899276
507.27129,213,2337.751474
492.120588,310,2340.207239
629.812789,362,2341.672088
1088.029379,453,2343.428898
716.380717,315,2344.642551
758.89696,342,2345.981479
93.081127,83,2346.361954
58.173731,67,2346.629715
505.880644,207,2347.432445
99.243098,101,2347.877277
762.494814,325,2349.134111
344.703499,214,2351.32408
98.876356,92,2351.724953
943.373492,412,2353.381039
143.742784,123,2353.87263
899.071737,416,2355.536911
565.417485,242,2356.480819
1084.538886,455,2358.235328
505.212072,204,2359.059219
1087.39456,468,2360.912425
505.343428,221,2363.247281
-8.022971,1,2363.268891
100.317821,104,2363.698594
-8.052852,1,2363.719066
943.979456,417,2365.397893
1087.938648,459,2367.220647
69.041209,84,2367.576422
505.405642,215,2368.413755
716.47057,303,2369.591708
716.71493,300,2370.768975
759.674739,331,2372.069967
-4.140781,11,2372.130624
901.983956,382,2375.097881
59.315369,66,2375.384046
39.881372,57,2375.604629
70.02022,72,2375.905454
479.867748,294,2377.066476
70.218658,79,2377.385112
759.56267,322,2378.681466
1084.683763,459,2380.499286
145.06304,115,2380.944013
792.961859,432,2382.638916
759.682998,321,2383.914952
201.369539,156,2385.977262
149.459486,119,2386.455212
899.386515,375,2387.91519
145.713061,113,2388.398937
758.823097,333,2389.703668
278.102114,182,2390.410716
505.558882,204,2391.193296
565.993587,234,2392.147618
714.72066,316,2393.39553
714.970972,310,2394.624805
276.313724,186,2395.355911
345.537614,220,2397.578881
246.203894,170,2398.264552
1085.6095,474,2400.164374
630.703109,353,2401.590272
153.990279,120,2402.051749
274.742103,199,2402.806376
95.343195,95,2403.209158
565.048314,248,2404.208699
-8.053249,1,2404.229214
389.537161,258,2405.248223
943.877072,406,2408.367077
713.026008,317,2409.598572
900.55518,389,2411.119026
566.298301,229,2411.981413
15.71437,38,2412.156769
504.783056,205,2413.025342
759.317723,325,2414.399057
716.664522,315,2415.664784
118.080162,96,2416.047428
899.087545,401,2417.652693
505.172292,210,2420.189823
59.577064,63,2420.469988
477.931874,296,2421.625706
77.158448,77,2421.922584
564.649677,237,2422.873586
305.805738,217,2423.747111
899.070211,387,2425.27714
119.860473,100,2425.6605
795.747764,418,2427.319281
125.451343,107,2427.769441
1085.706381,458,2429.591952
62.757185,73,2431.596358
716.326029,317,2432.859217
899.871881,392,2434.784936
901.044749,387,2436.359331
716.979568,303,2437.618289
566.092881,232,2438.529173
1084.609926,497,2440.648584
59.531523,64,2441.01532
143.399379,114,2441.668284
37.716187,54,2442.02236
792.234548,345,2445.136693
59.189,64,2445.482409
1085.490693,468,2447.826556
99.414937,97,2448.29684
941.783807,421,2450.358441
898.810519,381,2451.931048
59.415927,64,2452.247526
802.244733,358,2453.787674
902.154715,386,2455.449571
144.163739,126,2457.517705
943.832122,408,2459.243364
415.292749,258,2460.35209
944.208357,405,2462.137695
59.551077,69,2462.42469
758.510862,335,2463.896498
264.232261,189,2464.679978
144.291197,118,2465.216887
101.115579,100,2465.617209
567.72834,241,2466.668479
40.541766,52,2466.9116
409.72377,248,2468.007336
403.580899,255,2470.210953
98.428293,103,2470.671477
1083.590497,482,2472.763582
715.604953,295,2474.029526
121.77762,102,2474.49544
567.862128,232,2475.55042
1085.260863,469,2477.56533
505.417433,218,2478.494202
760.413266,324,2479.862271
716.298247,297,2483.03815
898.239738,399,2484.689412
59.781163,73,2485.006412
98.007229,96,2485.438931
760.23654,324,2486.842292
638.271417,356,2488.342852
59.378759,69,2488.68064
760.312116,328,2490.063919
760.462156,326,2491.451845
505.143133,215,2492.418886
566.668951,239,2494.847102
899.205198,412,2496.613269
897.846118,377,2498.187999
59.926749,66,2498.483072
1085.291594,456,2500.457434
717.536625,297,2501.700318
1085.911327,463,2503.700519
399.143167,248,2506.125615
760.601942,325,2507.592226
406.761314,253,2508.718341
450.183923,281,2509.95475
794.876358,417,2511.745381
503.776646,207,2512.636064
760.266794,326,2514.0643
476.952435,305,2515.361883
288.534947,179,2516.085835
794.215521,341,2519.233406
45.248567,56,2519.471772
277.344177,190,2520.313223
289.657712,204,2521.14571
140.83071,111,2521.648767
1083.932204,472,2523.651976
943.211494,402,2525.358689
32.321284,47,2525.559738
945.367966,401,2527.336156
116.563962,103,2527.823643
899.595707,388,2530.85757
943.292493,407,2532.635644
1087.016093,444,2534.530327
897.770006,396,2536.178588
761.136903,325,2537.552801
506.862093,211,2538.439858
141.608303,114,2538.917213
473.187864,301,2540.1998
898.368411,391,2543.362399
372.661745,229,2544.341763
504.988004,211,2545.269759
901.360195,371,2546.895111
716.025235,303,2548.176035
1087.173241,461,2550.138463
898.52745,400,2551.80462
69.152998,78,2552.143513
118.464093,99,2552.548605
126.53405,112,2553.056885
505.088078,205,2555.208703
56.696937,66,2555.529242
943.012296,395,2557.180051
1086.329736,462,2559.147211
480.61397,297,2560.362519
899.966112,397,2562.035295
565.265295,244,2563.020905
761.521084,313,2564.377683
565.66865,241,2565.443825
898.893641,389,2568.777218
565.911818,237,2569.790003
258.565073,199,2570.636096
716.598926,303,2571.926154
566.478319,226,2572.912616
715.391643,303,2574.194788
795.69982,359,2575.675755
218.795382,152,2576.319726
713.555813,311,2577.635629
566.048466,244,2580.213311
565.845562,249,2581.274201
477.313611,288,2582.470437
760.248812,333,2583.943035
149.740362,123,2584.47877
93.713984,130,2585.050361
50.898191,60,2585.312317
141.926898,118,2585.796911
565.720602,239,2586.82862
1084.537553,464,2588.790479
422.784614,266,2589.932649
1085.969559,460,2593.042019
802.728111,356,2594.557872
143.29677,121,2595.077225
454.945766,273,2596.250801
900.585113,385,2597.884073
566.496595,239,2598.929589
759.183156,340,2600.375057
566.918373,227,2601.32804
942.263672,414,2604.752209
899.970812,404,2606.5825
504.768141,208,2607.470425
392.289655,256,2608.538184
760.484587,318,2609.887623
565.814698,237,2610.886982
97.836047,109,2611.414857
313.674278,304,2612.746355
900.377112,381,2615.721545
758.738595,339,2617.19395
900.223461,383,2618.800294
715.808801,306,2620.082544
98.696881,98,2620.506444
759.50997,336,2621.943825
716.347181,313,2623.231195
416.703213,251,2624.296406
96.961851,98,2624.724111
120.274384,106,2625.193692
1085.46306,488,2629.204282
715.875507,299,2630.472609
715.443054,299,2631.72627
898.060531,392,2633.382586
1085.377946,476,2635.392858
716.014083,311,2636.749761
759.551515,315,2638.089987
49.852064,61,2638.346343
105.174211,100,2638.789861
1086.014248,469,2642.334585
565.565008,245,2643.410813
661.763333,380,2645.040215
899.698143,409,2646.755398
57.773982,63,2647.044928
715.444362,299,2648.347465
802.430712,350,2649.88268
760.743464,335,2652.661569
505.195669,203,2653.539422
105.846285,92,2653.951618
716.813772,304,2655.238993
212.685085,157,2655.995417
-8.046338,1,2656.021425
406.605881,254,2657.105839
1084.769408,475,2659.110722
793.979613,431,2660.979906
505.914679,214,2661.880219
714.909632,311,2663.229796
622.12713,365,2666.174386
97.295992,105,2666.605451
942.468121,408,2668.414267
943.616252,419,2670.214805
505.72771,217,2671.11044
757.654766,319,2672.508037
565.326064,246,2673.559626
468.697858,291,2674.808173
716.537798,309,2677.077557
1082.740284,487,2679.134693
716.661758,295,2680.358762
291.260116,200,2681.225631
898.647728,376,2682.809295
564.368585,252,2683.87128
505.375669,221,2684.830062
59.209998,62,2685.10503
567.337601,235,2686.126274
505.356788,217,2688.677724
115.449027,112,2689.179157
896.709624,394,2690.859457
896.05441,397,2692.554664
715.687886,299,2693.804097
758.860922,329,2695.268419
452.700654,277,2696.47581
895.522745,423,2698.247513
145.734497,116,2698.77636
900.097288,402,2702.062872
153.335801,113,2702.546265
897.973403,392,2704.164977
1086.67657,458,2706.076146
714.696234,289,2707.313246
468.296604,294,2708.541468
-8.073824,1,2708.565202
898.564138,378,2710.142907
716.135488,318,2711.558492
480.695396,300,2714.348556
898.729779,392,2716.043934
112.434076,113,2716.494143
758.40276,321,2717.835547
99.986434,108,2718.280811
142.183708,116,2718.790365
1085.822058,457,2720.784625
1085.333017,475,2722.806271
1085.314918,476,2726.409854
94.683695,98,2726.883412
260.961209,192,2727.66399
100.660058,106,2728.132679
566.607264,235,2729.157195
48.74525,61,2729.453712
267.021273,213,2730.328518
793.142367,456,2732.22319
760.024216,332,2733.607978
709.780414,309,2734.928971
899.151148,383,2737.87851
415.215671,267,2739.039306
99.213231,105,2739.514354
190.824068,143,2740.166472
503.398538,230,2741.10102
48.164165,59,2741.367234
1086.479288,452,2743.326602
899.600667,380,2744.92528
201.433448,147,2745.547824
96.738983,100,2746.00211
759.378244,342,2747.442638
793.802187,446,2750.837381
565.839827,244,2751.8877
714.76963,313,2753.20061
356.44577,249,2754.260176
761.500302,309,2755.568474
505.26491,218,2756.507991
120.965054,101,2756.942537
1086.963557,477,2758.970258
193.363591,133,2759.602678
506.717204,214,2761.968569
1086.836199,483,2764.145879
758.830027,334,2765.595555
1086.388753,459,2767.531317
714.890575,316,2768.881561
118.448886,101,2769.313984
105.228681,111,2769.805057
898.187555,396,2771.507482
504.812488,216,2772.46545
898.837548,399,2775.464603
65.799493,82,2775.83966
715.822819,298,2777.089624
505.724691,223,2778.129763
899.326613,401,2779.795808
1085.033889,463,2781.821305
41.002906,52,2782.047404
898.888612,397,2783.73817
567.050617,237,2786.43049
715.695784,296,2787.691972
715.176172,298,2788.926684
792.624347,423,2790.710082
248.933977,185,2791.48774
-16.053881,1,2791.509821
505.899857,219,2792.454039
715.19995,297,2793.763052
716.89827,298,2795.032446
565.777349,251,2796.120054
716.612826,304,2798.838675
710.311125,299,2800.13173
715.877281,306,2801.443888
60.031728,68,2801.737014
68.587543,85,2802.087724
898.575664,397,2803.760614
72.739552,82,2804.12476
144.756075,118,2804.616672
105.32739,92,2805.047126
805.087022,345,2806.51373
113.486679,114,2807.011047
1084.895257,487,2810.637124
1085.86166,465,2812.627392
419.432238,264,2813.734817
806.174432,352,2815.27843
565.421214,248,2816.298614
64.242467,80,2816.648988
898.936635,382,2818.333336
1085.136394,460,2820.25958
1083.621693,490,2823.744251
161.222894,118,2824.247145
28.361639,44,2824.456242
758.845659,342,2825.944326
60.783161,67,2826.226628
942.35607,425,2828.114649
506.511777,211,2828.985289
1084.635851,480,2831.07446
505.287403,217,2832.012401
564.779619,242,2833.040375
1085.131326,473,2836.343182
759.21304,340,2837.769054
897.835976,389,2839.392876
941.461387,422,2841.239627
759.841465,328,2842.679315
760.721089,320,2844.012405
716.81296,301,2845.304758
70.393903,76,2847.23802
-16.070366,1,2847.261307
458.064151,300,2848.519117
941.993711,417,2850.365882
941.634996,409,2852.129405
943.6916,421,2853.940729
899.750946,376,2855.548594
50.399867,59,2855.796057
565.349474,240,2856.813145
761.219115,327,2859.280996
1084.8809,464,2861.247776
505.56683,213,2862.152412
942.830172,405,2863.906749
-8.0566,1,2863.933345
758.314383,336,2865.33523
584.216497,358,2866.834966
99.373457,94,2867.265852
1083.49448,463,2869.266461
806.641144,341,2871.975234
943.503699,409,2873.676978
60.779169,70,2873.992285
897.446436,379,2875.607785
59.22087,73,2875.962728
564.829919,257,2877.029295
423.412691,256,2878.120051
266.344067,207,2879.005478
69.944575,78,2879.334401
4.994813,25,2879.458438
899.448537,389,2881.109896
40.11417,59,2881.364771
479.757332,292,2884.375536
59.351235,70,2884.665194
565.228682,249,2885.745797
897.880084,393,2887.392473
801.397327,353,2888.868086
898.687211,403,2890.624566
564.987164,234,2891.632939
714.43125,317,2893.018748
567.080962,248,2895.624199
898.866248,394,2897.332883
715.77752,302,2898.590551
99.928914,97,2899.01542
1087.954325,473,2900.984204
897.726157,397,2902.769639
801.125657,371,2904.365897
39.555256,56,2904.628809
715.924828,303,2905.875425
1085.437801,476,2909.214835
114.757675,124,2909.778756
247.044956,192,2910.586825
238.837132,170,2911.358581
39.009245,59,2911.605081
896.251939,412,2913.346365
760.627866,319,2914.690822
504.176578,214,2915.629985
478.070571,291,2916.906353
565.372863,241,2917.939309
89.487896,90,2919.845829
105.639463,98,2920.279789
898.992168,389,2921.972233
710.632955,334,2923.387013
64.557742,70,2923.721598
759.342042,327,2925.132606
897.022495,407,2926.814169
716.378427,309,2928.178066
244.54721,163,2928.859493
99.956046,99,2929.323507
37.93047,55,2929.554292
717.370059,303,2932.158837
271.502947,186,2933.073352
1087.305581,476,2935.081681
899.194738,392,2936.801646
804.353132,368,2938.357999
1086.945582,452,2940.284334
703.974279,298,2941.588666
115.052732,120,2942.114692
1085.139459,472,2945.597647
715.134258,308,2946.958845
897.850247,395,2948.65816
1085.1677,467,2950.657475
244.927664,177,2951.460479
285.215062,199,2952.256114
759.128306,337,2953.656697
565.375267,244,2954.702026
264.441069,209,2957.36331
564.630316,254,2958.454157
1085.244709,462,2960.425305
98.859807,98,2960.853566
118.530208,98,2961.290295
715.402506,315,2962.605805
37.717628,54,2962.874074
759.479196,336,2964.317873
899.610726,387,2965.96517
96.479794,83,2966.366827
422.618423,281,2968.938415
455.857165,290,2970.208572
898.441625,388,2971.867336
899.548136,381,2973.49058
899.540652,397,2975.182841
715.98308,308,2976.524662
254.235235,184,2977.310522
942.848862,399,2979.034788
505.531147,204,2981.363522
431.622579,267,2982.498615
114.121372,111,2982.995274
481.142335,294,2984.216292
898.968298,392,2985.875303
505.613294,210,2986.749448
565.373898,240,2987.773605
897.798183,379,2989.424339
435.471988,277,2990.636495
565.219049,249,2991.674494
59.429551,68,2993.52885
36.715976,58,2993.795844
345.811102,231,2994.785863
209.621902,147,2995.436308
286.658576,190,2996.261429
505.083101,212,2997.12883
758.063163,343,2998.591561
505.67424,214,2999.529344
562.714438,256,3000.618945
1085.344989,465,3002.563738
885.67993,419,3005.818547
565.36793,244,3006.873137
59.622726,63,3007.136189
315.181581,257,3008.263352
1087.258169,478,3010.334957
899.172835,386,3012.004959
897.758383,392,3013.6443
302.001407,210,3014.589439
566.469343,240,3015.60145
388.436947,236,3017.592606
1086.788721,463,3019.573306
565.361707,240,3020.630017
897.868769,392,3022.358872
405.087799,259,3023.435682
716.673878,303,3024.764043
1085.859641,466,3026.764619
505.743086,217,3027.70118
378.480678,258,3030.598435
70.738635,81,3030.954447
761.127326,336,3032.476846
65.295722,71,3032.782249
943.204405,406,3034.551517
97.497777,110,3035.072326
65.814659,70,3035.367955
505.756076,209,3036.254973
504.918771,217,3037.164439
49.261199,61,3037.445745
897.873701,401,3039.176423
96.932826,100,3039.651804
408.80297,268,3042.541515
441.351067,290,3043.798878
706.702964,309,3045.098859
1087.792516,449,3047.018641
944.38876,394,3048.733435
899.447567,401,3050.414343
152.098917,119,3050.979379
899.593868,405,3052.732681
27.259944,48,3052.98206
503.934924,219,3055.282382
794.933553,423,3057.044074
780.843817,355,3058.673605
505.687103,221,3059.624292
475.476798,293,3060.875365
81.096709,94,3061.285796
408.404639,244,3062.347017
266.5446,206,3063.207306
899.81347,397,3064.848605
140.406443,124,3066.681108
899.806226,388,3068.309727
897.33955,398,3069.982345
118.987474,103,3070.488613
714.784425,322,3071.920042
759.111729,329,3073.350405
347.304868,232,3074.332325
213.666324,157,3074.981532
211.694031,146,3075.616201
505.95614,215,3076.507547
66.636265,80,3076.838214
898.507181,395,3080.079589
714.851174,309,3081.394726
327.800654,206,3082.23132
566.439623,237,3083.243309
68.712881,79,3083.565609
291.522104,199,3084.397465
70.541883,74,3084.722288
152.305538,128,3085.266433
497.70139,309,3086.533943
714.761464,306,3087.802768
1086.566989,468,3091.246248
1087.693853,474,3093.2359
761.885825,324,3094.628438
716.449243,300,3095.896606
759.276617,342,3097.438934
761.214496,324,3098.829486
-16.054108,1,3098.854816
99.415199,101,3099.30351
805.772567,339,3100.725851
64.765439,71,3101.034967
566.543929,232,3103.688923
565.936963,236,3104.685381
263.742798,205,3105.568721
714.962401,313,3106.960474
119.24787,103,3107.395065
941.837515,422,3109.221808
121.151442,116,3109.779464
504.76844,221,3110.759465
144.75529,128,3111.324041
758.866647,341,3112.760017
564.809951,238,3113.785985
717.077837,302,3116.413131
566.706105,234,3117.387031
898.758195,409,3119.155936
260.475019,189,3119.951461
41.404474,61,3120.217164
41.10403,59,3120.471565
120.999346,103,3120.93992
899.262024,378,3122.553427
415.686836,269,3123.695233
759.836139,328,3125.097345
68.924736,78,3125.443021
46.295573,55,3125.700311
795.502132,437,3128.902709
941.905146,418,3130.704681
406.3071,258,3131.857695
476.269653,289,3133.066514
452.992995,289,3134.305192
256.796677,180,3135.08546
804.130831,347,3136.540763
97.892811,109,3137.009816
899.282167,384,3140.086994
1086.864897,460,3142.066006
581.748016,334,3143.471653
564.966559,234,3144.490883
761.24705,326,3145.912045
798.628518,352,3147.469911
716.043926,299,3148.791278
1085.066359,478,3152.360207
566.444977,231,3153.386515
60.597095,63,3153.672758
520.881259,317,3155.029075
759.922961,341,3156.533802
566.002409,247,3157.554746
898.42392,396,3159.252663
70.554772,79,3159.614548
789.16675,426,3161.453568
407.260106,252,3162.532736
265.187149,176,3164.605613
105.352507,96,3165.054475
99.411411,97,3165.453635
943.204677,419,3167.209414
406.610216,254,3168.358926
503.908293,221,3169.340464
566.205698,232,3170.336671
220.518463,153,3171.052513
60.335681,72,3171.368339
758.413242,338,3172.824895
70.048308,81,3173.180628
506.097443,228,3174.145116
489.376138,315,3176.998789
60.01764,69,3177.312456
714.888532,310,3178.658612
243.762541,159,3179.344077
415.226365,271,3180.499611
1087.304955,478,3182.563313
943.835206,423,3184.394145
861.658588,479,3186.477107
901.187406,399,3189.534824
944.644648,409,3191.311172
760.178231,327,3192.732354
899.085657,393,3194.425023
1083.992454,495,3196.599108
257.79423,197,3197.426397
319.854719,218,3198.366957
714.900092,309,3201.411355
354.698457,226,3202.408394
197.352461,147,3203.04625
59.682274,66,3203.369551
506.195902,209,3204.241781
59.828697,79,3204.591379
715.600771,310,3205.913449
898.915525,408,3207.664509
505.862647,210,3208.534754
714.10765,315,3209.877508
271.449315,177,3210.664433
409.187869,250,3211.700562
943.126911,401,3214.631951
105.55447,90,3215.024857
505.064589,217,3215.943615
443.95102,277,3217.136529
483.058877,294,3218.448522
760.430332,327,3219.857537
506.021083,213,3220.779238
301.282579,201,3221.631848
14.33556,36,3221.7965
456.666249,286,3223.019047
715.599268,317,3225.620678
-16.03476,1,3225.643499
804.378302,358,3227.203462
1085.142927,462,3229.21637
758.593472,336,3230.654646
68.944141,80,3231.005193
506.083265,210,3231.915749
492.417643,301,3233.195364
1086.829409,492,3235.397842
143.878556,123,3235.973535
346.902725,224,3238.059697
313.276525,211,3238.969944
144.11199,130,3239.535215
60.925632,67,3239.834718
208.620878,142,3240.480119
39.681972,56,3240.761093
60.626681,71,3241.059458
760.695984,344,3242.515924
563.66945,255,3243.627125
98.03174,112,3244.10177
792.59908,452,3246.077016
461.188464,290,3247.311857
714.980926,306,3249.987508
758.906074,329,3251.409233
98.990733,101,3251.940344
794.892066,445,3253.844912
715.013494,301,3255.132506
715.604257,307,3256.439874
388.837719,231,3257.46264
714.281528,306,3258.795869
564.46292,239,3259.914863
392.859478,250,3262.601268
898.048952,397,3264.366684
-16.04217,1,3264.389362
1086.636217,460,3266.410705
65.123438,87,3266.787112
67.772985,80,3267.12816
1086.812975,489,3269.206255
567.410551,234,3270.256832
417.425088,256,3271.35592
1087.67201,464,3275.130419
716.887264,304,3276.36772
405.454597,275,3277.565426
506.522302,212,3278.426589
565.092433,251,3279.495584
716.272368,318,3280.818806
342.387089,215,3281.745933
389.550909,235,3282.777761
1085.785723,488,3284.877679
143.448844,130,3287.015162
92.437163,96,3287.470287
1084.131264,483,3289.576062
565.209484,249,3290.607919
716.533952,295,3291.9073
565.306854,242,3292.977515
565.927107,237,3293.985899
899.342539,396,3295.658531
898.304701,392,3297.332101
-16.049232,1,3297.353624
348.968233,224,3299.842217
716.096988,306,3301.153834
465.393758,294,3302.40284
266.267263,215,3303.302963
115.878936,114,3303.833464
58.941859,62,3304.096955
342.075995,225,3305.079157
292.459732,200,3305.937467
-16.021362,1,3305.961349
794.005615,425,3307.750688
39.963088,54,3307.98289
898.907894,408,3309.798898
759.951162,324,3312.84986
567.525478,230,3313.857659
505.658991,211,3314.760513
945.048488,399,3316.526026
1085.634576,490,3318.646566
474.27637,303,3319.947708
60.278359,71,3320.245366
59.612494,68,3320.537566
1084.546978,493,3324.284024
566.724876,233,3325.277132
567.506842,233,3326.291977
716.320852,302,3327.556117
75.282633,80,3327.934164
717.080118,307,3329.232368
899.802481,389,3330.906579
796.660862,413,3332.681723
637.998381,372,3334.289513
345.404777,228,3336.983018
-8.050058,1,3337.005069
1086.058901,456,3338.993905
1084.454858,488,3341.087924
1085.862408,483,3343.157462
715.74426,306,3344.536371
941.901086,420,3346.359727
566.880287,240,3348.89063
941.469915,422,3350.770553
714.951069,309,3352.114456
711.367952,316,3353.485283
358.877939,224,3354.493387
899.299028,405,3356.2091
236.765612,176,3357.025785
563.553643,287,3358.256476
715.06129,319,3359.627203
333.996202,228,3362.017558
761.388673,329,3363.451296
760.546493,332,3364.878922
901.073504,408,3366.623716
391.606774,253,3367.745565
899.80427,374,3369.364496
61.727094,80,3369.721419
127.474859,111,3370.202168
504.346633,226,3371.152568
1085.780941,468,3374.398591
408.191158,260,3375.517582
394.883865,243,3376.594299
567.263006,242,3377.617342
716.513018,303,3378.959451
228.564622,180,3379.728251
76.830892,83,3380.123756
115.419363,104,3380.580494
941.636759,447,3382.509852
143.53035,112,3383.045561
98.98814,103,3383.535206
-8.06747,1,3383.560435
563.94834,241,3386.228975
310.949236,208,3387.141506
565.194502,241,3388.122935
715.330803,299,3389.470746
99.261611,101,3389.876365
760.83218,336,3391.31437
565.931886,256,3392.419198
898.912527,383,3394.029264
49.108558,65,3394.298502
943.323784,432,3396.172078
564.960912,247,3398.736087
-2.36758,14,3398.831348
258.238916,203,3399.697435
265.349559,212,3400.609343
759.819441,336,3402.078492
39.891569,60,3402.354478
794.056488,433,3404.229379
151.396208,117,3404.746073
711.892051,305,3406.094414
99.741654,97,3406.50904
114.153155,112,3406.974661
716.175737,306,3408.322154
193.834949,156,3410.453753
758.424935,337,3411.946263
1084.530394,494,3414.078519
899.547075,397,3415.847061
897.772325,393,3417.503673
565.326763,247,3418.581695
504.23611,222,3419.563665
900.368789,390,3421.238878
1086.314056,472,3424.871396
362.277055,243,3425.902029
466.591786,281,3427.155677
413.178284,256,3428.291301
1085.193424,462,3430.325773
39.173739,58,3430.606793
900.725917,391,3432.228953
899.557888,399,3435.406664
802.546229,343,3436.82344
566.104216,240,3437.83095
360.432891,243,3438.962605
942.663823,424,3440.823701
944.106972,398,3442.482314
388.783783,241,3443.539104
120.015363,100,3443.97139
114.32619,110,3444.45489
759.980286,330,3445.939163
714.764091,313,3448.543274
1086.850466,484,3450.59945
482.562139,308,3452.051882
293.741899,197,3452.857657
521.539817,309,3454.201147
794.989605,427,3456.055439
717.029458,315,3457.491491
900.257012,398,3461.146644
86.9028,91,3461.548247
565.618355,237,3462.557816
-8.048417,1,3462.57899
268.108514,197,3463.422306
565.501962,243,3464.481396
564.128028,264,3465.619273
717.036756,307,3466.971964
622.971285,379,3468.589584
-16.028141,1,3468.611862
716.073866,297,3469.930737
60.539166,80,3470.269326
97.587291,110,3470.772724
716.470719,295,3473.638805
792.776848,419,3475.450936
120.337299,105,3475.956106
390.896757,255,3477.107181
-16.047264,1,3477.130443
58.05672,69,3477.441765
114.01473,123,3477.968321
899.874112,411,3479.731649
794.419963,351,3481.236509
717.562384,306,3482.59663
716.077341,311,3485.562301
343.293239,222,3486.556588
227.071263,161,3487.254844
-8.064142,1,3487.277071
791.594641,434,3489.177028
505.469027,225,3490.158092
714.338432,323,3491.566657
898.381265,396,3493.271342
900.785772,391,3494.947742
566.057119,235,3495.981662
145.008767,150,3498.011935
67.112574,81,3498.349149
1085.927156,477,3500.481757
716.533426,304,3501.760891
59.778087,67,3502.067306
761.403302,329,3503.443383
59.937449,66,3503.725728
58.875061,67,3504.055848
758.76245,329,3505.456533
1085.964557,470,3507.493355
474.722499,301,3510.192443
263.512604,194,3511.031528
804.888375,354,3512.568675
59.283835,68,3512.858728
716.108009,312,3514.233172
153.477677,118,3514.77758
505.689135,214,3515.698458
1086.517823,462,3517.719522
491.911091,295,3518.989043
46.874693,62,3519.282502
147.037457,127,3519.809694
1084.982148,487,3523.687631
794.33969,433,3525.581229
760.114813,322,3527.019805
490.179026,296,3528.309622
760.352962,328,3529.817718
715.224793,299,3531.136759
562.458683,243,3532.205895
48.361914,58,3532.503682
115.88508,96,3532.958698
219.689318,168,3535.508983
759.86487,331,3536.95854
759.83562,341,3538.424725
507.357498,218,3539.31178
258.461707,197,3540.179991
566.168083,241,3541.236401
343.253157,216,3542.169226
70.472189,75,3542.497648
415.080248,264,3543.631117
900.431465,398,3545.327717
70.205751,82,3545.726882
483.301958,297,3548.439438
901.469327,387,3550.094126
70.042687,80,3550.479223
414.053102,251,3551.551331
1084.123764,488,3553.586777
715.369512,310,3554.90125
1087.225086,487,3556.996522
243.300333,168,3557.749697
70.35044,78,3558.149355
901.121868,384,3561.193265
715.234751,301,3562.505222
267.239092,216,3563.4197
564.554474,272,3564.611197
271.004006,190,3565.454478
63.871128,83,3565.799517
900.316304,402,3567.513113
70.806894,78,3567.870533
1084.730537,476,3569.960004
1085.166219,497,3573.298338
477.156363,300,3574.632796
59.494213,65,3574.906967
60.577249,63,3575.189147
803.765613,436,3577.123607
942.355254,418,3578.968293
715.970342,300,3580.239343
112.529316,105,3580.712551
715.058849,301,3581.987445
143.164494,118,3582.49298
