#{"t_start": 1778013075.4379435, "env_id": "None"}
r,l,t
-6.43716,318,3.904516
-18.635274,469,8.136893
-4.694416,149,9.448991
-8.559974,241,11.577296
1.650341,102,12.53606
7.227562,232,14.704157
-16.037014,1,14.737485
2.77152,146,16.026881
-10.41255,254,18.231934
-14.714084,206,20.035123
-15.328323,294,22.454282
-0.430458,28,22.705479
-5.664468,338,28.930644
-2.079669,49,29.375849
-18.61128,470,33.304837
-28.856317,574,38.350651
-7.518946,69,38.953609
-2.506518,69,39.515002
-12.774519,183,41.035893
-9.661442,176,42.494842
-47.020195,579,47.311969
-42.80684,600,55.495632
-60.668066,600,60.446163
-45.778248,600,65.526491
-29.340084,381,68.84617
-21.337871,300,71.475965
-62.592195,709,80.399551
-99.219959,1257,90.472528
-47.39949,600,95.522903
-24.590095,300,101.946664
-8.062684,1,101.979794
-48.607726,600,106.738146
-84.779334,900,114.253894
-24.420146,373,117.175118
-40.221432,600,128.029169
-30.390336,381,131.018077
-24.268355,399,134.267854
-10.975701,301,136.698785
-44.692772,600,141.551826
-27.345841,419,144.899095
-6.050055,48,145.311534
3.415925,386,152.892172
-7.381682,141,154.103859
-8.225699,167,155.494123
-22.025613,496,159.391803
-7.875794,164,160.931835
-29.7527,742,166.888726
-44.198013,600,175.725636
-6.716926,45,176.122679
-11.258164,100,177.070816
10.746608,186,178.599988
-5.377357,31,178.869957
-5.76991,30,179.162181
6.995256,171,180.588832
-6.895313,63,181.156293
0.36835,38,181.532808
-8.555166,53,182.095815
-3.308325,21,182.27573
2.043024,94,183.148469
-24.554517,456,187.040523
-5.280913,103,187.881827
-5.23859,130,188.953325
-7.532316,93,189.766513
-49.829631,600,194.731987
-32.725149,900,205.434751
31.4542,188,207.126955
-37.290397,600,212.637114
-39.705994,600,217.755295
-6.166544,380,220.877018
-26.974111,490,232.62212
-12.209222,1200,243.060397
-9.695268,600,248.110182
31.797214,333,261.189596
114.363114,1500,275.027882
51.162962,287,277.537376
70.168775,356,280.770745
135.184335,1500,299.10485
65.864194,409,302.629567
84.533207,333,305.497396
18.374162,123,306.52898
33.850467,337,309.506725
11.62779,89,315.93273
3.234837,58,316.454157
25.744831,182,317.974196
28.279882,146,319.232948
42.091781,185,320.772244
46.358985,171,322.257017
89.645767,400,325.71729
46.89545,141,326.930494
19.739708,123,328.127558
46.539369,130,329.235762
51.430237,200,331.217808
42.696869,197,333.023579
40.047786,163,334.473943
47.656664,134,335.65509
64.732776,216,337.501061
39.140699,255,343.082406
89.38253,322,346.065918
93.337001,391,349.474479
-30.816083,600,354.4972
73.231179,216,356.436998
28.047024,134,357.762484
86.068196,340,360.738145
88.494492,512,367.475987
40.094596,120,368.584039
75.29544,191,370.172501
93.891879,450,373.969807
97.471681,508,378.319328
3.039148,53,378.78847
13.53503,62,379.300441
21.707619,93,380.065234
41.557129,102,380.946608
13.996141,900,390.55487
80.412861,241,392.672585
-96.626031,134,393.842114
44.517835,115,394.818891
48.271153,170,396.288707
40.974334,105,397.16162
93.408354,536,401.807705
66.642846,159,403.19058
60.30545,207,405.031385
35.628507,600,412.954729
54.122278,238,414.997776
70.629152,175,416.555871
42.554031,106,417.525777
33.267848,100,418.341048
-8.059624,1,418.371974
44.153781,145,419.580483
64.718886,138,420.742347
13.395694,53,421.218705
45.367994,93,421.988177
191.216627,274,424.206554
63.349618,105,425.005222
42.777472,100,425.837421
43.437,90,426.682955
48.884981,147,427.947761
43.195068,156,429.279202
45.232403,131,430.447079
46.01324,100,431.305308
13.116524,68,431.895143
65.381045,132,433.111509
70.305923,142,437.111515
42.475438,101,437.961199
68.733307,132,439.127607
38.997186,125,440.200794
61.639871,133,441.400868
44.865718,132,442.596058
47.155886,78,443.29477
63.325489,110,444.232001
41.282691,109,445.128373
20.191094,89,445.943152
43.926261,99,446.847
76.334692,152,448.108591
42.693111,92,448.897278
94.511784,170,450.339134
48.760814,88,451.139661
78.708638,146,452.370171
68.714428,135,453.46807
63.279083,115,454.400614
95.457257,140,455.663424
43.512167,99,456.524707
208.97252,378,461.427304
34.885471,84,462.166443
54.078546,600,467.45009
48.026851,97,468.231043
13.336955,60,468.78417
96.405716,140,470.028017
-9.746705,80,470.718778
158.747094,600,475.790997
35.203276,85,476.542779
24.668774,87,477.377404
43.310689,91,478.139767
78.10299,133,479.225214
36.440007,82,480.057723
157.273891,600,487.457304
12.202051,103,488.379433
67.247965,110,489.341587
43.510009,88,490.152195
149.778933,600,495.315737
160.708835,600,500.388475
104.959281,341,503.511426
15.513289,60,504.138733
182.005175,252,509.633554
71.917169,123,510.691551
142.897318,358,513.875423
78.98431,111,514.828702
46.452412,87,515.608896
47.98443,97,516.453555
48.099951,98,517.311726
151.339889,361,520.434752
105.712537,320,523.26222
13.576589,80,523.9346
155.163712,600,529.212073
98.427301,150,530.75371
96.561041,900,541.780515
-8.054229,1,541.80388
299.258861,535,546.426137
23.659877,600,551.440338
105.962695,192,552.962549
47.415813,334,555.712174
78.496218,108,559.984653
38.525637,203,561.915095
79.101989,118,562.952269
31.392578,463,567.193585
71.750035,121,568.237419
49.021281,95,569.021354
73.553579,117,569.985676
-1.18,600,574.912106
109.068809,153,576.191565
208.13074,478,580.403613
67.220127,129,587.063727
425.195506,767,594.1438
262.973222,494,598.707011
327.089472,546,603.342652
345.046713,592,608.564733
46.413469,69,613.539985
45.881291,77,614.238437
79.36441,105,615.145946
770.440278,1437,627.842459
45.931887,73,628.483422
324.883866,516,632.942057
116.402134,153,634.257001
45.602807,75,634.893426
221.971861,297,640.431653
48.378732,79,641.052621
230.733785,326,643.655631
43.037259,80,644.382273
-8.018473,1,644.413481
210.643968,298,646.96467
79.359544,135,648.13429
26.854654,371,651.39849
47.800707,159,652.734467
49.212498,81,653.488344
354.007473,864,662.778874
109.310805,137,663.923653
212.543562,300,666.651474
179.953303,236,668.742026
329.482404,588,673.376594
97.877015,119,674.40821
337.909357,631,679.904377
333.005259,649,688.683889
313.972404,563,693.694358
39.999888,99,694.561292
108.264175,147,695.925648
108.028748,137,697.148353
-16.043741,1,697.185485
100.345109,121,698.212685
374.24631,604,703.51392
37.603545,71,704.125181
206.596028,206,705.862089
94.457804,109,706.901567
68.155745,99,707.818732
53.910117,155,711.65841
209.621478,252,713.996344
76.850703,117,715.020185
78.612358,130,716.033382
91.789669,116,717.054065
0.859226,96,717.888521
45.356572,85,718.617279
108.643537,130,719.710122
67.129517,97,720.515618
340.153558,464,724.670724
93.985152,115,725.698593
46.167403,85,726.464801
215.270558,248,728.606745
341.507878,462,734.597616
115.332552,142,735.963114
340.625428,473,740.127515
206.349051,330,743.004987
69.369062,95,743.821022
315.521669,483,748.312744
424.469198,500,752.493278
-16.040112,1,752.53472
335.977235,559,760.740281
107.533007,147,761.972592
222.388864,276,764.289681
2.850561,38,764.618697
419.508012,656,770.548062
179.773458,248,772.798598
105.091227,142,774.029555
183.907689,224,776.003963
67.327169,95,776.824726
73.594172,119,777.912846
278.070172,460,784.761317
187.212069,235,786.803018
869.875702,967,795.153189
230.721619,341,798.316835
114.466085,176,799.913954
282.475414,365,803.047302
424.458255,477,811.234203
249.761969,359,814.477266
54.799324,145,815.670437
115.803928,153,816.993399
210.046855,320,819.789831
187.908096,217,821.62143
702.970599,598,827.10065
52.16568,170,828.782288
116.250283,166,830.241131
80.681151,128,831.480139
263.41936,399,837.558996
259.230337,369,840.699221
49.882947,107,841.643644
115.219253,161,843.185709
238.156759,311,845.864408
282.431123,357,848.816608
113.584087,157,850.119293
116.446138,150,851.427596
52.744015,173,852.976046
93.273722,112,853.952516
252.03954,352,857.095928
102.849377,117,862.75712
52.504643,156,864.088681
1061.619933,1129,874.146402
567.234792,744,880.616897
556.658667,470,888.357407
705.115466,540,892.961177
-8.055624,1,892.996668
259.594269,380,896.291276
280.270181,392,899.842911
215.389299,405,903.470966
247.577789,325,906.352476
556.709631,453,912.876843
263.588493,352,915.804866
114.710282,171,917.187165
265.268915,344,920.216057
118.069884,140,921.357325
441.212143,616,926.517092
284.584942,310,929.066484
74.983942,90,929.829452
375.972678,453,938.793243
104.811441,128,939.872638
117.130369,143,941.179287
139.374029,182,942.874404
102.448767,121,943.947594
273.117757,342,947.065944
153.246672,191,948.566333
48.638493,187,950.092305
-24.478803,145,951.278553
55.56428,134,952.412342
272.134717,357,955.430058
139.720585,185,956.926754
101.004302,114,957.874189
38.964567,64,958.405844
-8.05055,1,958.439093
232.230379,338,965.28863
230.061598,336,967.968911
284.245794,308,970.614183
94.514739,151,972.010021
102.098941,112,973.045735
684.431249,812,980.076015
62.26975,81,980.750542
-6.430521,18,980.913344
115.568856,143,982.087214
555.601563,604,992.651484
107.908457,168,993.951062
58.094652,114,994.934347
272.736771,338,997.679913
287.44156,309,1000.198405
880.989789,700,1005.986599
271.650966,345,1008.83462
320.951814,336,1015.709048
58.140089,111,1016.661471
354.586224,394,1020.358637
103.916201,121,1021.358066
46.242263,71,1021.969891
295.765293,298,1024.251284
100.247931,114,1025.269371
148.963606,184,1026.871591
273.446949,333,1029.730209
704.436415,470,1033.875722
101.052205,112,1034.815711
383.269718,419,1041.48999
80.535731,112,1042.500009
74.223927,108,1043.416538
883.351155,656,1048.882594
25.639173,63,1049.438957
407.169048,435,1053.23773
68.772959,98,1054.171726
103.315771,149,1055.446008
73.460029,94,1056.283792
248.676383,514,1060.575953
455.045652,462,1067.243424
444.084878,594,1072.473152
104.382939,117,1073.616484
73.940265,90,1074.453268
691.697669,747,1080.797626
1057.555331,972,1093.013387
213.348794,234,1095.112348
103.042464,147,1096.380862
329.373852,374,1099.692833
295.267328,316,1102.409945
365.306912,399,1105.896193
57.686503,118,1107.034441
56.95586,123,1108.116184
407.570623,464,1118.978056
407.029155,459,1123.131561
-16.056526,1,1123.186282
101.237825,119,1124.178703
498.015207,367,1127.326304
883.017562,629,1133.083946
885.031676,638,1138.633029
883.831933,634,1148.309941
37.865738,59,1148.822014
1065.306294,891,1156.611119
499.200986,326,1159.611771
262.638088,275,1162.040487
557.359833,401,1165.745831
408.479154,420,1174.998751
558.135748,386,1178.617275
323.89633,339,1181.567322
225.142786,303,1184.209401
73.955359,87,1185.006677
691.987018,709,1191.348409
414.571488,381,1197.93661
559.191245,376,1201.183565
191.097826,244,1203.378576
235.264265,241,1205.475368
55.758066,114,1206.501529
208.923614,217,1208.619366
321.282279,317,1211.447529
-16.049921,1,1211.484566
139.738909,161,1212.80254
79.251303,109,1213.704746
115.966538,123,1214.750644
142.379907,158,1216.053196
883.370776,629,1226.766311
55.986646,126,1227.865182
263.441197,268,1230.201521
557.608884,386,1233.504024
1066.593963,824,1240.584079
263.197265,261,1242.712473
558.81045,383,1245.940331
388.024714,400,1254.267389
103.289685,107,1255.126404
1067.756301,846,1262.217484
119.244709,125,1263.346697
691.414859,670,1269.076537
690.22015,665,1276.872584
101.212118,110,1277.806702
746.934181,596,1282.672786
427.3686,362,1285.651718
228.911806,239,1287.635667
108.054106,118,1288.646511
885.405932,583,1293.694789
886.54248,592,1302.82962
357.145008,328,1305.755575
138.777126,153,1307.173429
561.496573,338,1310.003006
282.315121,258,1312.141042
887.033814,570,1316.605822
1065.817706,795,1328.030216
37.856727,197,1329.624187
573.329974,522,1334.162387
73.195816,88,1334.949486
60.94893,81,1335.672925
888.27046,535,1339.941593
104.392481,105,1340.992569
850.889302,795,1352.747204
888.791716,555,1357.340637
527.796,491,1361.502201
271.127294,300,1364.013453
105.496266,110,1365.063099
34.477144,164,1366.532555
559.026214,345,1369.677129
81.175772,97,1370.53599
-5.675964,185,1372.134055
572.513249,524,1379.6226
258.905822,277,1382.081794
560.262673,336,1385.138313
235.072211,236,1387.125312
104.395541,103,1388.081955
142.270482,152,1389.474682
145.151827,151,1390.854271
432.236757,363,1393.935055
501.808488,407,1397.456977
255.301259,246,1402.496663
230.720093,227,1404.476149
255.157352,245,1406.507776
62.345748,143,1407.898744
402.643476,379,1411.411397
264.11965,249,1413.466774
108.643297,118,1414.637336
290.6589,261,1416.925038
478.220548,373,1420.308008
889.010253,541,1428.174381
255.97467,234,1430.342859
640.488864,545,1435.116516
102.144953,105,1436.045657
231.105401,220,1438.043962
417.13284,334,1441.23833
418.353436,319,1444.38685
253.168226,233,1446.269136
49.291131,143,1447.478707
258.558158,279,1452.593447
259.924224,268,1454.901135
619.895974,535,1459.528346
234.687858,232,1461.522064
269.349091,320,1464.262637
97.777997,94,1465.129576
133.437013,123,1466.142602
344.41565,286,1468.851389
269.79597,241,1470.986918
-16.074863,1,1471.017253
101.169618,107,1471.958251
561.702584,320,1477.957957
595.718399,494,1482.113902
119.461184,124,1483.324483
234.284511,600,1489.096956
272.23248,294,1491.678265
110.420577,121,1492.698929
501.420093,302,1495.354785
711.382093,370,1498.861553
1071.050363,742,1507.309352
410.907676,354,1510.182251
1073.453382,670,1515.856916
711.762115,375,1518.922526
240.989502,226,1520.72198
235.709037,231,1526.007671
323.026018,243,1528.09715
241.683946,231,1530.22958
117.361599,116,1531.191344
1072.168477,703,1537.236623
228.824803,234,1539.210861
891.020409,531,1543.746012
891.96385,527,1552.609221
230.478626,208,1554.374317
892.198523,488,1558.724909
561.902784,295,1561.329646
37.940353,54,1561.832171
252.462859,233,1563.767354
933.935222,537,1568.175232
565.00807,277,1570.49315
936.132218,521,1577.098454
57.526456,115,1578.029294
56.504726,116,1578.966742
287.851272,237,1580.968659
286.409069,253,1582.953424
562.160336,299,1585.603546
57.091123,125,1586.710301
410.840943,313,1589.391352
284.592978,226,1591.358641
710.991651,373,1594.470297
244.603206,212,1598.842954
56.404855,121,1599.907561
1076.144583,636,1605.715525
247.191678,190,1607.151463
256.042711,215,1608.847464
58.977279,93,1609.585511
242.529595,234,1611.522612
267.678963,205,1613.325791
268.427241,220,1615.313826
503.215338,259,1617.606605
893.134485,478,1624.471305
280.931184,232,1626.362798
893.57461,474,1630.329756
234.238382,207,1632.192325
246.294768,182,1633.754105
283.219903,229,1635.583526
127.813564,117,1636.682804
57.786003,102,1637.484146
754.072468,416,1641.191925
243.786579,200,1642.91537
99.11468,98,1643.72647
893.835908,480,1650.861314
711.77685,360,1653.786764
56.001255,108,1654.716524
55.831952,113,1655.682839
55.967254,120,1656.682788
230.995724,199,1658.500855
58.275134,91,1659.379751
1077.760076,585,1664.415503
217.869706,167,1665.914407
245.103279,208,1667.845052
370.886556,268,1672.879804
255.830998,197,1674.723043
267.419606,202,1676.652992
242.372695,207,1678.359651
83.786761,90,1679.125077
1076.40406,642,1684.50734
402.063396,303,1687.242725
-16.048361,1,1687.278647
88.996887,96,1688.145148
143.453558,129,1689.294467
413.122602,305,1692.035553
786.564646,506,1699.311139
-8.010442,1,1699.347821
1079.023958,574,1704.337278
221.740444,244,1706.454363
137.855553,122,1707.606585
641.869838,447,1711.399663
-9.904293,118,1712.402707
-8.041553,1,1712.434671
712.9959,353,1715.573276
753.492347,414,1723.442751
712.913486,342,1726.393255
252.626895,207,1728.251654
253.54148,205,1730.072997
893.699547,456,1734.322175
412.72295,301,1737.122805
255.159019,197,1738.778237
895.201085,438,1742.612034
584.214316,394,1749.243884
405.096739,289,1751.793184
145.313447,139,1753.053838
502.916598,241,1755.128163
57.190597,105,1756.075212
713.600748,347,1758.963362
-8.01721,1,1759.000401
253.166672,209,1760.716806
502.958499,246,1763.126022
149.434507,135,1764.399462
268.00266,218,1766.224316
411.18725,281,1768.819651
712.814277,341,1775.636023
291.86688,209,1777.346217
1079.603021,566,1782.20833
756.419954,408,1785.745797
239.951414,176,1787.260692
895.625361,458,1791.550662
893.866855,466,1795.505909
411.387983,283,1802.023519
110.781844,115,1803.083841
144.181685,128,1804.1219
150.366894,125,1805.120771
254.485339,199,1806.815836
58.438849,97,1807.681252
1082.285038,555,1812.312305
502.890185,245,1814.454094
456.890436,334,1817.107438
252.518024,210,1818.819388
713.313204,332,1824.21665
713.281348,337,1827.01859
1082.311322,544,1831.640184
111.684133,115,1832.619498
244.515644,194,1834.207237
712.838913,337,1837.034955
895.954386,452,1840.685219
251.204449,200,1842.311091
414.128111,278,1848.532576
146.098164,134,1849.724254
249.057718,206,1851.58732
790.423912,475,1855.70055
254.799136,202,1857.339226
755.274605,397,1860.558268
56.704674,98,1861.403353
896.04275,434,1864.904116
149.944716,127,1865.992718
756.275749,409,1871.233808
101.468726,92,1872.076903
1081.008601,573,1877.082269
255.911234,194,1878.731955
312.73669,225,1880.637809
211.575254,168,1882.167068
897.561018,428,1885.667694
504.675246,244,1887.626344
258.810954,202,1889.363989
606.275417,398,1895.53455
340.228534,284,1897.817242
243.746399,193,1899.359873
756.358134,391,1902.735783
755.03063,402,1906.001306
565.589448,257,1908.114266
478.180977,329,1910.958419
82.523655,90,1911.789842
504.593071,243,1913.725664
1082.448619,553,1921.574694
895.831023,455,1925.349134
755.444673,397,1928.526262
504.63771,243,1930.446433
257.456623,218,1932.217092
757.587516,385,1935.40151
338.58263,260,1937.613042
290.713871,206,1939.45055
115.03729,102,1943.810366
360.011901,250,1945.984546
152.65494,124,1947.109949
893.732785,434,1951.183021
325.191357,230,1953.09072
565.450213,253,1955.370098
754.516951,409,1958.955743
504.530166,231,1961.073989
713.942788,332,1964.072623
714.181042,322,1970.735709
1082.965811,539,1975.347052
895.711979,436,1978.985502
58.765658,80,1979.727015
58.718863,83,1980.43953
-16.036673,1,1980.478192
504.070214,224,1982.42188
59.388599,78,1983.244719
483.659664,357,1986.509181
55.573236,85,1987.316256
757.414332,390,1990.686979
756.921765,374,1997.385009
942.541279,458,2001.359004
644.634282,411,2004.986099
896.190221,423,2008.651664
104.387029,94,2009.463923
756.811683,394,2013.20783
156.032041,130,2014.412221
715.00182,320,2017.068358
503.303557,241,2022.266976
1082.67137,528,2027.10745
51.43787,103,2028.1197
504.146991,242,2030.426337
59.487589,89,2031.292397
505.956151,229,2033.241377
1084.469361,502,2037.783996
330.198209,255,2040.071659
1083.797745,524,2047.981318
505.935151,235,2049.958662
46.968655,60,2050.45308
897.694154,441,2054.479795
342.818804,263,2057.080316
247.553434,184,2058.81108
145.400516,123,2060.03962
316.945387,239,2062.105139
565.564903,257,2064.326552
337.320227,266,2066.614399
896.719722,421,2074.064826
941.456769,476,2078.069715
757.058946,395,2081.486322
407.953435,275,2083.880465
505.139022,233,2085.953475
759.308256,362,2089.11761
609.484072,394,2092.515262
896.857582,413,2098.155415
896.613541,413,2101.806372
265.760508,190,2103.399876
212.573297,174,2104.836825
46.170632,68,2105.387487
504.821163,244,2107.333894
53.103567,96,2108.185449
1086.246546,508,2112.56103
714.581476,309,2115.245736
1081.712252,539,2122.328068
412.639379,272,2124.609099
713.901354,316,2127.137797
346.582281,250,2129.239746
757.661685,372,2132.323149
566.373455,247,2134.354009
756.109036,385,2137.484536
565.870346,250,2139.559632
636.870023,398,2146.418789
713.921951,317,2149.124842
505.303649,237,2151.067964
713.031322,326,2153.776122
422.833691,287,2156.293729
757.273359,363,2159.258353
895.788471,441,2162.972525
504.386606,236,2164.931382
530.435868,350,2171.187674
99.253288,98,2172.049061
505.486024,228,2173.978284
144.823763,120,2174.960388
82.189402,91,2175.740221
466.253775,311,2178.295151
1082.420159,528,2183.102088
566.393536,243,2185.167022
343.697078,262,2187.398911
191.364535,150,2188.650481
713.653711,324,2193.959205
895.327401,444,2197.554303
758.837814,380,2200.828454
145.848126,119,2201.921339
56.85748,85,2202.67649
941.441407,455,2206.675623
120.415721,110,2207.604311
714.343303,337,2210.317767
758.667649,372,2213.405142
759.747282,359,2219.916008
895.751759,425,2223.296475
311.521473,214,2225.117254
1084.54345,506,2229.603781
714.671853,313,2232.631929
566.829903,256,2235.11658
138.763859,115,2236.111931
46.15084,67,2236.740944
898.956181,415,2243.696558
143.861029,122,2244.805371
898.292397,433,2248.853865
472.36768,321,2251.630689
285.759106,191,2253.244425
50.546497,66,2253.830188
49.494267,65,2254.43112
566.071502,263,2256.734124
422.994936,290,2259.369478
1083.287767,501,2263.926927
-6.086735,89,2268.215715
896.152998,436,2271.920628
1082.83593,531,2276.612938
715.719659,322,2279.634721
153.066121,126,2280.803058
1082.528529,513,2285.180538
897.984184,423,2289.053026
442.991063,292,2294.936378
504.824358,237,2296.942828
414.381076,284,2299.507567
940.864037,469,2303.7834
1084.339421,511,2308.24322
714.74629,314,2311.108922
1083.922159,501,2315.379094
-8.037716,1,2315.409179
58.639128,74,2319.416145
646.024362,386,2323.197315
479.925751,325,2326.218332
759.522155,364,2329.358969
942.372416,428,2333.172895
896.508495,421,2337.055186
714.579292,307,2339.633698
408.702496,257,2346.303909
139.828806,114,2347.283294
714.662181,328,2350.383546
565.381482,252,2352.506578
895.819022,428,2356.314523
628.667597,375,2359.683085
119.82263,104,2360.556927
1082.734968,534,2365.095792
458.727149,311,2367.660095
54.332067,79,2370.73717
567.430363,252,2372.812581
759.284868,360,2375.76613
1083.45437,522,2380.24838
714.367092,306,2382.77649
57.661722,73,2383.431991
714.720576,324,2386.065477
896.364178,411,2389.374557
76.208898,73,2390.021178
58.64426,69,2390.608558
896.235924,411,2397.984591
408.037415,264,2400.109228
758.013901,361,2403.042905
565.638456,268,2405.235108
344.398791,243,2407.265683
47.403114,65,2407.839127
504.750406,238,2409.840271
716.883608,297,2412.294159
1084.799512,509,2419.307911
97.877807,102,2420.168381
1085.722253,493,2424.318901
289.23973,199,2426.028119
715.303202,306,2428.49851
896.167989,410,2431.721235
156.894335,126,2432.741279
897.055124,419,2436.300313
46.749469,65,2436.84152
899.445895,395,2444.666604
457.038396,286,2447.059633
714.913582,323,2449.670898
713.682424,304,2452.199604
1083.701027,519,2456.860724
896.87827,416,2460.138379
567.143272,250,2462.151577
715.914204,329,2468.02332
268.530411,176,2469.576236
714.622164,324,2472.310011
897.488565,409,2475.749043
567.610711,239,2477.75444
376.645446,242,2479.950159
540.900073,357,2482.907619
758.721255,368,2485.871225
567.583975,244,2487.771035
507.943961,234,2493.135827
758.191945,361,2496.330125
715.489508,300,2498.771617
1084.575456,489,2502.980469
263.964071,184,2504.499991
1086.995032,475,2508.70015
568.091026,239,2510.740023
565.47181,256,2512.789062
759.811277,366,2519.164822
1084.515022,511,2523.940296
714.674063,302,2526.772141
506.050896,222,2528.787338
295.760731,202,2530.506347
58.548463,72,2531.105409
759.156007,361,2534.202312
760.00003,348,2537.29255
1085.070794,490,2544.838736
941.556707,432,2548.64043
507.767487,220,2550.505807
458.383191,317,2553.561771
473.712161,305,2556.497374
1085.245304,499,2560.840614
341.008133,231,2562.937731
714.376042,315,2568.967146
941.535712,434,2572.746074
-8.060971,1,2572.784413
759.123422,371,2575.964529
899.288089,398,2579.357991
143.725587,117,2580.371579
246.642195,173,2582.064389
504.963728,224,2584.216787
943.549044,423,2587.972304
58.519731,79,2588.638184
896.892184,412,2594.733904
507.027459,215,2596.738342
565.903075,240,2598.944957
55.227297,93,2599.749598
3.7278,600,2604.751865
714.31854,309,2607.470515
714.682992,316,2610.239021
758.785948,344,2613.54599
1086.21877,476,2621.290645
50.641867,59,2621.80442
941.824873,435,2625.690629
478.13475,333,2628.227988
481.055263,319,2630.808656
141.998656,115,2631.977923
48.096958,59,2632.535562
46.637098,61,2633.189191
716.015405,317,2635.906858
1086.902762,485,2643.291962
759.691947,353,2646.179009
896.381592,414,2649.411253
716.808515,305,2651.896861
285.887714,194,2653.493208
630.266033,366,2656.45796
759.775318,351,2659.405809
1086.412915,488,2665.921808
1084.743917,505,2671.004009
566.770041,243,2673.678207
714.803511,319,2676.713861
143.819583,112,2677.677895
899.083846,398,2681.15111
144.718268,116,2682.194684
538.416452,316,2684.895756
374.674595,242,2686.980619
566.556864,248,2692.176777
232.68775,171,2693.56509
898.672556,395,2697.070968
758.539852,345,2700.683763
415.394609,266,2703.241874
505.901506,220,2705.372777
-8.040533,1,2705.403907
58.852587,80,2706.104227
474.634222,341,2709.010945
896.329464,402,2712.623977
505.648457,218,2714.662909
-8.047633,1,2714.698385
898.168062,400,2721.673231
340.508099,237,2723.867211
897.531629,400,2727.464031
57.841551,78,2728.339852
144.737474,114,2729.624945
715.011282,305,2732.965226
25.924371,53,2733.53926
639.400953,360,2736.845964
1085.683803,485,2740.924447
149.656338,124,2745.063832
898.039643,399,2748.473188
896.969888,408,2751.786332
627.276123,380,2754.863195
99.05722,97,2755.639795
54.998151,90,2756.348549
574.298571,342,2759.760422
759.913679,344,2763.542346
897.10876,413,2767.727903
896.865092,412,2774.858414
143.803162,113,2775.967533
1084.643827,507,2780.818105
58.769651,84,2781.623147
473.201968,313,2784.530028
55.837192,86,2785.327042
759.898029,333,2788.149597
154.265848,119,2789.102067
-16.062075,1,2789.139627
57.630684,77,2789.742878
144.568998,118,2790.953728
760.549544,338,2794.604988
898.756172,410,2801.600122
-16.031073,1,2801.641963
567.738149,238,2803.627034
714.668844,309,2806.217104
567.199613,242,2808.249014
59.202079,72,2808.870974
318.7434,212,2810.669533
758.857193,347,2813.88882
205.565083,145,2815.154412
51.191159,64,2815.768242
897.532939,430,2819.758338
714.715607,310,2826.416469
567.262455,235,2829.000622
145.782557,116,2830.281112
383.188055,255,2832.648167
26.083906,52,2833.059631
145.838155,116,2834.067528
506.063844,215,2835.842053
714.875932,319,2838.710163
57.803512,86,2839.475659
899.134405,394,2842.86093
715.46143,305,2845.425956
758.889381,343,2851.586561
565.193861,251,2854.089597
505.637586,206,2856.290467
760.489427,351,2860.146859
46.193141,66,2860.852622
896.902134,414,2864.474833
1085.774253,496,2868.757314
470.764018,315,2871.674614
48.056476,63,2872.298193
1083.97971,515,2880.535617
49.285364,67,2881.113782
759.813938,350,2884.381412
506.364522,204,2886.607399
1084.555639,497,2892.072551
713.960803,315,2895.116392
899.266233,391,2898.369404
507.112178,216,2900.155848
899.243252,395,2906.859637
1084.921256,497,2910.834256
285.881396,194,2912.628629
717.106566,300,2915.099788
1084.348644,504,2920.669684
15.416315,42,2921.164398
716.093634,304,2924.445432
568.691478,232,2926.399214
897.235664,404,2933.39224
898.805309,414,2937.222458
46.543675,58,2937.76452
759.542734,341,2940.892735
59.371786,75,2941.570471
476.611645,309,2944.376231
716.94219,304,2947.228373
1086.182697,483,2952.458468
716.377047,293,2958.921291
478.391887,298,2961.476507
416.555485,258,2963.638781
944.826143,406,2967.019889
716.276038,309,2969.545533
478.488412,313,2972.048903
145.215344,112,2973.021747
761.554843,326,2976.109759
35.722834,49,2976.591546
505.628706,205,2978.773729
473.47752,308,2986.140347
266.423063,192,2987.804466
630.221104,364,2990.978918
505.329555,214,2992.837536
58.579198,82,2993.649711
507.510158,200,2995.488397
760.036317,343,2998.63296
760.401944,337,3001.431083
567.682095,233,3003.361909
897.2417,396,3009.994996
898.107289,393,3014.193723
715.271264,311,3017.375772
144.863045,118,3018.382619
145.173386,118,3019.416181
896.717174,398,3022.74057
476.844578,317,3025.309271
1084.773326,509,3030.001103
942.629298,426,3036.484368
146.420008,115,3037.511513
232.803225,171,3039.235686
144.683754,113,3040.503551
941.221383,426,3045.247222
332.439609,210,3047.628244
50.369886,82,3048.480546
-16.063534,1,3048.514051
267.334577,198,3050.157334
714.298475,309,3052.861194
759.445369,331,3055.678813
507.496,211,3057.369357
715.050452,307,3063.022121
145.451559,117,3064.00001
1086.725446,502,3067.979481
716.865739,303,3071.022094
506.582638,214,3073.413395
898.22581,388,3077.600862
566.861032,244,3079.784595
266.242026,200,3081.4867
714.890336,311,3084.187016
567.301286,242,3088.706057
567.104588,237,3090.948508
758.449404,339,3094.091461
715.800039,300,3096.804351
-4.065255,85,3097.566578
-16.070124,1,3097.599325
898.35139,388,3100.92628
506.715794,225,3103.381258
566.191657,237,3106.024249
289.808979,196,3108.173402
470.884503,320,3111.219594
505.275292,210,3116.726121
715.262191,295,3119.111479
0.362906,94,3119.848643
75.585525,82,3120.556506
759.545146,337,3123.2848
505.71329,209,3124.91978
897.675994,413,3128.243699
112.909114,98,3129.051396
144.200194,117,3129.973652
464.851706,289,3132.682175
566.031949,247,3135.247591
155.816153,115,3136.524401
759.867858,339,3143.344596
897.563193,396,3146.788656
715.8215,308,3149.671619
566.010236,239,3151.911981
717.009327,301,3154.715279
714.223051,309,3157.509156
714.760991,316,3160.152227
716.966832,287,3162.556524
760.450577,330,3169.828248
758.889696,337,3172.860805
715.111519,303,3175.629306
898.861078,397,3178.903707
565.384269,236,3180.83075
761.962976,329,3183.576562
898.280742,394,3187.19135
416.30167,253,3189.496988
507.43484,207,3195.297565
567.109612,237,3197.579448
898.896774,409,3201.715316
58.731669,68,3202.303408
1085.682933,495,3206.616691
144.281682,116,3207.615936
565.434339,236,3209.785165
59.098612,76,3210.482892
567.611258,237,3212.619933
715.7673,300,3215.021564
64.325803,82,3215.71888
60.197483,67,3219.385663
897.101561,399,3222.523116
505.034922,217,3224.773905
759.849378,337,3228.406607
-8.038396,1,3228.436278
1086.373994,482,3232.926247
156.398925,119,3233.937145
896.957046,411,3237.449267
567.051525,238,3239.576555
897.490395,396,3246.47713
899.173124,384,3249.99389
896.962268,397,3253.546666
506.965443,204,3255.550984
761.040038,335,3259.280924
566.682702,239,3261.942057
897.75251,406,3265.49967
342.231504,222,3267.401231
298.099808,191,3270.955349
59.056464,76,3271.600892
567.580413,232,3273.523724
715.083867,300,3275.97534
507.594663,210,3277.657427
716.13318,303,3280.115206
1087.02062,460,3283.798398
63.863287,83,3284.473271
59.360303,66,3285.085581
567.139555,233,3287.644007
566.688745,236,3290.217634
1084.978281,487,3298.257353
1086.227408,479,3302.50897
58.003938,78,3303.267346
898.057044,392,3306.907094
317.980553,215,3308.938648
259.752649,190,3310.717606
566.464783,243,3312.909288
108.674806,95,3313.820158
225.060085,170,3315.32194
900.401426,403,3319.094243
898.503607,398,3326.333187
762.732623,322,3329.05744
1087.338574,491,3333.059417
505.530256,225,3334.958878
22.88003,39,3335.302486
898.216327,404,3338.569933
143.953036,111,3339.524683
566.164673,231,3341.588915
899.134596,389,3348.054122
898.745604,380,3352.22005
59.400109,72,3353.041998
565.464351,236,3355.589931
942.131715,410,3359.389074
900.508304,392,3362.712242
715.661803,294,3365.186506
716.831247,296,3367.911766
567.622102,235,3369.867301
61.650816,76,3370.531175
52.266221,68,3374.273655
705.989462,302,3376.705373
60.945646,83,3377.382399
897.728298,402,3381.485226
759.287036,341,3385.199362
900.263567,402,3389.169259
505.736769,219,3390.984227
716.38659,302,3393.51505
943.892452,421,3397.07583
714.807999,305,3403.17452
59.467878,68,3403.824332
1086.215046,474,3408.148713
432.503373,266,3410.803745
566.37512,237,3413.350896
3.55396,28,3413.6968
1084.986619,498,3419.267105
1085.651602,479,3423.36304
47.520979,66,3423.915061
1085.389286,472,3430.856902
716.054314,318,3433.434846
567.220692,241,3435.372632
716.401729,305,3437.859713
638.28636,366,3440.908984
715.017213,293,3444.044297
759.691349,349,3447.87366
567.239977,236,3450.312652
759.819173,339,3456.523366
898.50423,395,3460.306683
1088.817271,468,3464.855598
26.947981,49,3465.319108
343.362847,223,3467.346187
93.394965,89,3468.178099
113.597927,106,3469.155259
898.14182,395,3472.760005
259.913128,190,3474.722961
759.885933,337,3481.663492
761.81361,331,3484.510306
898.09226,393,3487.793286
759.267577,340,3490.533783
1086.517346,473,3494.532514
758.491996,354,3497.558872
506.930062,216,3499.363404
505.018857,209,3501.259064
942.863035,413,3508.314488
715.951929,301,3511.609491
46.479679,64,3512.286216
715.587018,295,3514.804319
338.618938,223,3516.71415
762.353008,327,3519.625224
898.480075,401,3523.376764
566.929849,249,3525.726742
943.309106,410,3532.896702
59.083689,69,3533.473812
759.508365,341,3536.888547
715.656692,306,3540.039825
565.520818,239,3542.484458
567.157389,239,3544.555419
898.299447,394,3547.846749
79.765408,76,3548.479115
1084.93096,501,3552.552906
473.700564,312,3558.495572
1086.565548,466,3562.42838
58.449683,70,3563.055905
40.694737,59,3563.599026
59.207804,70,3564.272413
566.39445,235,3566.870587
432.034509,269,3569.867051
760.328607,344,3573.65467
567.555874,229,3575.645097
55.737358,75,3576.388677
1085.733636,490,3580.558388
505.94826,207,3585.866085
638.884329,353,3588.744993
565.998489,236,3590.680002
567.46434,240,3592.635423
58.956888,69,3593.17382
505.159705,215,3594.85752
899.108725,409,3599.078519
-16.050554,1,3599.119797
299.693258,189,3601.190572
505.939708,215,3603.54715
759.470023,340,3606.709252
1087.03485,464,3614.460845
898.847375,395,3618.112831
761.464336,338,3621.343819
505.364644,224,3623.428589
60.097004,71,3624.060863
1086.787626,483,3628.28829
941.649569,422,3632.821817
504.744993,211,3635.170442
943.802032,404,3642.003668
506.437456,219,3643.775007
1086.796312,466,3647.584843
289.734056,184,3649.007056
20.05571,43,3649.402846
943.706683,414,3652.772907
468.144333,317,3655.316423
900.015068,389,3658.799088
761.326456,335,3666.517298
717.192914,297,3669.011553
716.366222,296,3671.555225
715.319282,314,3674.340408
718.041056,301,3677.139801
70.43529,80,3677.880661
505.447399,210,3679.825637
1084.487381,491,3684.296077
1087.063077,459,3692.030949
285.819924,192,3693.785577
760.672936,341,3697.075082
715.639092,297,3699.575607
298.746031,185,3701.197804
342.559141,228,3703.100211
898.394161,393,3706.391497
143.843965,120,3707.36562
503.949838,221,3709.218295
1085.421961,487,3716.579684
-16.048187,1,3716.611414
716.089598,313,3719.740264
54.506469,78,3720.593189
-16.071501,1,3720.63413
566.376527,238,3723.23445
715.902895,312,3726.456506
505.156354,207,3728.325869
477.4681,303,3730.926241
59.979045,68,3731.608925
1086.130509,480,3735.848796
115.397102,104,3736.823617
85.791725,92,3737.715066
900.35434,375,3743.792531
716.053605,303,3746.18397
703.825978,337,3748.904568
762.050233,331,3752.272868
761.602734,327,3755.851075
1085.93613,474,3760.31995
505.262916,208,3762.045876
759.702896,333,3766.849398
760.672581,329,3770.013457
505.701254,215,3772.055306
944.624185,397,3775.635323
943.303639,418,3779.43691
761.324779,330,3782.636615
242.215439,162,3784.426911
899.057638,392,3788.759826
899.628446,382,3795.267391
567.516659,228,3797.19058
942.275405,420,3800.675483
896.913779,408,3803.985208
505.953006,205,3805.639522
567.046396,233,3807.502582
1086.349707,477,3811.346652
715.301675,304,3814.496097
244.347343,155,3819.776763
506.645003,208,3821.777462
945.023004,414,3825.321156
574.908217,337,3828.127771
566.56155,244,3830.454977
1087.205293,478,3834.899255
710.220262,306,3837.71666
47.882484,62,3838.288492
761.198757,331,3841.443406
3.186162,28,3841.706363
571.185654,325,3848.820695
567.668821,240,3851.400415
58.876769,69,3852.21841
760.550639,336,3855.25951
58.803274,80,3855.920718
716.06184,296,3858.331126
505.101779,212,3860.087243
760.066929,338,3862.876238
506.589144,206,3864.569119
1087.421121,470,3872.010272
416.340921,261,3874.499963
567.166185,233,3877.07247
1088.48498,472,3882.324077
265.56775,191,3884.240291
566.864058,239,3886.278661
504.325117,215,3888.106371
898.758326,384,3891.42573
943.320794,418,3895.210122
715.88504,296,3901.369038
707.937648,309,3903.817284
1087.395887,483,3908.585787
717.965735,300,3911.814197
760.277094,324,3915.235095
899.318399,393,3918.522471
760.786854,328,3921.246047
47.878104,64,3921.783529
716.558955,310,3927.444448
118.65817,97,3928.404633
943.890551,413,3932.167104
505.960523,217,3934.120244
761.850533,332,3937.23544
629.276292,355,3941.163182
900.595147,384,3945.373519
901.551484,385,3948.813225
899.810904,401,3954.969575
478.245325,299,3957.551105
59.700959,82,3958.360847
100.987428,92,3959.235428
1086.596561,479,3963.230526
716.790698,304,3965.633428
899.608649,378,3968.811703
717.233099,303,3972.14272
64.929391,81,3973.011465
175.534023,131,3977.800991
17.865726,44,3978.17716
146.671486,117,3979.165508
506.555563,210,3980.969166
899.509288,401,3984.542412
717.145393,297,3987.312362
567.57529,237,3989.600192
762.201276,330,3992.597388
901.5567,381,3996.026907
716.752338,302,3998.723454
762.222844,332,4005.165573
568.3133,230,4007.703527
944.252592,397,4011.504955
59.448985,76,4012.18662
492.305626,315,4014.80842
-0.260363,81,4015.501623
46.232941,66,4016.048679
717.103084,294,4018.485189
1087.712746,481,4022.478426
900.015114,395,4025.723572
717.541046,299,4031.665616
944.772327,411,4036.243685
506.409672,202,4038.469554
716.780827,294,4041.32531
624.881937,355,4044.483053
761.880207,337,4047.434769
715.967542,301,4050.192039
566.794724,238,4052.36445
47.808203,65,4053.044483
899.874487,403,4059.681068
704.590152,317,4062.267149
566.327112,247,4065.015566
899.307228,398,4069.26549
944.310211,423,4073.345754
943.706254,411,4076.782487
14.801896,43,4077.187089
761.948473,327,4083.296289
507.229951,209,4085.042994
898.949102,402,4088.60537
268.022044,193,4090.267911
760.202348,327,4093.038063
59.656318,75,4093.838337
566.854845,233,4096.393188
259.703234,191,4098.598032
567.236821,242,4101.28202
898.467847,386,4104.981336
505.604966,211,4108.715175
320.181162,218,4110.673984
1088.337043,472,4114.890966
900.134381,405,4118.178544
944.470399,407,4121.48677
945.549305,409,4124.684875
507.341839,215,4126.932213
716.280947,306,4130.31794
716.289448,308,4135.971996
568.193652,230,4137.992419
157.722155,122,4139.100792
156.528658,120,4140.154646
942.85801,418,4144.033364
715.37775,311,4146.962318
899.417349,401,4150.673824
493.24858,301,4153.450466
945.401705,417,4160.299475
567.317477,236,4162.917968
491.52146,309,4166.261945
566.179036,232,4168.20619
68.59791,87,4168.985675
490.898002,313,4171.588064
145.457426,118,4172.590024
716.280814,303,4175.043688
504.583949,210,4176.779403
943.308803,417,4180.140067
565.653118,230,4184.316112
760.063258,331,4186.966804
900.465155,402,4191.10722
482.061292,301,4194.415533
142.197285,114,4195.716217
492.939377,304,4198.508927
566.186795,238,4200.621462
760.973586,329,4203.52568
944.139475,409,4207.312193
1086.52166,472,4214.507517
759.932528,330,4217.169645
900.180021,383,4220.725097
59.337617,70,4221.457444
945.35696,390,4225.539674
505.865649,207,4227.855681
759.038561,335,4230.700867
1085.547302,487,4238.271262
943.778522,404,4241.777932
944.567238,396,4245.399281
1085.693822,481,4249.849857
56.868069,72,4250.510105
19.640588,40,4250.965502
143.227792,114,4252.240206
760.807397,328,4255.676448
1086.461637,475,4260.594787
716.386682,305,4266.500483
506.211729,200,4268.427577
481.942038,310,4270.982911
59.55051,70,4271.567802
469.689795,307,4274.071537
716.956151,306,4276.484798
487.139452,301,4278.884016
-8.076653,1,4278.911948
943.512517,416,4282.504025
1086.042976,466,4290.241779
1087.03758,490,4294.442671
505.943274,205,4296.238207
900.250364,395,4299.883769
566.908917,233,4302.021463
388.566394,249,4304.4433
59.929394,74,4305.125597
760.460922,322,4308.155858
567.786811,228,4310.238878
901.202563,397,4317.191556
715.702041,304,4320.432108
343.784183,219,4322.571502
1086.515536,468,4326.521745
507.054329,208,4328.246307
41.81206,62,4328.769138
60.072782,71,4329.402072
567.296697,229,4331.259495
1085.882084,473,4335.173019
565.813908,238,4339.789847
130.799615,105,4340.674032
716.780803,295,4343.041205
1086.226974,474,4348.240137
506.867127,207,4350.534045
762.04114,328,4353.910973
791.902876,443,4357.742651
900.619126,380,4361.120177
2.555375,19,4361.360648
566.045071,233,4363.643637
613.474696,351,4369.416924
506.948322,204,4371.201246
1086.95181,484,4375.054809
60.151816,67,4375.668162
759.590793,335,4379.22371
1085.779144,490,4384.535472
1087.535423,467,4388.503512
506.241057,204,4392.837474
566.997941,235,4394.708031
1086.389203,466,4399.092884
945.115128,413,4402.939542
716.487194,304,4405.714969
943.526069,407,4409.748919
57.94232,62,4410.454451
716.135471,295,4413.77306
1086.86186,471,4421.15231
567.030349,236,4423.166385
943.739307,402,4426.421805
1086.613205,469,4430.291128
146.006782,112,4431.212417
945.136815,406,4434.500909
565.720168,233,4436.370879
716.358074,299,4438.817977
565.480526,238,4446.014059
1085.739043,478,4450.623183
716.386082,295,4453.065725
717.532991,296,4455.670591
567.837153,231,4457.869901
943.783497,400,4461.624327
946.17256,403,4465.445734
504.04441,207,4467.366318
567.742714,234,4473.254671
319.009398,200,4475.496976
942.899271,418,4479.952903
944.066255,418,4483.533669
567.219338,233,4485.415395
1087.508451,464,4489.184598
566.146613,240,4491.155561
62.147139,68,4491.718698
900.648649,395,4497.516815
494.022454,309,4500.186369
1087.136956,470,4505.141984
566.130495,241,4507.843034
1087.381958,455,4512.502027
944.321336,413,4516.074466
506.780703,207,4517.956044
343.001474,220,4519.844911
716.791026,308,4526.563947
491.828683,319,4529.273822
1086.326333,484,4533.130972
760.608891,328,4536.63937
566.518214,232,4539.179641
944.755102,418,4543.653175
64.189034,64,4544.214933
59.288275,75,4544.862851
760.991034,335,4550.862451
1086.300076,470,4555.113249
58.912661,72,4555.784893
506.713311,209,4557.755664
59.232602,72,4558.410779
244.096534,159,4559.870711
-16.066364,1,4559.89879
1086.662201,473,4564.240373
571.516707,320,4567.381824
1087.867363,478,4572.737717
567.290998,240,4575.405995
760.268915,332,4581.703892
505.531102,209,4583.573611
331.633058,206,4585.540692
716.935578,312,4588.199204
1086.745489,466,4592.008383
900.462283,387,4595.057195
1085.564406,481,4599.45242
151.023185,126,4604.061771
761.069292,320,4607.321158
759.9256,332,4610.210715
711.864645,310,4612.885699
717.447775,296,4615.642705
268.899152,189,4617.488081
761.49723,327,4620.457819
1086.303825,472,4624.804771
761.471599,329,4629.527793
567.216345,233,4632.131458
711.255559,312,4635.572353
944.898025,411,4639.795548
57.893059,67,4640.35924
714.53882,307,4642.936437
507.28827,204,4644.661229
760.741285,325,4647.338322
59.544779,75,4648.030188
489.987223,304,4650.754237
57.554902,76,4651.514076
761.375455,316,4657.178639
1085.321281,472,4661.453552
760.878041,322,4665.067131
249.148561,173,4667.012821
760.758423,333,4670.55778
566.782787,236,4672.64821
-16.031376,1,4672.679538
506.841723,205,4674.554901
506.570452,198,4676.283089
506.92863,193,4678.035491
716.093034,302,4684.382465
505.970241,206,4686.283779
567.730697,230,4688.322321
357.42788,222,4690.210931
566.852065,233,4692.045662
717.449341,297,4695.203888
506.149518,206,4697.429789
942.993572,421,4701.938949
899.496881,400,4705.297606
566.602141,233,4710.059285
708.729469,294,4712.572824
566.566515,223,4714.57227
42.170194,57,4715.181698
567.526221,230,4717.207217
945.80728,407,4720.68412
567.20326,235,4722.812135
716.402364,297,4725.933963
716.939522,298,4729.245501
1086.048003,464,4736.996319
478.632286,294,4739.563576
759.513461,331,4742.449912
125.081356,103,4743.29693
716.42362,296,4745.671176
761.124443,328,4748.374422
899.240972,398,4751.65816
567.447194,231,4753.467074
760.990613,329,4756.666199
1085.875053,480,4764.753965
567.678459,229,4766.741288
944.096407,408,4770.320404
505.971553,210,4772.263497
1087.409906,472,4776.736166
758.924565,331,4779.860342
945.556548,404,4783.367891
567.152697,231,4788.907531
506.383698,205,4791.264339
263.794663,190,4793.339738
899.207742,410,4797.37998
945.143011,424,4800.972155
1086.508019,480,4804.981673
47.586306,59,4805.467661
1086.377549,474,4809.336769
145.944569,113,4813.448512
1086.469791,474,4817.367224
193.301654,138,4818.807085
346.946094,220,4821.274611
760.48291,323,4824.878123
567.267292,238,4827.287204
717.195257,295,4829.839216
715.800629,298,4832.440438
716.20305,298,4835.218324
267.773523,193,4840.116326
946.503609,395,4843.798367
1086.714641,479,4847.802314
760.701324,324,4850.783982
566.670855,226,4853.191575
410.272475,248,4855.954077
288.779609,187,4858.033483
26.065075,46,4858.470915
71.751611,80,4859.15787
717.338727,292,4861.600876
16.523696,39,4861.933589
760.302835,325,4868.64352
1087.945022,469,4872.748779
715.804325,287,4875.410295
1089.146745,463,4879.64483
716.686875,304,4882.608683
944.196761,415,4886.887033
-8.0107,1,4886.917379
567.055469,236,4889.514083
614.247016,354,4896.711323
943.392987,414,4900.649106
900.653295,378,4903.78348
46.700983,64,4904.326754
273.670989,182,4905.840894
566.088294,235,4907.734678
946.324572,393,4910.868517
898.543126,389,4914.616425
69.37572,87,4915.430962
59.130351,68,4916.12462
944.252528,401,4923.418916
68.85054,82,4924.10881
343.556057,209,4925.904457
718.301279,295,4928.700483
945.159204,415,4932.618427
942.971272,420,4936.556936
566.546631,226,4938.670959
156.604737,121,4939.769773
507.730059,209,4941.671188
716.327012,304,4948.264937
716.612262,293,4951.157321
42.026197,60,4951.848819
758.786769,335,4954.994191
759.355298,329,4957.76966
1087.024672,453,4961.686881
-8.033056,1,4961.717291
48.158504,63,4962.242094
945.526429,411,4965.716245
898.688857,401,4968.997725
59.244291,76,4969.595617
715.843998,306,4974.939545
566.697755,229,4977.446049
716.797837,307,4980.763694
566.674735,229,4982.960709
944.000428,411,4986.597281
480.826973,310,4989.287206
942.811736,413,4993.155511
944.224275,397,4999.683674
-16.038469,1,4999.722971
760.524265,323,5002.720125
716.744665,305,5005.336755
761.69122,321,5008.529548
716.76135,304,5011.896052
568.019501,227,5014.165183
524.46487,316,5016.915905
900.994157,385,5020.120313
23.570992,43,5020.524885
715.939438,306,5026.667836
1086.16087,479,5030.728262
567.807691,226,5032.760892
566.261122,225,5034.795619
717.23786,293,5037.450773
268.459823,182,5039.433943
900.221349,374,5043.596571
717.274277,309,5046.930471
506.124387,205,5048.646963
1085.891894,485,5056.380523
898.25374,387,5059.999848
760.388951,323,5062.732088
716.157453,295,5065.084616
761.024196,324,5067.678965
1087.737276,458,5072.15445
712.010969,305,5078.778139
506.539587,196,5080.378488
566.453277,223,5082.147864
568.707109,228,5084.096099
57.96204,67,5084.673095
943.487966,411,5088.594208
761.500546,330,5091.736176
711.604104,311,5094.680856
104.553294,88,5095.51452
944.127507,408,5099.291995
708.028628,312,5105.504013
761.665268,336,5109.213485
567.318351,231,5111.544297
58.873957,77,5112.245537
899.363716,387,5115.416126
760.348832,325,5118.064344
-8.041411,1,5118.159347
46.13433,62,5118.671476
66.935668,70,5119.356968
944.013067,421,5122.711783
568.315901,229,5124.628722
