#{"t_start": 1778048474.5135858, "env_id": "None"}
r,l,t
-4.840235,27,2.836446
-11.747698,1043,10.735246
31.585215,427,14.786141
9.089275,274,17.143262
-5.630211,21,17.36694
-9.662096,482,21.576718
-8.016251,1,21.603249
-10.6372,331,26.873271
-2.785834,263,29.252391
-9.566256,115,30.243829
-10.345789,633,35.484936
-10.012259,603,40.74294
-5.426746,186,42.407359
-62.417144,812,53.220821
-35.615953,495,57.021102
-85.833304,1200,66.384915
-43.483907,600,74.858351
-71.116107,1200,84.424423
-56.53293,900,91.496447
-69.565105,900,103.132859
-63.330226,1500,117.134529
-37.348389,802,130.011642
-8.73464,1203,139.361368
-45.974334,900,146.330097
-29.369357,600,162.387152
27.072684,1062,170.780072
-3.084789,157,172.050508
-8.272236,900,188.355853
23.779828,339,191.146959
5.944094,405,194.317471
-16.059868,1,194.357949
16.337205,203,195.951875
4.252807,119,197.090925
17.734596,222,198.936071
39.924968,621,203.805483
14.621809,217,205.564941
19.017796,296,217.215608
-28.347486,900,224.33235
-1.712837,900,231.371777
5.327082,221,233.27271
27.561472,267,235.624401
9.484342,399,241.92906
26.836904,365,244.959923
29.82534,186,246.465501
16.732535,190,248.104761
-28.238212,590,253.527812
6.119973,206,255.358466
-0.188557,58,256.024167
-28.627701,900,267.877594
-35.302966,1017,276.593871
70.842135,313,279.337641
-8.029551,1,279.369372
6.850657,171,280.918444
74.565195,595,286.196731
37.049168,900,299.116094
50.262878,256,301.551381
9.585188,69,302.147397
23.22791,310,304.737195
-38.26387,1200,319.139986
-43.982637,1200,329.579249
37.020471,367,332.922333
35.590411,289,335.388108
-16.048542,1,335.421264
52.556122,185,336.964342
38.313103,339,339.932194
11.114924,114,344.659801
11.693277,116,345.70439
-16.066038,1,345.739464
26.874552,373,349.182403
51.674603,198,350.912384
190.391007,422,354.567044
43.478905,265,356.970193
1.795267,55,357.520809
35.331473,99,358.399163
53.076043,138,359.762011
2.183544,41,360.145313
29.359483,70,360.745134
83.691591,326,363.651762
61.944246,190,365.302448
12.830784,75,366.004443
2.453448,49,366.438677
60.181328,156,370.79363
45.881322,149,372.110138
13.319924,62,372.700234
13.862621,62,373.301198
31.225193,114,374.412555
44.025839,127,375.409394
44.302766,106,376.308699
49.259711,113,377.360514
13.766154,65,377.900139
42.666433,410,381.488801
13.681774,57,381.943014
-8.568022,48,382.374172
44.308702,126,383.383079
45.625377,123,384.536409
48.35167,201,386.151248
42.437935,178,387.66195
78.776901,183,389.216416
194.893085,346,395.325341
57.450731,168,396.915348
78.106185,174,398.472458
13.591929,61,399.015382
77.499803,193,400.650156
96.376037,430,404.445026
45.242295,114,405.483477
78.029236,183,407.174683
99.566762,482,411.423155
30.078267,68,412.015079
78.035219,168,413.461003
5.239669,40,413.817453
13.304754,63,414.325268
45.447609,128,415.473977
96.012567,377,421.79573
177.263681,779,428.584759
64.703131,172,430.09597
158.742099,499,434.478833
48.660504,130,435.672661
41.833204,112,436.698876
81.661465,524,441.202048
151.712331,313,448.216484
33.049159,77,448.839972
78.684401,155,450.279509
33.155316,78,451.018238
201.667108,502,455.437703
124.782199,900,462.991542
44.999066,111,464.002143
-43.755935,912,474.187037
25.63568,96,474.99282
157.986598,302,477.848197
-7.993737,1,477.880348
48.729795,122,478.972381
227.228498,523,483.822199
37.001071,77,484.507815
137.071801,855,497.261046
135.520523,900,504.734183
43.275809,86,505.581904
22.251964,157,507.074909
31.715662,156,508.480463
74.376701,142,509.805027
16.165969,63,510.359837
99.982891,189,512.103511
220.114012,490,516.40607
159.150684,803,525.670821
189.502033,577,530.593946
11.844207,150,531.871537
99.566959,188,533.453073
51.679058,236,535.635249
78.253739,208,537.598819
34.185972,471,541.975681
46.678154,215,549.16036
111.380684,257,551.420568
57.126907,287,553.99095
204.507709,322,556.86668
694.52599,993,565.301034
70.084045,420,569.132955
67.991074,179,570.787411
155.804267,900,582.287477
154.574155,900,590.34481
72.968259,183,591.896789
100.236095,205,593.773552
181.444162,629,605.587898
146.331961,900,613.704813
49.628343,99,614.63559
175.12933,507,618.967502
68.486534,168,620.38835
101.562369,187,621.993954
101.315075,202,623.729628
-6.534435,600,634.858516
169.933035,600,640.096617
73.945843,166,641.725456
25.08021,439,645.398751
687.872333,888,656.734925
115.455892,230,659.020697
69.291391,159,660.398148
263.351782,649,666.39251
55.009484,161,667.81327
108.696734,227,669.737346
204.563367,396,673.061536
235.007653,321,675.681647
878.405272,954,688.241047
630.595046,1083,697.674102
114.383637,182,699.299388
875.834198,912,711.851613
311.056204,582,716.796917
257.20216,406,720.570562
183.153093,336,723.552745
406.681379,528,728.10405
181.862648,194,729.680959
257.125003,411,736.201995
154.712911,600,741.19288
162.213139,600,746.162036
16.366223,41,746.517282
56.374868,73,747.195841
300.056953,483,751.241792
50.522428,77,751.929845
115.530214,141,753.180781
41.505952,65,753.761411
105.532121,153,757.0358
22.512114,47,757.424555
80.842648,132,758.605208
102.177908,135,759.765552
-20.525957,600,764.833105
105.814333,147,766.150845
226.719385,289,768.554227
47.418601,67,769.168635
70.683159,115,770.120097
239.544253,315,772.747718
97.951398,139,773.903343
102.228827,127,775.112333
282.608482,358,778.301519
95.823115,138,782.823124
375.977388,515,787.328561
64.423858,86,788.152827
235.393456,290,791.024071
172.849444,222,793.184083
562.311707,418,796.677135
64.391549,102,797.46325
225.137464,341,800.258178
770.106409,947,813.895699
242.998538,338,816.565439
377.344614,476,821.144718
255.812236,354,824.134066
561.286517,417,827.833193
281.497358,303,830.288907
276.866289,307,836.443239
227.679578,225,838.588552
62.973576,83,839.262479
-16.030323,1,839.311232
43.150357,64,839.981166
279.873302,308,842.668361
-24.435234,600,847.885902
50.102549,122,849.001422
561.288291,382,852.478596
1065.450786,941,865.739358
-8.057105,1,865.765866
44.569598,64,866.332199
43.738887,65,866.97692
103.081482,113,868.09137
106.135306,128,869.248855
233.844478,238,871.45503
375.757319,423,875.21642
1062.94503,963,883.792723
-13.789309,600,892.774706
-8.058472,1,892.807879
116.080627,137,894.070853
109.571188,124,895.232769
105.461991,124,896.401425
693.365928,683,902.771008
83.247863,111,903.74264
327.170994,346,906.66527
106.402312,121,907.777267
82.55463,98,908.564711
5.527672,456,916.321625
67.495647,82,917.081754
242.708948,236,919.116899
111.902125,121,920.169799
110.611419,127,921.290336
57.552983,79,922.087104
243.492363,235,924.170419
116.405385,129,925.408888
75.356327,105,926.44512
691.04856,723,932.813651
110.736118,136,934.022785
242.640016,243,936.063521
243.922514,236,941.519951
691.488342,717,947.821954
109.931544,115,948.776201
692.938934,694,954.786735
891.841484,564,960.162796
262.993955,255,966.63949
317.562491,298,969.241425
242.250442,261,971.582018
116.655724,126,972.632429
239.422536,217,974.491452
232.513444,238,976.588323
320.693283,322,979.30652
14.753243,41,979.65837
695.607636,596,984.942629
206.282026,195,986.617247
232.555711,232,992.917544
432.634388,353,996.030336
346.135005,306,998.632946
327.356232,291,1001.127405
287.800366,243,1003.430387
245.156485,216,1005.350252
239.555894,205,1007.093603
114.829266,131,1008.351547
235.579644,230,1010.208876
328.122135,273,1012.621541
434.107494,342,1019.662256
333.203254,300,1022.477795
49.946702,177,1023.986563
195.24743,193,1025.515465
896.240871,478,1029.150287
244.33957,208,1030.72045
712.685218,392,1033.701351
43.488218,161,1034.907995
186.245051,189,1036.435511
198.570815,197,1037.898577
588.798339,421,1043.256127
894.366678,502,1046.937382
53.006695,176,1048.255825
109.375797,124,1049.198419
568.044706,310,1051.544004
330.729992,264,1053.626126
232.352636,220,1055.272423
232.615996,236,1057.037048
-28.958745,600,1064.419609
231.024799,190,1065.860759
264.434535,223,1067.544036
325.850725,254,1069.477648
57.261081,104,1070.286257
267.909013,199,1071.84214
270.854335,196,1073.372465
342.401811,284,1075.505406
714.59322,347,1078.04344
102.421633,99,1078.82034
272.878288,195,1080.321342
342.613663,278,1085.177141
225.162359,204,1086.768547
269.550918,207,1088.349536
335.078021,269,1090.413669
1081.074895,566,1094.796022
295.692786,237,1096.573608
794.287368,510,1100.505327
246.989614,184,1101.953791
204.12061,173,1106.775929
415.318213,283,1108.94635
714.943886,330,1111.390799
269.679101,183,1112.791673
238.596429,225,1114.483506
119.957969,117,1115.378575
103.409733,104,1116.195565
326.101873,235,1117.982699
335.895937,248,1119.864855
110.488024,104,1120.705205
59.326492,86,1121.399727
54.553506,90,1122.096558
58.847592,96,1122.897035
567.959244,281,1125.104919
-8.066382,1,1125.138233
255.713207,232,1129.137497
567.116246,291,1131.356567
-8.050499,1,1131.40894
197.241538,171,1132.992673
201.064653,180,1134.416158
432.932081,298,1136.892859
295.121458,225,1138.656977
414.657136,286,1140.856125
390.17897,253,1142.819663
715.838306,332,1145.378773
58.882911,93,1146.115525
157.131953,139,1147.174376
297.48617,217,1151.720608
225.708741,177,1153.162362
58.845797,94,1153.916656
567.064699,273,1156.078854
325.631903,235,1157.99645
288.757055,195,1159.546
290.446213,230,1161.343706
247.070855,180,1162.753706
52.382431,113,1163.622157
1081.987011,565,1167.912671
265.989577,232,1169.708548
715.203078,333,1176.311487
898.363832,436,1179.630017
757.251137,437,1182.956518
565.528993,272,1185.014836
566.452906,288,1187.296138
715.004777,335,1189.847151
757.693998,435,1193.172455
404.427146,268,1197.192719
567.213517,280,1199.37197
567.154265,261,1201.345613
899.617432,405,1204.43856
56.213369,84,1205.112199
371.413802,261,1207.206573
899.526009,412,1210.364628
505.911412,241,1212.228346
63.757258,67,1212.766159
82.825396,86,1213.505709
898.629002,400,1219.491258
141.10909,130,1220.522995
757.456581,428,1223.860454
14.606701,33,1224.133798
1083.449437,543,1228.287447
1083.49281,545,1232.511715
567.017738,261,1234.511849
507.064063,238,1236.366474
414.939582,283,1241.674923
1083.600487,530,1245.758267
405.473642,266,1247.882892
55.995204,93,1248.617537
-56.885987,156,1249.80293
942.584533,448,1253.251438
324.277103,229,1254.99224
151.193725,126,1256.016547
285.103453,195,1257.612123
122.913435,119,1258.523725
900.969066,405,1264.528411
898.416167,386,1267.448251
900.177116,415,1271.039422
898.466162,401,1274.44661
1082.522663,541,1279.188358
260.84147,204,1280.921396
899.408294,399,1288.184409
568.579622,256,1290.3843
415.573271,278,1292.923953
266.033242,196,1294.595752
372.518934,244,1296.764905
758.978152,383,1300.459805
146.658851,118,1301.497511
1082.908469,519,1305.973491
715.437754,317,1308.79361
227.077233,168,1313.23829
443.576653,304,1315.864151
716.870596,314,1318.641834
57.888597,84,1319.380515
141.582683,115,1320.406442
324.878657,208,1322.392035
146.745135,119,1323.45119
142.603575,118,1324.453257
84.416615,86,1325.189433
191.816292,148,1326.549133
157.754091,123,1327.558713
900.499061,406,1331.0577
57.544582,92,1331.895999
897.008143,430,1338.545976
568.304594,246,1340.691084
1083.312413,508,1345.113681
272.561183,171,1346.589646
568.318081,241,1348.650409
1082.646191,514,1353.094303
614.10421,374,1356.337145
1084.772084,504,1362.978517
717.12767,322,1365.805705
584.966821,340,1368.823695
1084.744148,502,1373.281689
232.773578,191,1374.97246
758.063892,381,1378.349798
716.743502,313,1381.049078
507.218224,226,1383.083035
143.570011,123,1387.447919
898.875808,398,1390.909762
288.021416,194,1392.602018
1081.853376,525,1397.129789
149.977673,116,1398.142566
566.115687,257,1400.475319
898.815488,404,1404.013921
899.418287,411,1407.643278
271.932275,184,1412.096726
58.014706,82,1412.801986
1084.095623,489,1416.903761
609.783232,357,1420.221844
507.455435,230,1422.271471
899.041083,401,1425.816801
326.130699,230,1427.856313
1084.975677,478,1432.14671
898.505285,398,1438.553721
1084.489501,502,1442.835157
154.011927,120,1443.885639
759.998814,347,1447.008362
55.878167,74,1447.704008
309.595872,222,1449.645024
506.894822,218,1451.57655
59.175945,77,1452.205099
1083.664312,502,1456.622722
567.063082,245,1461.688455
247.986533,181,1463.36507
507.632662,210,1465.155156
759.886107,353,1468.222939
281.98856,197,1469.881457
282.223255,192,1471.421621
715.700783,305,1474.021876
715.78622,323,1476.751912
247.273905,183,1478.333142
507.091528,222,1480.162059
566.706222,248,1482.182482
57.611063,83,1484.89462
164.986899,123,1485.958711
1084.538588,478,1490.184026
467.281001,297,1492.733468
372.651015,229,1494.749178
716.13074,303,1497.362959
899.516376,390,1500.625226
566.569246,251,1502.762791
1084.096298,493,1509.889817
759.562876,349,1512.911522
507.632409,215,1514.77866
313.956857,203,1516.573964
716.633508,305,1519.254283
567.07662,249,1521.500408
56.873789,82,1522.251673
148.876962,121,1523.311995
156.588365,121,1524.352224
1084.945527,478,1528.455011
507.43836,211,1530.380229
82.567084,118,1534.194553
760.380117,354,1537.176152
716.206245,310,1539.878821
613.829857,363,1543.039028
240.100059,163,1544.501727
147.317072,112,1545.48052
760.634422,333,1548.465902
567.422729,252,1550.571223
570.368879,341,1553.499605
761.26327,340,1558.88296
200.244636,139,1560.123953
150.640438,123,1561.314374
505.894714,208,1563.092986
506.206859,224,1565.005879
716.360321,303,1567.704746
1084.065174,474,1571.848376
345.828513,218,1573.800304
1085.134667,488,1578.06847
717.031622,299,1582.848551
506.791307,219,1584.7775
507.524268,217,1586.736092
345.861716,220,1588.696356
259.837646,197,1590.513874
759.100617,351,1593.578154
1084.135397,505,1597.986413
233.612898,171,1599.574289
288.348027,183,1601.208531
899.023833,383,1607.529584
759.43826,341,1610.559944
898.963568,410,1614.121846
566.875901,248,1616.295801
566.884199,252,1618.521977
506.357216,222,1620.48156
628.984153,373,1623.713373
566.942398,241,1625.855464
415.960646,268,1628.180016
61.37502,77,1631.620906
65.590893,95,1632.469219
567.059084,243,1634.606952
568.80802,245,1636.799302
568.767656,245,1639.114396
60.856122,88,1639.88485
415.948345,263,1642.189852
898.871898,408,1645.702777
717.571476,310,1648.412903
290.735267,207,1650.301102
0.979448,86,1651.046401
1084.936425,475,1658.224822
901.337295,382,1661.556772
566.669127,233,1663.60215
78.166928,105,1664.529418
258.810726,195,1666.248211
1085.616861,475,1670.408764
1083.763064,489,1674.870668
508.648723,209,1676.679618
899.130942,395,1682.839436
141.660694,112,1683.852179
899.537588,406,1687.546288
759.912687,346,1690.553518
900.578714,393,1694.00274
567.708878,238,1696.130416
117.34136,100,1697.05895
50.617181,64,1697.632435
759.547558,348,1700.756183
569.000018,249,1702.976883
507.855055,220,1708.462621
900.357507,407,1711.972642
715.346246,306,1714.723082
58.082617,75,1715.407036
54.861553,72,1716.072664
55.202032,76,1716.830849
237.701519,180,1718.412976
59.221087,81,1719.133604
710.946272,382,1722.496173
715.585379,311,1725.246606
566.972798,249,1727.539746
432.67532,277,1732.820305
570.599837,335,1735.747906
1084.234685,496,1740.235479
507.747008,212,1742.068331
335.213527,225,1744.084046
325.271595,208,1745.908034
334.372402,208,1747.815094
341.099634,218,1749.719951
506.720321,220,1751.625477
146.196969,117,1752.685261
408.807306,247,1757.913547
1084.031357,496,1762.079284
140.681719,112,1763.072461
1085.088891,471,1767.243047
143.611849,111,1768.268789
944.965644,429,1772.085604
1083.943049,502,1776.61073
67.550263,97,1777.504341
205.482349,143,1778.802239
716.430078,297,1785.195452
761.50858,333,1788.140886
717.923323,289,1790.770809
569.472401,247,1792.944465
567.622474,246,1795.212388
900.365622,378,1798.666054
944.058255,434,1802.394043
567.760685,249,1804.581038
899.304024,408,1810.841104
1084.524086,503,1815.321918
945.09309,417,1818.978336
507.796642,207,1820.805489
508.65845,211,1822.707021
62.043487,88,1823.547338
716.874183,300,1826.205201
142.61131,113,1827.203981
310.26498,223,1829.102981
508.489177,211,1834.162304
-8.051399,1,1834.190291
507.832746,221,1836.127854
406.173885,253,1838.424692
717.817967,292,1840.953512
943.560879,434,1844.809193
1085.11105,482,1849.160924
761.657017,340,1852.128685
944.973787,417,1855.800376
899.954208,396,1861.423373
899.89219,382,1864.817765
407.71668,251,1867.036992
507.372436,217,1868.9337
476.043468,306,1871.654254
478.888452,293,1874.191587
567.195526,242,1876.39417
57.7402,78,1877.062843
1084.542035,483,1884.296476
507.681742,222,1886.171368
760.092177,338,1889.002697
568.627211,241,1891.142368
717.278786,295,1893.572179
716.764362,293,1895.94989
1085.369814,491,1900.086341
507.497629,223,1901.909084
568.630434,235,1903.808136
717.497438,303,1909.273515
901.221431,383,1912.507656
567.239012,249,1914.629988
408.279639,260,1916.951464
508.837173,213,1918.751243
506.724983,216,1920.590974
1085.817127,472,1924.528622
568.399835,237,1926.538588
761.650356,341,1933.041442
57.714414,74,1933.790155
899.369542,392,1937.242674
469.099708,322,1940.065176
760.17382,342,1942.960636
944.685969,415,1946.670007
1085.14555,492,1951.025823
568.85156,235,1953.032001
718.30913,288,1958.978596
762.201305,329,1961.914463
899.600303,390,1965.200086
508.332325,206,1966.804459
567.698789,241,1968.740671
409.209652,247,1970.569075
346.96657,229,1972.403653
569.091838,249,1974.283348
761.019349,335,1976.853987
762.911958,333,1982.628382
567.862375,239,1984.413073
639.9871,377,1987.301072
506.659952,209,1988.942713
507.616445,223,1990.64631
1087.030942,488,1994.463576
899.522906,401,1997.611402
760.792209,340,2002.893919
508.166141,202,2004.508059
508.074023,206,2006.164649
761.496927,338,2008.782146
480.650148,295,2011.079762
103.588383,87,2011.767795
761.037971,333,2014.311553
718.239235,303,2016.708518
150.074356,115,2017.606323
900.17653,382,2020.528902
944.359296,420,2026.432849
567.593273,235,2028.302974
761.688205,347,2031.022463
507.163182,219,2032.77346
716.367518,305,2035.172754
716.258017,302,2037.519325
1085.118305,494,2041.261002
898.739536,400,2048.037119
76.420601,94,2048.81058
63.139153,78,2049.468963
-16.062611,1,2049.502259
507.82528,214,2051.170393
66.152808,76,2051.762542
144.66183,105,2052.569101
58.335044,66,2053.144392
760.374229,339,2055.849696
761.949896,330,2058.484536
943.978574,415,2061.786604
944.926373,419,2064.997659
900.941582,397,2070.30082
943.341304,414,2073.62079
761.853579,333,2076.22263
479.856734,316,2078.710412
718.41775,298,2080.985847
508.47252,214,2082.627236
-8.168832,7,2082.711667
68.423861,83,2083.40949
61.806685,70,2083.949295
64.947725,82,2084.58175
509.406681,212,2086.23508
1085.503231,461,2092.842762
760.619106,351,2095.586182
1085.187604,490,2099.447192
100.880127,92,2100.166619
64.382417,83,2100.826614
901.143867,397,2103.817203
483.085792,308,2106.223717
567.488871,230,2107.968184
481.747526,305,2110.340789
568.021557,236,2114.830434
567.717724,240,2116.797562
476.271503,297,2119.099007
899.835932,378,2121.97156
674.424792,388,2125.008376
761.542098,332,2127.540688
346.634924,224,2129.273132
508.045068,210,2130.891688
761.784632,336,2133.504955
945.99673,413,2139.762914
899.608123,384,2142.702767
898.114211,411,2145.992652
1088.581041,473,2149.708644
508.977518,207,2151.288213
59.458115,65,2151.806997
507.017612,217,2153.470199
64.175796,82,2154.097037
1085.281632,465,2160.055419
716.880655,306,2162.38425
1086.148937,465,2166.019878
574.246198,329,2168.582843
716.178253,305,2170.923838
346.444909,234,2172.665562
761.280541,342,2175.38519
568.97163,241,2177.251629
760.780066,330,2183.002863
568.620084,232,2184.742976
640.566896,358,2187.49725
717.588833,300,2189.775409
507.347352,208,2191.402011
717.158504,299,2193.735304
629.125125,364,2196.528368
121.074643,99,2197.362783
900.537594,390,2200.479504
66.251547,74,2203.820448
612.823378,360,2206.625156
507.081709,216,2208.337828
509.047007,207,2209.972288
143.791541,107,2210.817129
508.013181,210,2212.495105
761.733989,332,2215.012132
1086.032149,497,2218.865386
567.30518,236,2220.782948
-16.046179,1,2220.811609
430.257922,274,2222.971187
716.551535,297,2228.474973
900.906065,385,2231.509667
760.47505,334,2234.110799
313.778467,206,2235.696781
56.364638,73,2236.258568
409.431071,244,2238.180407
760.690892,339,2240.807332
717.825964,295,2243.134707
762.303742,323,2245.607461
761.728371,340,2250.738302
900.360086,407,2253.88195
944.98702,418,2257.124671
1086.622258,468,2260.795204
715.944585,299,2263.044674
568.982761,226,2264.807724
760.778454,330,2267.463411
68.208134,82,2271.24777
901.217434,373,2274.196414
144.621662,108,2275.014317
901.698518,388,2278.200809
761.086351,329,2280.794813
899.596731,393,2283.892467
64.452974,79,2284.519054
35.928538,48,2284.898762
225.401107,168,2286.239689
249.33606,166,2287.529928
1088.142788,474,2295.122744
136.209727,125,2296.128957
444.633138,261,2298.113993
295.605821,185,2299.578508
717.820613,299,2301.975997
146.425121,108,2302.813423
1086.497863,474,2306.424542
899.487157,382,2309.380617
762.730376,327,2311.902062
507.609873,202,2313.459166
944.709948,411,2319.525426
944.987462,406,2322.625109
1085.877759,485,2326.333703
716.827509,293,2328.61468
1086.419502,478,2332.345697
478.494467,290,2334.582062
58.917512,68,2335.122487
946.062611,414,2341.725259
341.568403,212,2343.338179
761.65994,331,2345.876555
945.604382,399,2348.997675
899.826532,380,2351.979881
717.790242,301,2354.341835
944.791952,407,2357.440337
760.694105,323,2361.577854
716.855379,290,2363.837515
569.760269,230,2365.617549
901.076668,383,2368.543501
945.389723,403,2371.604843
761.975212,327,2374.16674
1088.18665,467,2377.786101
762.633587,327,2384.024373
70.767184,76,2384.626404
569.824578,235,2386.473562
762.063173,322,2388.973058
1087.486424,473,2392.579282
717.240601,287,2394.761116
57.921615,71,2395.295655
717.073772,291,2397.576375
899.185318,378,2400.485036
715.983949,294,2402.797915
65.724117,74,2405.884032
900.721813,380,2408.79487
944.90401,405,2411.870781
761.504823,330,2414.426834
567.737511,235,2416.229918
-8.033965,1,2416.260845
65.371109,83,2416.908313
507.557081,207,2418.531747
716.382952,295,2420.80133
1085.930344,463,2424.388676
508.007482,207,2429.107675
1086.339878,478,2432.881365
899.719432,384,2435.892372
717.77764,296,2438.164357
899.756414,387,2441.191789
144.517026,112,2442.061369
900.354915,372,2445.048689
68.057619,83,2445.714782
899.94247,384,2451.938634
717.801243,305,2454.428921
717.548783,289,2456.659998
715.788109,306,2459.097264
1087.284793,457,2462.590946
900.593053,381,2465.469257
568.918046,233,2467.378208
718.610049,297,2469.701761
1087.084159,468,2476.208231
491.214658,284,2478.403749
900.79451,371,2481.266253
568.560869,247,2483.195121
1087.67683,466,2486.767928
761.105816,334,2489.444842
762.911899,320,2491.989762
568.171828,231,2496.611033
506.359825,202,2498.285246
760.858917,336,2500.920334
716.741836,306,2503.192095
1086.894685,483,2506.923657
568.087693,240,2508.774032
1086.247018,464,2512.299137
570.097916,230,2514.078164
568.141891,230,2518.651145
761.312851,329,2521.19055
1086.667313,485,2524.911348
717.323536,301,2527.218566
507.641064,205,2528.820336
944.610955,401,2531.90469
59.042809,67,2532.420626
760.907139,327,2534.943267
761.326078,342,2540.354471
1087.633182,464,2544.002737
945.366533,405,2547.090843
507.613494,203,2548.701568
760.995069,320,2551.123041
142.625694,108,2552.051821
1086.435773,472,2555.782313
145.851804,115,2556.715068
717.183174,290,2558.967561
946.159898,400,2564.914059
461.28563,288,2567.167289
761.466907,319,2569.67423
899.450189,381,2572.597914
229.686287,156,2573.835285
717.28605,289,2576.069407
507.655002,203,2577.626894
614.77247,344,2580.351778
58.69549,67,2580.87018
900.374952,386,2586.550935
509.189515,209,2588.144223
569.472463,240,2590.056999
59.436185,72,2590.646919
55.721381,63,2591.161781
716.551917,299,2593.408036
718.753518,288,2595.666013
761.378735,323,2598.110745
1087.430604,466,2601.72061
58.746456,64,2602.23844
945.322534,396,2608.402978
708.990056,309,2610.782698
468.948115,298,2613.082446
478.122174,315,2615.535838
46.710244,55,2615.968156
58.218954,78,2616.579731
716.543758,299,2618.854805
1088.393015,463,2622.46984
761.873926,324,2625.003516
900.249949,386,2630.948719
718.303363,296,2633.260088
900.096078,392,2636.419743
946.084784,409,2639.59657
762.770967,333,2642.093263
1086.317221,480,2645.803579
1087.208045,471,2652.118047
568.508854,236,2653.907856
718.363665,292,2656.154761
709.23542,302,2658.607485
901.582568,376,2661.451177
480.685107,287,2663.659449
1086.450119,478,2667.30625
617.605398,349,2670.001095
568.977387,239,2674.813255
759.807625,333,2677.395103
899.478558,392,2680.377509
762.923375,323,2682.8981
358.255124,218,2684.608546
105.957049,93,2685.314601
-16.05361,1,2685.345718
55.167239,84,2686.027526
157.805716,112,2686.904854
900.353097,383,2689.87759
507.946652,205,2691.519893
198.366827,140,2692.61454
900.623507,378,2698.600125
156.511737,120,2699.532581
901.508443,365,2702.481997
49.384573,61,2702.991049
340.819195,216,2704.686096
717.71119,295,2707.048772
4.454002,25,2707.259594
178.398639,127,2708.257274
1086.907986,469,2711.917268
568.779269,228,2713.717252
900.43959,390,2719.920378
899.898022,374,2722.841165
669.915553,385,2725.898847
507.366219,198,2727.407826
46.713237,57,2727.857911
945.341493,392,2730.892816
103.244432,84,2731.531516
414.388078,242,2733.439803
901.330712,386,2736.427645
-8.079924,1,2736.466144
1087.154902,470,2743.516005
74.390706,90,2744.197493
472.330035,294,2746.423108
35.723217,51,2746.828749
761.643905,325,2749.343592
153.585221,115,2750.215448
476.891545,297,2752.515144
356.591789,279,2754.658617
709.893065,315,2757.107287
762.341289,328,2759.721315
901.323539,367,2765.771775
485.153619,298,2768.215585
567.690195,225,2769.926334
45.933674,58,2770.392181
568.274785,231,2772.223967
40.685939,61,2772.701298
716.324439,298,2775.040882
15.53051,35,2775.369713
478.34809,302,2777.704449
57.082581,75,2778.310788
899.59873,397,2781.423781
80.035181,77,2782.055196
568.508258,244,2787.443977
363.022108,238,2789.331505
442.90592,283,2791.528793
59.157319,76,2792.102545
265.061997,173,2793.468665
507.43471,207,2795.039579
716.645748,299,2797.342862
34.739216,51,2797.735919
108.136028,87,2798.481631
717.230155,288,2800.663822
761.490608,323,2803.131176
257.12461,181,2804.500749
119.894461,104,2805.285109
760.071581,329,2810.816852
54.842318,68,2811.345016
900.254099,369,2814.135837
1086.639954,484,2817.878051
-8.065235,1,2817.912951
46.75777,57,2818.376838
1087.094792,471,2821.99602
45.404415,60,2822.464006
760.189754,327,2825.004408
508.473133,206,2826.550209
1087.296563,470,2833.075471
717.718621,304,2835.468208
900.008773,390,2838.459529
508.345294,211,2840.169476
900.171166,385,2843.179285
1088.323427,459,2846.668085
946.577688,394,2849.765352
717.952279,294,2855.811124
1088.229188,463,2859.381267
59.952275,68,2859.930329
716.451165,303,2862.226824
567.996745,230,2863.987355
901.220499,390,2867.145192
902.91697,391,2870.208922
48.274621,58,2870.690788
760.711209,331,2873.235425
52.779358,67,2873.79803
-16.067991,1,2873.827649
716.443675,299,2879.045633
1087.489216,474,2882.716753
716.885168,294,2884.970868
339.718021,224,2886.673762
947.207754,391,2889.666477
944.637802,408,2892.766629
717.793506,302,2895.092321
155.056654,119,2896.036399
343.02349,211,2900.752168
761.381255,328,2903.353255
57.950037,64,2903.853152
506.753917,207,2905.51575
153.850238,111,2906.367196
508.190073,224,2908.114692
944.510846,411,2911.275628
508.503511,203,2912.825448
65.653141,77,2913.504349
507.474801,209,2915.099367
761.558863,320,2917.594154
761.394155,329,2923.104032
568.19794,237,2924.962626
902.639069,388,2927.933381
902.147362,371,2930.806973
717.250683,297,2933.071686
480.059891,300,2935.34294
-16.052578,1,2935.367608
901.966791,376,2938.285678
462.446566,298,2940.569687
1087.706842,459,2946.436563
944.951531,408,2949.570357
146.471812,117,2950.508138
762.753167,330,2953.099904
334.482339,211,2954.674533
945.050183,395,2957.786261
944.667864,408,2960.908876
58.331904,69,2961.451969
-8.029013,1,2961.485325
509.034764,198,2963.183397
717.607105,296,2968.910786
761.898795,318,2971.379492
507.843244,209,2972.950828
718.708578,292,2975.254112
465.814768,283,2977.526725
1088.850691,462,2981.144267
718.936448,297,2983.472733
508.124028,206,2985.073967
900.340925,375,2991.41139
566.41434,241,2993.281341
507.358774,208,2994.834881
719.196238,299,2997.136112
50.90739,62,2997.60751
569.65321,236,2999.465752
761.277687,331,3002.04567
717.205525,299,3004.330915
48.28667,54,3004.747265
-16.028479,1,3004.780439
901.478172,373,3007.688044
508.946952,196,3012.313853
568.001937,234,3014.170645
295.037452,192,3015.717593
-8.039443,1,3015.748581
82.076799,80,3016.42209
718.718091,299,3018.792793
34.942249,47,3019.221427
716.855747,302,3021.608691
762.033983,322,3024.073879
83.169672,84,3024.742124
902.331187,397,3027.818649
508.374169,194,3029.341215
144.165857,111,3030.197122
157.439928,116,3031.126874
569.209493,231,3036.505096
474.521963,295,3038.840546
762.641564,324,3041.477041
902.211,388,3044.642387
718.38237,294,3047.017937
567.222854,226,3048.849381
719.104788,296,3051.158998
717.226945,297,3053.535047
718.387051,296,3058.437893
718.400709,298,3060.70717
238.706225,159,3062.015467
761.592471,326,3064.498144
75.962594,75,3065.170469
901.993533,380,3068.006877
569.565434,228,3069.768409
763.212457,317,3072.316907
902.367075,383,3075.210166
945.214006,406,3081.013337
508.59845,199,3082.578923
569.61719,227,3084.33881
900.935671,366,3087.307133
65.717255,76,3087.898444
1087.581554,473,3091.58477
144.751723,108,3092.444079
569.604237,225,3094.183439
26.95885,50,3094.596473
566.602405,236,3096.458535
718.071528,294,3098.756655
60.979099,66,3099.283678
61.109403,69,3099.83891
900.919078,376,3105.189669
508.011722,201,3106.767369
761.316169,325,3109.315164
481.153703,291,3111.549331
1087.459148,475,3115.250317
499.051222,324,3117.740058
900.040602,379,3120.651237
568.744033,234,3125.42769
901.430658,383,3128.35941
901.710264,383,3131.319347
901.057911,388,3134.301967
507.941231,201,3135.876294
761.696086,330,3138.359977
569.032917,231,3140.169907
902.449626,388,3143.12051
478.589663,298,3147.576247
945.810046,405,3150.714371
15.70082,37,3151.000848
567.638349,230,3152.82997
718.41199,296,3155.136163
507.582578,207,3156.751185
717.607939,294,3158.9995
1087.512872,475,3162.665774
59.268722,71,3163.209968
70.011254,73,3163.797847
568.02216,231,3168.323684
569.270062,232,3170.131502
1087.69465,465,3174.130248
1087.72586,456,3178.251828
16.854703,37,3178.596139
901.675043,380,3182.852075
-16.057337,1,3182.885145
507.531713,202,3185.183331
568.014629,225,3187.76612
900.69243,392,3191.170182
507.275004,200,3196.1597
901.206144,384,3199.400795
899.865014,402,3202.6763
762.41372,325,3205.171691
1087.107634,470,3208.950875
506.494146,201,3210.740918
470.680948,289,3213.977026
902.244,381,3221.32633
-8.048433,1,3221.360594
567.480039,227,3223.304339
902.808425,387,3226.694774
245.828138,157,3228.22234
59.592741,68,3228.887253
567.893917,224,3231.056937
424.473165,255,3233.475757
900.487459,385,3237.212808
717.899223,298,3240.013227
717.05587,301,3242.813889
247.095465,171,3247.490147
60.954915,75,3248.390024
15.678806,36,3248.842721
146.147076,112,3250.008489
58.633047,74,3250.819535
900.748371,383,3254.580874
761.428008,323,3257.291856
901.15834,382,3260.408291
508.29698,201,3261.973201
718.04263,290,3264.283617
944.365515,408,3267.59446
717.598766,298,3273.438752
16.631657,36,3273.781435
1086.490008,485,3278.97978
673.891505,363,3283.116817
567.24194,221,3285.358358
15.982157,33,3285.641163
1087.803506,468,3289.629723
1087.112606,476,3293.989688
52.382252,59,3294.685368
1086.399804,466,3302.305041
717.83356,300,3304.628164
568.909677,235,3306.535036
718.622042,294,3309.561251
613.974042,342,3313.456322
718.199527,295,3316.851541
761.972715,322,3319.559404
567.723554,226,3321.414149
237.918399,163,3322.804508
901.095644,384,3329.028213
1087.404585,458,3333.565861
49.421845,60,3334.193261
282.109292,178,3335.883561
761.683802,322,3338.968812
508.36923,198,3340.82493
900.220627,376,3345.06667
507.848493,198,3347.459188
760.37918,323,3351.077631
1.348655,18,3351.262122
901.592356,388,3357.941413
762.401714,336,3360.78964
1087.353889,463,3364.608279
234.678299,158,3366.015771
507.043121,208,3367.695505
507.876718,205,3369.284342
417.322884,240,3371.237419
716.88541,296,3373.931175
49.58451,57,3374.559811
716.697285,293,3381.586797
710.494257,314,3384.472997
761.559476,326,3387.219493
901.823381,390,3390.741109
569.144926,227,3392.964119
433.900739,253,3395.426186
61.985041,71,3396.14567
763.381666,318,3399.220759
718.43741,288,3401.866922
568.490881,226,3404.036403
91.286118,89,3408.644289
901.703529,369,3412.746758
718.336963,292,3415.932304
1088.066547,461,3419.752586
161.2183,121,3420.780112
352.54412,203,3422.446147
59.67892,68,3423.045446
569.420761,230,3425.015166
35.908502,49,3425.457332
569.119568,226,3427.359871
945.358686,404,3430.748209
762.447755,312,3436.44196
568.677674,230,3438.783433
70.505845,76,3439.752495
1088.426304,447,3444.846803
508.050037,198,3447.049504
630.391452,347,3450.174737
569.224346,226,3452.083972
567.670187,231,3454.114426
60.235028,67,3454.77764
508.222133,198,3456.683909
902.777131,380,3463.751588
-8.076413,1,3463.782022
945.651607,407,3466.984891
84.574567,84,3467.66201
762.408111,313,3470.113229
1087.265367,467,3475.203971
902.501177,379,3479.267616
761.015075,321,3482.113134
112.652945,99,3482.975732
69.420235,76,3483.646405
1089.371721,477,3491.613478
613.865,333,3494.826473
83.295175,79,3495.609525
944.180948,403,3499.307269
507.126998,204,3501.249603
1086.061209,479,3506.059748
899.563507,393,3510.584414
568.700609,233,3513.299459
619.111086,327,3519.012747
478.575903,296,3521.47139
902.983606,388,3524.81177
763.206927,321,3527.530851
716.961066,296,3529.959006
718.046701,293,3532.235318
716.361171,295,3534.576101
717.044767,296,3537.4816
56.435311,65,3542.066358
507.831985,200,3544.54123
793.937737,431,3548.534464
1088.445273,457,3552.479377
467.220845,289,3555.339571
120.125281,95,3556.236951
716.61346,304,3559.296741
640.948177,341,3562.503086
156.569514,114,3563.555672
247.958289,160,3565.135216
142.52516,110,3568.575981
60.842764,67,3569.206776
1087.158367,468,3574.30098
156.62955,124,3575.671731
717.373717,304,3578.937757
52.802486,67,3579.485058
154.575643,117,3580.514104
568.807259,230,3582.394771
718.913475,285,3584.724611
63.877568,66,3585.346522
144.286863,109,3586.255467
71.299245,75,3586.90901
1089.746823,449,3590.518653
114.664191,101,3591.365739
59.664924,72,3594.226787
244.745449,157,3595.72671
443.126118,250,3598.064524
478.615912,289,3600.785699
762.80563,324,3604.406139
763.416182,317,3608.058582
1087.017615,463,3612.901329
508.146202,206,3614.671979
762.500676,310,3617.33794
238.173956,163,3621.828266
508.270663,197,3623.51096
434.423033,252,3625.566382
946.574962,403,3628.796121
237.939992,163,3630.113171
901.6092,379,3633.109455
899.991769,388,3637.365374
900.25539,393,3641.761951
568.444989,225,3643.839552
945.390992,403,3650.593283
900.725453,372,3654.140671
99.508721,87,3654.978865
567.239157,233,3657.197404
1088.805294,459,3661.49108
718.342092,290,3664.210845
901.46512,381,3668.192055
507.980223,201,3670.402168
345.164747,215,3676.815478
614.444552,347,3679.688295
568.149761,234,3681.575653
1088.087373,460,3685.44344
143.344098,110,3686.322691
59.207174,71,3686.885049
467.707714,290,3689.177181
70.752587,75,3689.820891
944.128752,415,3693.083676
566.715441,224,3694.825672
58.251349,76,3695.459222
763.08075,323,3703.055824
68.748095,76,3703.958255
717.043617,290,3707.037561
89.928494,81,3707.792128
761.886542,321,3710.519647
507.543079,199,3712.165611
1090.695028,472,3716.508327
639.559065,362,3719.972991
567.528319,230,3722.141048
1087.95632,456,3729.45166
261.409615,186,3731.374192
567.192533,223,3733.826165
506.110907,211,3736.149231
900.799657,389,3740.189969
417.08988,254,3742.28459
718.218453,293,3744.71905
-16.069042,1,3744.747476
1087.802187,462,3748.550856
719.460722,296,3751.027772
762.71805,319,3756.086904
901.139368,384,3759.699256
762.334954,310,3762.700425
30.7701,51,3763.401859
717.709955,297,3766.813613
760.997659,316,3770.451556
27.844659,45,3770.970253
507.518237,195,3772.77351
761.512841,327,3775.591268
945.922871,402,3781.112941
902.520745,389,3784.208217
902.240445,377,3787.180304
903.104118,373,3790.128076
761.571221,316,3792.567986
95.722034,89,3793.53392
82.429436,78,3794.420805
1088.064891,466,3799.399883
717.363701,292,3805.15899
900.41673,386,3808.367315
718.450713,298,3811.143757
71.213059,77,3811.942655
901.29077,377,3815.506254
34.265605,52,3816.00933
153.797141,113,3817.119985
112.739831,96,3818.116711
900.421415,377,3821.579425
718.852927,288,3824.23304
567.73975,222,3826.328518
762.859151,316,3833.106713
900.542825,382,3836.993116
716.28367,303,3839.470611
15.46807,32,3839.806813
567.472869,225,3841.634933
945.025847,412,3844.977069
27.55419,45,3845.389712
153.883258,112,3846.320245
59.159596,63,3846.837858
47.72387,63,3847.374279
717.085515,289,3849.730583
1088.243217,449,3856.314692
903.158024,390,3860.430411
717.051013,294,3863.778003
648.303677,359,3867.793783
506.195372,199,3869.493279
719.036038,290,3872.03472
944.584197,413,3875.779847
761.203957,321,3878.83345
718.731791,286,3884.203322
568.332036,216,3885.940362
36.170537,48,3886.343701
901.600958,385,3889.370149
477.418538,299,3892.203917
567.999584,225,3894.640796
301.304285,188,3896.699845
945.211331,398,3900.718801
944.947137,404,3904.087968
15.756533,39,3904.412805
761.17959,316,3910.419739
507.154781,199,3912.392717
901.027444,394,3916.113188
505.839492,205,3918.020503
762.544347,320,3921.011973
61.076521,63,3921.624912
568.084947,222,3923.689004
265.426505,189,3925.860082
568.635493,225,3928.48561
289.851124,175,3930.505594
82.174057,83,3931.456428
566.600246,230,3933.924587
1088.197322,464,3940.200257
900.425751,384,3943.507552
358.484651,215,3945.412531
945.688038,394,3948.698376
83.356558,83,3949.356401
717.535297,305,3951.764627
718.165952,293,3954.032996
568.386194,232,3956.149041
334.489758,205,3958.442247
146.798257,107,3962.716621
410.81196,249,3965.633898
716.600475,297,3968.195828
902.881964,371,3971.489283
464.667254,293,3974.232529
409.824743,244,3976.636116
567.795191,229,3978.89484
-16.067097,1,3978.927051
38.035051,46,3979.38202
60.066721,67,3980.061491
474.052252,289,3982.834539
479.304177,298,3985.619828
718.011181,295,3991.200076
508.788016,193,3993.342405
946.54486,412,3997.840762
20.211545,37,3998.253057
762.865799,317,4000.964591
900.259364,395,4004.185766
145.124496,110,4005.184311
316.978905,200,4006.791431
146.330921,113,4007.75185
567.787052,218,4009.586078
762.394483,317,4014.696942
946.15568,414,4018.503165
1088.630731,463,4023.215275
763.017277,317,4026.915282
902.279372,383,4031.1804
60.888017,70,4031.796534
946.858027,393,4035.052439
506.98001,191,4036.670937
762.449046,317,4042.266798
1089.536943,445,4045.987276
945.759409,406,4049.264577
408.170561,237,4051.15724
1088.275956,457,4055.38606
70.233452,80,4056.272296
761.262694,324,4059.96755
478.364722,294,4062.984287
761.552625,330,4069.309344
1089.457781,468,4073.842181
716.726935,299,4076.719532
82.084673,83,4077.531804
455.886444,283,4080.222245
35.15852,49,4080.674003
-4.371492,13,4080.812038
717.050645,290,4083.543355
314.632066,196,4085.43546
-8.072819,1,4085.463905
945.581455,386,4089.474718
1089.022889,449,4097.169867
1087.902799,471,4101.106375
507.044835,202,4102.793877
903.120754,377,4105.804806
566.980701,224,4107.607161
473.327891,291,4109.948932
59.996668,65,4110.461312
761.843218,316,4112.946758
568.549216,232,4114.871297
900.525778,386,4121.885405
718.259491,291,4125.027175
143.728967,108,4126.364482
1087.56805,457,4130.380888
82.16997,77,4131.064618
47.678596,61,4131.602385
59.193882,70,4132.216886
567.803476,235,4134.325865
1087.693942,463,4138.878528
35.460235,48,4139.381071
484.01795,300,4142.317183
716.696372,290,4147.212022
1089.200944,454,4151.265802
506.370769,198,4153.40139
763.679421,308,4156.814404
1088.556058,455,4161.191067
280.312416,174,4162.606105
761.728528,327,4165.265874
567.323569,231,4167.231373
433.986758,258,4172.62197
507.628499,200,4174.52323
1088.345323,450,4178.763039
70.735365,77,4179.508828
761.947393,324,4182.569625
1088.725842,448,4187.758404
1090.223852,476,4193.166642
507.356825,204,4194.922418
72.256805,69,4195.495919
1089.289627,451,4201.421781
944.893782,412,4204.941004
716.834285,301,4207.423829
946.316158,390,4210.465725
56.489915,72,4211.049728
716.730213,292,4213.294318
1088.519172,471,4218.164953
567.287023,226,4220.68384
947.463577,388,4227.127669
1088.097736,470,4231.180447
-8.044871,1,4231.217701
945.516955,406,4235.138265
567.447929,223,4237.325774
717.46214,284,4240.021914
567.690736,215,4242.00461
1088.529001,457,4246.15363
718.470824,298,4252.398936
717.954661,289,4255.639237
568.25082,218,4257.795391
945.485253,398,4261.098799
945.409263,405,4264.445285
506.7168,194,4266.080326
567.466955,231,4268.009404
411.238234,248,4270.119514
611.44042,349,4273.18675
105.739347,86,4277.539708
567.706971,227,4279.790717
1090.288523,456,4285.067573
50.633849,57,4285.764187
508.33247,199,4288.053698
903.436797,380,4291.541188
711.722053,301,4294.132433
1087.719544,471,4298.477391
568.102954,223,4300.625073
1086.415136,471,4308.151244
945.742301,391,4311.204427
508.53768,194,4313.198494
144.409605,110,4314.455781
716.465857,289,4317.710556
712.531648,308,4320.99904
1086.673345,475,4324.956061
761.761171,314,4327.620336
247.886355,164,4332.411633
945.224976,396,4336.242775
717.150769,298,4338.970505
59.231217,69,4339.686242
763.123172,317,4342.638399
1088.164561,469,4347.503897
63.470084,78,4348.469053
507.09436,200,4350.70668
59.064148,67,4351.487486
900.17666,379,4355.50574
712.988232,313,4361.371496
1088.400292,467,4365.39088
947.001951,390,4368.629079
644.018326,359,4371.521267
566.807436,228,4373.263504
760.539802,323,4375.776634
507.091842,199,4377.762074
1089.111399,454,4386.635524
65.403085,68,4387.263543
1089.460478,445,4391.109522
902.406831,380,4394.545597
1088.476759,450,4398.910801
567.33162,220,4401.06335
409.284322,248,4403.414724
762.229347,324,4406.442138
482.339328,281,4412.4659
717.015742,288,4415.513078
98.945051,87,4416.505398
461.554735,280,4419.51204
1088.374631,462,4423.327216
761.364809,310,4425.924991
566.547435,219,4427.777708
453.725754,269,4430.081706
298.860506,182,4431.61141
70.893048,81,4432.26831
717.789783,286,4434.951336
270.433111,177,4439.526042
213.004634,142,4440.807847
66.615471,74,4441.509962
146.337487,105,4442.690943
58.915337,67,4443.430321
761.911132,314,4446.955029
1086.741538,465,4452.069421
761.715257,309,4454.630966
761.674975,329,4457.487933
761.023749,321,4460.503208
567.778099,224,4463.948827
478.733549,292,4466.329183
507.389946,189,4467.829156
508.167443,197,4469.339551
506.741596,201,4470.918741
717.634688,284,4473.178299
506.898473,201,4475.272394
567.256498,235,4477.920055
946.096974,385,4482.126449
566.294537,230,4484.316404
716.588254,292,4490.100813
98.312968,88,4490.988033
417.451594,239,4493.307855
901.172074,385,4496.980331
39.203876,48,4497.438547
483.478041,289,4500.184104
568.0019,223,4502.313529
59.915949,67,4502.955034
567.741313,225,4505.058912
408.618082,237,4507.332152
568.209792,220,4509.930356
716.408197,291,4513.360023
718.680248,301,4519.637643
1087.757838,449,4523.364171
482.723819,284,4525.68374
760.978119,323,4528.305661
762.339125,315,4530.91706
717.16352,302,4533.276342
762.47485,313,4535.872186
900.647442,381,4542.811224
568.621044,227,4545.410013
425.009075,248,4548.243073
649.57637,343,4551.310796
567.164904,224,4553.255753
613.65304,344,4556.241144
64.308772,69,4556.933863
1089.093653,450,4561.311085
760.931108,318,4564.368376
946.114756,411,4570.4904
567.503962,223,4572.509611
268.070215,187,4574.561099
508.130691,195,4576.873814
900.86016,390,4581.27202
944.693674,413,4584.694951
1087.782493,470,4588.53756
714.435354,295,4591.202595
1087.334866,471,4598.516404
452.518604,286,4601.214591
1089.025861,443,4605.536967
386.888334,239,4608.241299
490.312063,301,4611.622455
761.031114,314,4615.033227
569.055175,223,4616.971772
718.57366,291,4619.431617
716.412234,292,4625.070304
717.328466,299,4627.512436
506.379522,203,4629.143272
571.941833,325,4631.686893
1089.18224,454,4635.205186
762.992628,316,4638.361286
566.387603,237,4641.158667
762.712535,315,4644.631751
902.851537,375,4651.159367
59.053237,81,4651.852451
58.126329,81,4652.61844
716.376017,302,4655.504835
58.849212,74,4656.261371
762.040846,318,4659.383715
1088.06774,475,4663.905618
716.960298,296,4666.674817
1088.604763,471,4671.066089
716.947558,294,4677.98724
944.747508,402,4681.813973
153.892759,112,4682.775587
21.801453,42,4683.124969
946.326992,405,4686.457289
505.405946,287,4688.859383
901.422563,381,4692.061733
74.610347,82,4692.748477
762.525386,318,4695.474372
568.658577,220,4697.569438
945.389549,391,4705.232759
901.149149,391,4709.725837
56.794478,70,4710.619845
58.105347,71,4711.466429
946.028776,397,4715.172679
74.801557,87,4715.924936
185.035442,129,4717.024263
716.979398,290,4719.673441
946.208037,399,4723.499157
326.305197,204,4725.200234
567.927394,228,4727.085308
473.375437,290,4733.06282
506.916414,202,4734.65085
717.766932,287,4737.791749
716.402415,289,4740.980942
59.374297,68,4741.754746
17.914634,33,4742.22445
761.767129,326,4745.39952
1090.971172,467,4749.268114
142.127491,108,4750.18313
508.088267,203,4752.070822
409.666879,248,4758.111464
901.115678,382,4761.849458
75.342834,78,4762.593157
716.860822,291,4765.480971
49.743083,60,4766.055077
718.804898,290,4768.846143
50.523539,60,4769.570339
429.330528,225,4772.210859
264.306893,173,4774.19469
947.500907,397,4778.615457
945.844523,399,4781.896519
144.942592,113,4782.850612
761.924506,333,4788.440632
718.37629,301,4790.991124
762.928451,322,4793.57064
717.094736,295,4795.90485
567.374385,223,4797.644383
945.796271,398,4801.226309
903.376909,378,4805.446635
480.216526,307,4811.850569
717.244622,302,4814.528652
1089.134319,476,4819.042259
567.527561,234,4821.31761
567.811144,221,4823.394956
717.004966,299,4826.240789
506.856537,194,4828.157054
900.091883,380,4831.406633
716.992674,299,4833.925428
508.354078,199,4838.895654
1090.087315,475,4844.058129
899.770604,380,4847.22542
17.671465,34,4847.551113
716.844256,290,4849.937414
248.980394,164,4851.318539
1088.17806,470,4855.461408
711.060305,309,4858.400973
507.360044,209,4860.3718
567.667175,223,4865.493943
568.600204,223,4867.99017
59.12159,71,4868.909884
946.459301,394,4873.496039
762.15974,327,4876.83828
344.379247,215,4878.686471
106.547039,87,4879.458452
625.857627,343,4882.383735
-5.133129,14,4882.535243
760.834446,324,4885.258351
24.550329,41,4885.612061
295.762863,217,4887.422096
900.826291,385,4893.980367
248.931428,173,4895.353734
710.315572,302,4897.731882
69.755311,78,4898.651421
901.615374,386,4902.858044
945.462499,400,4907.290973
567.45582,221,4909.219863
1088.003845,475,4913.393254
567.292319,228,4918.485565
59.043416,66,4919.223145
507.447926,198,4921.114325
1087.507797,469,4925.521976
900.669411,388,4929.24935
716.482062,295,4932.078209
57.190473,65,4932.84694
-4.919737,14,4933.023777
434.658151,252,4935.900604
616.406408,339,4939.747627
761.136522,324,4945.690332
567.502715,224,4947.543606
1090.128766,450,4951.301248
568.259815,229,4953.148145
1088.122655,460,4956.795298
717.175168,283,4959.023183
615.338925,334,4962.140832
945.268964,411,4966.455333
19.634525,39,4966.876062
21.758098,42,4967.356515
