#{"t_start": 1778098264.3766387, "env_id": "None"}
r,l,t
4.649074,143,2.965304
-4.826631,84,3.057538
-1.067193,168,4.667109
5.362614,318,7.834372
-7.147679,61,8.497628
-9.21792,418,12.943568
-11.803014,318,16.082734
-15.24196,520,20.415872
6.363648,189,21.827525
-2.49095,83,22.463099
-17.883133,207,25.669305
-8.798546,52,26.129372
-81.394053,437,29.560061
-6.107819,482,33.455121
-72.083984,1433,44.920882
-16.047732,1,44.96259
-34.992086,598,53.624514
-24.832595,300,56.379705
-42.13649,600,61.626274
-41.027671,600,67.615232
-22.805197,300,70.797016
-19.362543,300,77.858894
-61.628555,900,85.088497
-43.794083,600,89.807696
-23.131647,300,92.13581
-21.574252,300,94.484849
-45.413851,600,104.191853
-51.523886,600,109.165048
-23.404235,300,111.912756
-24.862371,300,114.682754
-44.506712,600,120.232131
-47.850626,900,132.611196
-62.284491,1198,142.66594
0.390645,548,147.134279
-34.917872,600,157.01385
-5.607843,198,159.186116
-33.322303,600,165.349242
-4.215615,220,167.175915
-4.00124,600,172.40296
-46.190143,600,183.851104
-8.78906,900,192.515891
14.271853,167,194.278381
6.638429,219,196.283312
15.302832,136,197.392094
6.51013,122,198.390594
15.194648,114,199.341715
8.064146,600,204.172067
23.947565,115,205.126335
30.547467,140,208.206711
2.857139,562,213.351069
-29.145783,300,216.036195
22.297161,83,216.819155
-41.693138,600,223.126025
20.674493,94,224.112131
13.188699,90,225.105396
-34.285219,600,230.481217
-39.97642,600,242.120747
-16.048002,1,242.150987
77.261197,426,245.468277
13.993442,900,254.036724
-45.205022,600,259.748106
48.235314,495,269.229766
-19.954686,600,274.729335
67.370234,493,279.076979
23.184092,600,285.406455
3.764074,600,295.669468
41.531772,121,296.754682
68.484521,600,301.880491
-2.725109,600,306.751523
6.112845,600,311.71911
51.83032,600,320.854582
38.843318,339,323.651511
-0.131968,600,329.219598
13.995449,67,329.897537
149.604332,760,336.81206
97.699909,206,338.640553
20.966847,79,339.374051
59.064524,299,346.732625
89.42191,373,350.52113
9.593083,192,352.102578
54.331082,183,353.584526
161.432697,900,361.086287
73.004966,406,364.345552
40.426573,107,365.165381
159.128171,900,380.027915
16.264811,73,380.672535
51.422854,341,383.478562
9.763856,37,383.814027
126.474805,900,392.062719
20.306869,56,392.596031
39.78165,115,393.642955
60.612721,410,400.468123
19.681693,60,401.048886
39.609017,111,402.131938
21.477212,74,402.75286
55.738193,97,403.734115
-9.130592,600,409.943793
13.643134,46,410.394095
-16.039614,1,410.424423
63.95835,140,411.884775
38.029382,87,412.685842
95.324248,438,416.266348
89.112306,235,418.203109
20.114259,51,418.712526
59.076037,626,426.523381
50.586206,113,427.393884
-30.630679,600,432.606409
13.776751,44,433.01494
-37.147524,600,439.058956
155.726969,555,444.262365
208.898024,658,454.909627
-48.527137,600,459.795459
13.882427,45,460.158455
13.629696,900,468.324782
-0.472014,600,474.338941
-18.293093,600,482.235312
128.763175,600,487.887501
-10.983718,600,493.204676
241.375061,455,497.586909
34.039209,600,509.044993
37.319896,600,513.84495
-63.249882,600,518.691297
-60.62272,600,523.31753
14.82769,54,523.763998
75.851653,168,525.157604
90.67331,108,526.232246
73.17186,206,531.762877
39.401637,235,534.144116
-55.663622,600,539.179053
3.708321,23,539.384335
90.436563,124,540.37234
-75.463599,600,545.735597
72.948913,213,547.737509
-67.192518,600,553.118017
58.167046,95,559.114308
91.449101,121,560.351606
63.213167,241,562.970643
70.655423,174,564.831591
97.614377,132,566.092387
170.833437,276,568.337783
14.564679,55,568.792272
-7.513386,574,573.438771
3.813011,25,573.668546
296.669804,509,577.883981
29.17591,292,580.409231
256.382135,424,586.53453
96.164144,189,588.534643
96.914248,134,590.016524
58.411117,113,591.209023
3.580151,23,591.49167
41.214612,162,593.359146
167.61535,833,601.202941
250.288746,386,604.642758
225.643648,354,610.12379
-16.040295,1,610.155522
24.981542,63,610.751306
-6.114616,17,610.93418
113.351675,256,613.298187
23.528652,89,614.016732
337.079982,656,619.253567
230.447001,380,623.330262
41.426272,96,624.350503
167.668461,366,628.226132
-6.163332,19,628.457623
14.253788,53,628.952671
103.067327,164,630.322499
59.91115,900,640.611451
200.659174,269,643.154556
267.382925,471,647.375539
96.97031,123,648.48835
237.477867,367,651.873519
69.188091,114,653.002684
-8.045058,1,653.042494
145.010113,369,657.084773
54.681306,143,658.73034
44.466484,73,662.606555
176.886671,253,664.748178
244.338585,456,668.594544
27.112452,75,669.237739
109.739858,299,671.740393
192.23294,246,673.732862
-16.070199,1,673.772622
85.818412,223,675.632121
97.165071,132,676.694241
178.516697,261,678.783732
88.98322,194,680.323905
97.427945,122,681.352508
91.021641,118,682.290984
106.20838,346,689.074338
34.326705,94,690.097941
99.361659,132,691.610367
112.385144,223,693.58406
231.041011,365,696.748762
125.806586,221,698.725966
59.302884,199,700.575302
101.114828,155,702.049548
221.931075,446,706.481281
130.523166,303,709.258655
108.391864,262,713.25825
32.954403,74,713.987807
77.812146,166,715.396027
272.76946,514,720.679634
34.914381,64,721.376129
58.682403,88,722.355326
59.651164,132,723.790937
94.886096,200,725.698225
204.569484,301,728.222833
70.219335,109,729.131535
33.721817,84,729.844492
3.322994,32,730.12066
58.483011,119,731.09943
31.647627,122,732.128806
43.305173,121,733.172568
277.720221,404,741.100733
32.146541,102,742.013251
-38.009064,408,745.748206
690.442222,779,753.946975
210.733395,329,757.591381
43.526092,116,758.633021
274.028827,394,761.94285
129.33851,210,766.841437
276.250208,387,770.450419
111.688504,201,772.114978
72.651591,139,773.264213
78.856036,149,774.418845
134.209168,277,776.657895
107.551808,198,778.152995
75.201043,114,779.031701
115.291128,215,781.105007
73.732186,103,782.290021
315.282495,497,787.565933
278.384221,420,796.046543
106.839473,196,797.810129
277.468942,425,801.771147
13.972258,43,802.199882
112.672995,220,804.306609
756.309267,1140,814.987226
236.899532,400,821.979343
762.326054,1041,830.488465
-8.020123,1,830.522813
111.513085,184,832.09996
97.238811,115,833.110395
110.299276,203,834.791361
279.2666,382,837.843273
218.382539,427,847.533567
47.332992,102,848.705443
93.876431,179,850.712258
550.255533,566,855.805698
373.809455,514,860.341094
547.692472,634,866.370061
697.000922,635,876.482702
14.766511,40,876.929375
177.796758,238,879.580314
872.494914,795,886.941257
277.547328,342,889.760731
55.591645,118,890.774784
-9.364302,113,891.796727
133.074589,195,893.371392
552.191575,531,900.138334
872.55325,781,907.010378
55.433819,112,907.9906
137.992531,178,909.821406
106.856331,169,911.651352
109.128764,166,913.237354
55.79875,95,914.214101
194.604891,236,916.333675
114.570781,174,917.834251
48.653648,86,918.518827
179.252329,224,920.410115
553.615172,530,928.836536
335.80876,447,932.574599
377.313156,480,936.309658
106.482959,179,938.103155
702.309625,573,944.204418
679.892844,901,955.394873
280.590442,328,958.492728
277.741551,329,961.580393
136.096454,184,963.338151
3.372963,25,963.608101
281.391547,357,966.865871
48.894153,85,967.635922
42.369965,125,968.782859
378.206907,478,973.873597
700.754649,569,984.111064
107.062923,166,985.55481
71.491916,95,986.329554
96.09111,140,987.499236
278.356367,329,990.167643
260.146908,308,992.571849
114.599806,169,993.987619
284.122043,331,996.566793
108.040486,157,997.800645
878.745738,733,1007.795214
280.548867,348,1010.991092
137.501471,192,1012.6998
115.155853,166,1014.149381
46.775691,77,1014.816787
60.496599,105,1015.725426
841.82726,971,1024.883515
404.109579,466,1033.33686
48.621181,88,1034.339235
557.042671,454,1039.116542
279.897156,293,1042.075882
79.228963,120,1043.036443
1058.04962,965,1050.943531
1063.806033,931,1063.640274
-16.070444,1,1063.670549
53.676196,151,1065.352711
43.663421,121,1066.716518
46.826921,71,1067.467032
556.381849,449,1072.217037
45.036423,115,1073.162252
1061.953375,912,1081.018539
-64.800019,528,1090.024589
-25.736099,600,1095.027513
881.572256,636,1101.888618
265.18756,270,1104.498673
103.589413,142,1105.70089
235.707713,323,1108.435011
703.232898,492,1117.157914
227.277375,284,1119.506727
48.757241,78,1120.178781
33.894497,63,1120.876901
739.447591,681,1127.350679
-16.050482,1,1127.391496
55.892563,100,1128.466828
61.907125,83,1129.361978
60.378739,74,1130.170735
118.836599,148,1131.813402
108.307789,131,1133.280888
616.936677,653,1141.449658
706.493377,458,1145.741218
260.312726,334,1148.675274
337.352,365,1151.732123
257.19923,315,1154.23266
116.310395,143,1155.347728
239.580785,257,1157.431197
318.798494,328,1160.799182
46.513963,77,1161.575359
882.984952,650,1173.373069
622.566839,631,1179.257694
105.338606,120,1180.443244
113.727412,155,1181.957432
61.434445,86,1182.780648
180.123268,191,1184.493339
556.96222,405,1188.079639
884.223327,600,1197.994919
-13.407662,125,1199.289594
702.106732,510,1203.508118
121.958976,167,1204.837387
704.66941,495,1208.849025
557.677852,578,1213.694252
556.59049,442,1217.135388
883.676565,593,1227.401799
123.489964,155,1229.094996
48.435436,68,1229.733557
214.781857,233,1231.82131
701.846355,505,1236.120243
560.23523,369,1239.673262
284.402106,322,1242.765239
48.323293,114,1243.995113
701.77653,512,1252.265835
1066.456705,815,1260.808821
104.554366,115,1261.99776
884.770509,616,1266.968382
116.580225,136,1268.090454
109.854449,139,1269.255403
744.187038,608,1276.687016
80.067748,98,1277.450741
883.716127,604,1282.760236
77.426918,91,1283.674175
213.482447,239,1286.187439
497.984643,328,1289.607486
283.452501,308,1292.886832
-16.060461,1,1292.920087
0.899039,157,1294.250509
368.463835,345,1297.096157
883.965138,615,1307.021999
286.578781,267,1309.262761
378.284986,352,1312.05646
887.291416,587,1317.305677
747.129443,534,1322.882397
58.868607,88,1323.864373
110.821121,134,1327.439498
43.639192,68,1328.031504
561.877916,324,1330.678773
2.714618,38,1330.995734
884.654695,589,1336.458292
482.798715,448,1340.761325
399.434851,350,1343.850422
241.026037,245,1346.082361
276.126458,272,1348.774735
57.286244,83,1349.671065
779.296826,661,1359.572586
371.172052,343,1362.434125
153.700963,147,1363.651636
886.522728,559,1368.165916
600.453292,525,1372.372743
238.069488,208,1374.057963
1070.441924,716,1385.767702
64.092081,73,1386.487232
-8.066052,1,1386.515183
242.108607,234,1388.466882
561.344377,323,1391.092361
387.566217,336,1394.071878
888.176722,541,1398.991494
270.487274,302,1401.751292
338.976427,295,1407.425645
928.536234,608,1413.446062
59.672694,76,1414.202819
562.596138,306,1417.442844
60.740668,89,1418.174428
238.671686,185,1419.678626
845.832539,668,1425.169887
890.592795,553,1432.89558
750.727727,488,1436.898542
278.353121,243,1439.139011
562.263972,307,1442.482785
400.376634,327,1446.007185
564.860007,305,1449.045888
239.075007,185,1450.699052
1074.369978,644,1461.242522
112.831388,125,1462.374355
752.299005,450,1466.340466
76.164723,82,1466.987323
98.44394,104,1467.84801
892.466543,508,1472.050865
753.271394,445,1476.632962
78.456108,83,1477.498294
334.748138,272,1480.126353
73.130155,84,1480.82825
50.27393,64,1481.358967
503.210077,252,1485.426514
118.342662,112,1486.334999
274.848404,215,1488.027111
452.007686,374,1491.238726
891.38447,482,1495.705221
150.875432,144,1497.0036
1077.823639,605,1502.344791
1078.649285,591,1512.129531
755.358002,408,1515.56413
892.496651,506,1519.683913
1078.868454,583,1524.419648
284.567489,231,1526.278801
58.788736,70,1526.874296
283.734392,233,1528.652529
278.448436,245,1530.591397
1078.000499,587,1540.104389
342.861439,261,1542.711619
385.973604,271,1545.020991
104.162937,98,1545.919321
754.74461,414,1549.48499
274.626035,214,1551.455151
243.206027,203,1553.380164
537.620929,410,1557.158278
520.27449,369,1562.973783
406.095304,292,1565.736742
1079.983484,598,1571.941115
429.176043,307,1574.803399
113.843834,110,1575.72393
507.740081,372,1578.7509
244.997954,198,1580.358518
566.336199,264,1582.733351
355.631023,280,1587.824665
751.927187,445,1591.271885
15.231563,37,1591.589324
894.729283,464,1595.75173
564.385951,275,1598.767818
57.468214,81,1599.628195
64.438397,91,1600.639172
99.505464,99,1601.642181
566.305099,267,1604.653982
669.35404,456,1608.423646
59.14506,74,1612.398276
757.383239,394,1616.180125
894.992946,460,1620.421377
413.390892,302,1622.824421
219.93193,170,1624.231715
67.86112,88,1624.912366
362.213093,254,1626.937385
711.010388,367,1630.694145
1079.311064,553,1639.124329
893.87231,437,1642.718577
1080.997579,551,1647.602997
757.769514,397,1651.240379
759.512863,498,1655.588058
99.798816,94,1656.475533
938.843783,484,1663.852077
713.55875,336,1667.477261
1080.205877,578,1672.564551
414.047722,276,1674.892903
118.5979,113,1675.77827
443.656072,305,1678.271555
895.422182,469,1681.989935
59.283038,68,1682.527286
625.942257,413,1688.56158
938.450164,477,1692.979138
866.508872,517,1698.39777
39.604509,59,1698.939139
-16.063992,1,1698.968839
103.488077,94,1699.77549
505.870709,239,1701.756455
392.727847,273,1704.070507
792.224437,498,1708.568353
1079.721321,545,1716.995688
65.804268,86,1717.748325
210.903933,175,1719.431938
413.90541,288,1722.226931
895.878252,438,1727.041102
287.04472,217,1729.332022
896.386501,454,1733.420961
255.310001,207,1735.076464
939.162048,448,1742.152826
312.518111,227,1744.096615
506.078167,212,1745.871957
431.26766,294,1748.306227
94.388817,107,1749.275167
239.930548,171,1750.847209
373.03016,244,1753.137135
70.045787,84,1754.06717
381.831944,258,1756.899379
505.539328,229,1759.435966
-8.046765,1,1759.472405
58.745817,78,1760.379928
114.877446,109,1761.577817
758.583081,373,1767.124418
505.574099,225,1769.099028
82.86895,89,1769.931787
280.15308,231,1772.154978
618.933358,410,1775.93126
115.12329,117,1776.86454
714.371785,340,1779.632057
505.696077,228,1781.477382
144.772819,129,1782.469758
1080.926412,532,1787.288327
1080.366799,544,1797.113534
565.537534,265,1799.337264
261.163785,201,1801.11306
507.012196,312,1804.151353
280.055734,210,1806.220391
757.467821,366,1809.817712
713.717234,327,1812.77317
309.508527,224,1814.810169
1080.926961,533,1823.803494
457.70113,315,1827.132655
432.066945,287,1829.56998
280.554616,228,1831.497565
897.690328,448,1835.094214
565.335277,259,1837.28145
404.505923,288,1839.786494
433.180395,278,1842.14541
565.946049,263,1847.077178
755.759951,392,1850.743049
897.257826,438,1855.604131
505.33909,234,1857.944187
386.971095,292,1860.542536
504.570146,230,1862.535984
104.751522,95,1863.385373
713.409361,334,1866.462388
82.165911,90,1867.350163
337.540197,253,1873.750877
714.502452,336,1876.850271
564.890414,259,1879.266368
118.889956,106,1880.244179
152.823513,126,1881.41671
714.925035,340,1884.877334
565.381839,256,1887.62574
457.317096,321,1890.994512
1082.504732,543,1895.470243
757.636112,356,1901.282758
714.454777,326,1904.054629
608.127391,379,1907.293835
715.340253,334,1910.34361
712.900152,348,1913.511167
59.287899,74,1914.279106
505.649519,220,1916.689323
371.628562,257,1919.387656
456.409493,327,1923.008776
566.579676,256,1928.864211
505.251199,233,1930.891514
896.736404,425,1934.79014
757.041987,372,1938.040935
56.763505,79,1938.655713
478.882198,346,1941.446723
714.904494,326,1943.963125
68.655701,90,1944.708599
755.700289,408,1948.77037
56.811235,77,1952.813214
338.433227,252,1955.397866
355.32794,253,1957.478874
760.369543,360,1960.513012
297.996283,201,1962.353586
897.966668,459,1966.744352
1082.43263,543,1971.801424
564.644108,267,1974.238146
897.447208,454,1982.712472
1082.907753,519,1988.15153
897.602454,439,1991.706097
1082.219185,520,1996.035937
897.67016,401,1999.293774
757.372051,381,2005.467893
444.347625,293,2007.792229
758.51035,369,2011.582202
789.781665,477,2016.890301
714.496372,351,2020.133558
1082.340792,554,2024.920869
565.527109,255,2027.336926
714.191457,348,2034.30364
756.36707,384,2037.744706
504.731467,232,2039.708506
1083.06927,517,2044.930481
504.827222,215,2047.20935
146.386671,123,2048.565387
414.684248,285,2051.300047
1081.114165,561,2059.517426
62.346259,73,2060.107735
1082.304109,511,2064.328657
1082.483756,540,2069.362718
792.536817,484,2074.00954
1084.667038,499,2079.415544
759.473114,349,2086.730669
414.977645,271,2089.047327
756.671767,386,2092.608029
758.067382,377,2095.847291
897.913754,430,2099.25252
758.972128,368,2102.157808
296.060072,214,2103.827459
63.715683,83,2104.63492
415.049036,277,2107.50171
714.881128,325,2114.0365
940.398202,448,2117.727729
142.449775,132,2118.852623
939.846954,492,2123.274457
68.291995,76,2124.019052
209.155582,166,2125.531231
414.185095,289,2128.083566
1083.464352,534,2132.709384
713.951868,327,2139.546283
566.796257,260,2142.224637
58.348477,80,2143.046805
415.376525,275,2145.662847
940.063561,451,2149.347922
941.669582,465,2153.222243
505.812555,232,2155.181023
565.98751,250,2157.222118
565.57589,255,2159.257094
566.131272,264,2165.174274
564.905318,261,2167.882597
564.963443,264,2170.647674
339.701995,238,2173.202423
1083.664727,502,2177.837758
899.489528,424,2181.479886
415.224012,276,2184.075562
715.035837,319,2189.160213
898.055867,407,2192.819125
714.807479,313,2195.574634
406.59501,293,2198.047019
81.274238,86,2198.986373
899.777947,412,2203.242231
1081.799896,529,2208.208387
341.934703,242,2210.299029
716.660206,313,2216.332642
38.223098,59,2216.862668
566.345449,250,2218.895792
153.195039,120,2219.854509
897.173871,421,2223.324192
899.279857,402,2226.899223
564.116048,266,2229.453807
566.738338,249,2231.991847
716.644175,314,2235.235536
715.448728,318,2240.993657
941.954092,416,2244.435539
69.834366,79,2245.193509
70.917539,76,2245.910157
566.329186,251,2248.33218
261.785322,184,2249.83395
415.609737,270,2251.995766
1084.956107,495,2255.939536
505.848021,207,2257.608234
715.583249,319,2260.480985
568.520349,246,2266.936946
715.021015,318,2269.997987
476.194749,337,2272.794712
140.256994,123,2273.806571
142.838589,119,2274.821733
1085.65816,487,2279.257717
759.073596,349,2282.614364
792.943029,456,2286.775008
565.479596,258,2291.829675
760.216834,364,2295.870329
340.609684,245,2298.584089
145.908166,120,2299.895617
757.440333,368,2303.243496
1082.788389,506,2307.406889
506.029289,224,2309.289078
899.625432,402,2312.558116
190.547064,151,2313.766456
566.250452,250,2319.071152
291.183895,205,2320.672771
716.17209,308,2323.344382
412.652785,272,2326.225695
293.036986,196,2328.332274
286.274957,198,2330.422107
85.501155,94,2331.364647
567.145014,255,2333.564809
505.834095,223,2335.41764
414.561899,279,2337.782442
715.462044,334,2344.269488
505.661987,219,2346.288591
404.762752,258,2348.518784
565.904293,240,2350.653908
1083.886835,524,2355.327266
58.87822,80,2356.196829
71.347811,76,2357.005492
796.601703,468,2362.040232
897.526549,409,2365.651423
714.124323,318,2372.001119
715.986878,317,2374.629559
900.412426,417,2378.07661
1083.82644,531,2382.756006
415.692532,261,2385.111766
60.034566,68,2385.783744
505.183198,227,2388.118554
897.780889,441,2392.732555
59.475184,65,2393.411778
504.064191,221,2398.428716
404.506904,259,2400.637057
58.44008,66,2401.234442
565.575385,246,2403.578117
897.601158,426,2407.356162
341.095436,248,2409.535966
238.414336,180,2410.90217
340.036987,230,2412.722895
799.956891,385,2415.862249
565.941652,256,2418.285227
-8.028619,1,2418.317127
629.286523,377,2425.978558
1083.428126,529,2430.290752
3.533477,24,2430.499712
474.866569,333,2433.360575
499.507033,318,2436.329497
505.414841,223,2438.365758
565.290906,251,2440.72383
566.56741,255,2442.977269
405.731426,262,2449.166812
1082.915757,523,2454.654737
899.807281,391,2458.475875
1083.487932,513,2462.656959
505.454363,213,2464.437046
346.255502,238,2466.381247
472.443108,309,2468.955616
567.225439,250,2471.062941
155.912866,125,2474.784234
1083.418116,536,2479.292299
566.887211,248,2482.009419
715.365208,318,2485.378797
759.315185,355,2488.930817
-8.003425,1,2488.964195
295.697541,195,2490.610252
466.634565,300,2493.218845
380.179594,278,2495.727537
432.02864,266,2502.17156
1083.73147,510,2506.887986
1084.626309,516,2511.656018
714.107297,336,2515.17881
506.075172,215,2517.473585
941.006327,441,2521.535735
716.40353,327,2524.230515
942.508805,422,2530.075844
942.390515,444,2533.934098
1085.513731,498,2538.22727
899.747652,423,2542.141203
59.946769,75,2542.896281
506.335002,218,2545.270226
716.245584,316,2548.72571
759.069172,348,2556.539612
341.41907,235,2558.597164
715.878311,326,2561.640865
505.996451,218,2563.613379
799.72475,412,2567.073473
759.660608,343,2569.790721
897.82508,409,2573.11218
898.611725,407,2580.251054
717.192703,301,2582.981265
82.487734,84,2583.690486
1084.031035,512,2588.01234
757.682972,362,2591.12775
628.534653,375,2594.621459
716.506344,310,2597.468209
504.889112,211,2599.410079
614.658456,370,2606.733175
716.120561,321,2610.203044
345.251102,224,2612.600096
345.792408,237,2614.850312
717.00671,303,2617.489463
716.456361,319,2620.17241
759.619455,358,2623.096819
757.793379,366,2626.098451
504.844676,222,2627.881395
899.514228,419,2634.428914
565.4346,248,2636.875565
259.237464,195,2639.004502
506.365436,221,2641.351312
1082.519828,513,2646.224348
60.390657,69,2646.831516
1086.221892,481,2650.952316
899.667754,407,2654.854217
565.459921,243,2660.62492
711.00042,333,2663.635995
900.426691,398,2667.146402
758.971625,361,2671.119302
941.81287,437,2675.657475
340.402501,233,2677.654157
898.354935,419,2681.186922
716.271716,306,2687.263702
-8.029896,1,2687.299604
1084.866904,514,2691.506413
-8.015667,1,2691.543121
901.384345,394,2694.623753
1085.18195,489,2699.272074
900.044397,397,2703.519653
-16.026804,1,2703.555806
267.297096,195,2705.61553
291.300277,182,2707.538785
145.657242,120,2708.626027
68.345574,74,2712.273106
70.798018,77,2712.954566
715.709765,311,2715.731461
941.896966,427,2719.829568
898.332486,400,2723.429661
1084.631197,502,2727.371156
1083.430098,509,2731.895357
761.144031,349,2739.206587
898.421256,418,2742.661898
407.518003,257,2744.784105
145.568465,111,2745.672571
566.320692,249,2747.784312
481.2664,320,2750.71433
504.861221,214,2752.715719
758.180374,365,2756.004926
940.629768,426,2759.927973
567.54623,241,2765.6262
408.985414,254,2768.414013
799.263983,378,2771.913916
84.337062,89,2772.720013
758.386565,363,2775.711363
637.909641,393,2778.912989
896.745932,408,2782.296716
505.003523,211,2783.994602
-16.044756,1,2784.025914
899.642073,410,2790.2903
385.331887,265,2792.775794
490.988219,303,2795.97657
941.524687,429,2800.385318
505.379228,214,2802.168384
477.750517,304,2804.778977
140.376051,110,2805.739305
504.372797,218,2807.685097
566.605497,250,2810.082289
505.904882,218,2815.329345
565.87903,250,2817.621706
505.727164,205,2819.478347
507.134899,210,2821.394342
1085.491916,479,2826.237793
564.672039,375,2830.021024
296.898094,226,2832.197282
898.383745,396,2835.448841
758.577176,363,2841.665711
566.137242,234,2843.521197
143.323975,113,2844.484088
715.976874,313,2847.049594
1085.145581,493,2851.08005
567.430145,232,2853.145701
941.500225,429,2857.776438
898.750676,402,2862.003244
291.175268,191,2863.669439
716.31273,305,2868.793596
566.257064,247,2871.123156
1084.507426,484,2875.647318
942.118081,421,2879.160871
899.91712,394,2882.231612
566.599607,246,2884.212216
566.499881,246,2886.542198
62.243805,73,2887.399375
758.511068,335,2894.246016
566.849259,238,2896.284585
759.490701,334,2898.987435
760.218358,350,2902.06484
1084.487493,493,2906.629112
478.875357,313,2909.556931
59.828864,68,2910.134456
59.426394,69,2910.789678
759.634216,336,2913.803476
716.231992,314,2920.356242
-16.066761,1,2920.389424
150.564012,125,2921.768965
629.890651,367,2925.407274
-8.032579,1,2925.447456
756.953387,365,2928.490736
715.098541,305,2930.989393
505.709992,209,2932.684566
505.869922,218,2934.433404
260.169217,184,2935.879049
346.569299,234,2937.846618
567.224304,248,2939.889724
566.37468,251,2945.148425
121.096162,101,2946.030425
504.959667,216,2948.269045
714.592711,321,2951.588393
388.188851,241,2954.083939
566.81211,235,2956.269802
1085.558867,494,2960.357744
1084.884287,489,2964.794388
758.115904,344,2971.513531
571.471425,372,2974.783688
1085.26923,503,2979.661948
1083.900889,498,2984.842717
943.404744,437,2988.886068
760.372677,333,2991.588369
414.440288,263,2997.189725
566.537106,245,2999.224424
897.305565,413,3002.478103
461.151875,311,3004.942573
567.263802,241,3007.086613
716.00922,309,3010.181031
505.668124,218,3012.497369
899.010333,407,3017.046428
941.656913,433,3024.32602
492.170087,330,3027.485548
1084.485064,507,3032.188049
758.14652,349,3035.227872
383.265431,254,3037.255599
899.238561,416,3040.617482
715.441391,303,3043.768337
145.790696,113,3044.922044
566.340128,237,3050.924784
567.089314,241,3052.82769
506.448389,206,3054.542974
551.806621,354,3057.56327
899.757838,388,3061.03337
943.229111,410,3064.8658
565.953794,248,3067.027841
506.392262,213,3068.926089
506.880694,211,3070.840394
899.181025,403,3078.942531
476.614719,311,3082.0177
897.905554,410,3085.4453
340.340442,241,3087.414696
566.839859,241,3089.376203
758.198394,351,3092.337828
716.129799,314,3094.87181
716.618441,305,3097.312997
1084.730931,481,3105.427429
567.272029,239,3107.982915
505.741245,214,3110.074113
142.952665,120,3111.366133
1083.465267,499,3115.527928
942.536418,434,3119.388756
612.395139,362,3122.799327
-16.023733,1,3122.834022
898.240218,393,3129.417054
1085.074185,473,3133.580667
59.709618,63,3134.231772
60.938629,79,3135.017389
242.26767,177,3136.891456
257.270935,190,3138.884602
568.416086,235,3141.269642
386.462318,264,3143.764879
144.021433,119,3144.758018
152.403045,120,3145.749625
567.037981,247,3147.873786
715.911014,303,3153.904753
804.546066,370,3156.926713
566.396595,244,3158.873549
715.896732,312,3161.331544
943.637531,422,3164.963644
475.038586,317,3168.239865
761.292641,338,3171.827442
715.155932,317,3174.890748
480.008427,292,3180.599808
942.680502,425,3184.589972
567.269704,243,3186.866082
716.112561,310,3189.623127
74.168954,76,3190.347726
566.54622,239,3192.302488
760.807175,350,3195.136826
630.012609,360,3198.64536
509.046389,309,3201.813018
297.0947,200,3206.531621
568.080137,245,3208.503822
566.937405,255,3210.634351
505.230876,219,3212.460927
759.861359,345,3215.301913
504.941071,213,3217.298153
565.736368,241,3219.572226
505.09616,212,3221.451327
793.286202,434,3225.271827
898.205928,413,3233.158643
716.768089,296,3236.142892
898.553682,397,3239.451849
1084.839738,477,3243.604673
715.955127,303,3246.066864
761.146171,337,3248.852434
900.132373,388,3252.025117
1084.759929,494,3259.466867
898.671124,402,3263.783221
899.526715,392,3267.394432
382.978779,255,3269.55447
505.844312,217,3271.392761
898.745261,396,3274.940752
900.617491,386,3278.570873
505.95646,214,3283.681535
942.261007,408,3287.264537
898.596579,399,3291.207582
794.211365,433,3295.88253
304.454466,202,3298.091855
56.018836,77,3298.775318
941.947776,429,3302.289964
23.979527,40,3302.649813
505.316336,212,3304.413258
59.077369,72,3305.078772
759.149157,344,3311.316738
42.214757,56,3311.754334
568.349587,238,3313.634153
716.425176,300,3316.08994
756.999995,354,3318.919131
504.712971,221,3321.182642
759.635211,348,3324.931603
758.18934,344,3328.608443
899.061059,417,3335.059863
715.363007,313,3337.843903
144.160303,112,3338.877784
941.365519,411,3342.761188
506.766124,210,3344.695974
897.60815,392,3348.007121
260.358862,193,3349.530333
567.462308,242,3351.539011
504.448665,215,3353.940325
715.832053,317,3357.305416
566.75524,241,3362.705338
758.82311,347,3365.614592
505.351978,209,3367.338065
899.197095,392,3370.688212
506.268851,212,3372.572454
714.882391,312,3375.56633
476.099597,298,3378.405284
493.72512,288,3381.007567
1085.013958,471,3388.477919
757.186698,351,3392.342012
941.463689,416,3395.947077
758.494976,341,3398.854345
758.697225,343,3401.679303
506.548851,204,3403.449541
897.66773,407,3406.757486
795.321194,384,3413.027912
898.475345,401,3416.805343
566.168594,248,3419.473616
341.07799,214,3421.80538
899.838425,394,3425.452504
797.454603,354,3428.640498
759.401345,322,3431.638427
715.40138,312,3434.644125
899.583962,389,3441.086118
506.975285,211,3442.970953
1083.955183,488,3447.504839
408.660819,251,3450.313004
358.858651,270,3453.203072
715.511612,306,3456.412452
900.603642,388,3459.677142
1083.972913,479,3466.864646
940.277067,434,3470.422948
898.280104,409,3473.63901
149.607598,121,3474.610104
57.009394,65,3475.201712
26.369133,44,3475.618415
287.390779,187,3477.323192
480.067367,318,3480.693344
59.141615,75,3481.510721
941.106345,427,3486.194571
-4.037748,12,3486.345799
757.113826,342,3492.618921
708.513115,319,3495.408755
797.875803,379,3499.019545
567.672332,245,3501.350548
144.935439,114,3502.459971
716.253877,294,3504.964469
573.584329,353,3507.719103
717.180228,305,3510.166427
714.771427,313,3513.517681
567.55057,238,3520.275928
714.845957,310,3522.898199
59.817013,68,3523.458863
567.241645,237,3525.373002
38.375635,52,3525.852376
717.071403,299,3528.320568
703.374526,323,3531.520694
900.223595,398,3535.355605
144.639448,113,3536.410511
-16.057828,1,3536.446788
760.02057,331,3539.50989
759.011649,339,3546.403951
507.011977,207,3548.698259
463.856161,298,3551.969398
565.673336,240,3554.130972
342.55892,212,3555.969837
942.4373,418,3559.51464
153.13203,119,3560.532013
144.348107,121,3561.606501
505.89295,212,3563.369538
759.315736,342,3566.208038
715.337613,298,3571.611243
100.823781,98,3572.392415
716.924718,304,3575.193533
614.228784,352,3579.041021
796.871553,379,3583.156649
760.635764,336,3586.116736
504.70949,208,3587.888839
1083.99038,470,3592.067118
897.379286,409,3599.741969
567.486507,234,3601.942137
210.289677,150,3603.255812
500.910296,313,3606.095833
506.075898,205,3608.21038
900.158968,400,3612.548997
462.798278,304,3615.985012
504.717247,209,3617.754694
505.703135,207,3619.45015
386.516701,264,3621.63849
716.080822,305,3627.300422
759.837393,347,3630.276706
567.58686,230,3632.123652
898.089702,399,3635.351078
760.4371,321,3638.474868
715.669312,308,3641.905999
566.351753,235,3644.508257
566.406405,240,3647.132498
899.260424,385,3653.887059
356.201646,266,3656.359252
301.922099,196,3658.188833
567.685746,237,3660.476003
716.049009,319,3663.422284
718.175614,297,3665.718418
566.339295,231,3667.539163
759.910076,338,3670.323808
105.57125,88,3671.27499
942.97619,426,3679.493419
163.694138,127,3680.52059
759.123226,335,3683.252175
705.442871,322,3685.969964
899.034374,398,3689.318076
1083.968082,504,3694.131274
506.907111,211,3696.008673
567.189222,235,3698.118121
759.82624,327,3704.540019
758.761766,341,3708.253806
942.477102,411,3712.186793
942.54761,437,3715.872322
506.426798,199,3717.48773
759.266101,340,3720.2657
60.912514,70,3720.865323
-16.074963,1,3720.912086
900.178471,383,3724.194501
341.096085,215,3728.908796
898.682828,396,3732.062752
505.343264,221,3734.519153
566.409249,242,3737.026096
504.85233,214,3739.337988
566.755954,239,3741.806335
74.814407,81,3742.507293
368.532474,243,3744.551247
942.084439,427,3748.181056
897.726182,399,3752.02995
898.615485,394,3758.704047
98.84234,98,3759.619378
566.575464,245,3761.919859
791.403588,450,3766.312038
505.327258,220,3768.634764
1084.512757,497,3773.779595
404.952299,260,3775.936714
-16.039167,1,3775.966876
567.20482,240,3777.911395
506.840654,218,3782.785241
717.301126,291,3785.126766
292.61461,192,3786.702549
118.127588,112,3787.620417
1083.314939,493,3791.501353
942.671536,423,3795.35254
715.049073,301,3798.636762
716.109419,294,3801.697244
715.225781,299,3804.663878
144.440594,113,3808.842734
760.474829,334,3811.829058
759.521407,342,3815.169715
1083.350034,499,3819.892317
942.316452,425,3823.22287
899.656134,402,3826.472277
567.288516,234,3828.899961
793.928042,375,3836.18355
800.890983,370,3839.191675
117.851182,107,3840.100725
127.988374,109,3841.015646
-8.03438,1,3841.056506
943.883356,420,3844.58185
341.180257,225,3846.59372
715.965331,301,3849.491146
567.236007,241,3851.707352
382.382222,261,3854.000225
121.296283,106,3855.020365
898.943002,393,3861.461329
500.735391,308,3864.838074
713.921904,323,3868.167842
567.440706,240,3870.236507
717.350142,309,3872.917752
632.44975,359,3875.866747
368.805739,247,3877.988497
504.726763,212,3879.759807
716.1671,325,3884.729733
264.691095,177,3886.194959
567.314104,234,3888.031864
507.329249,199,3889.864661
505.559246,210,3892.057519
67.382884,76,3892.886975
715.945312,309,3895.924842
569.02733,242,3898.425318
220.332118,155,3899.701012
38.392234,53,3900.190024
479.966588,309,3902.7926
567.005306,237,3904.814277
59.424933,68,3905.47477
507.536413,201,3910.780729
759.348986,326,3913.779836
128.37201,122,3914.891068
631.140613,374,3918.144879
60.110571,67,3918.768364
760.046391,334,3921.89587
506.382621,219,3924.242096
289.938131,188,3926.17191
941.378548,431,3930.635129
567.379044,238,3932.596164
760.150761,339,3939.465556
294.605882,194,3941.127375
60.175098,63,3941.664331
1084.222819,491,3945.808815
759.944331,337,3948.428939
143.6074,115,3949.484364
482.238851,302,3952.338306
506.820883,210,3954.630687
59.61336,69,3955.45766
715.879545,316,3958.973011
898.499265,416,3966.703993
898.844457,383,3970.218405
760.692206,334,3973.413424
566.811872,238,3975.767767
715.987944,291,3978.410508
1087.027147,472,3982.145822
715.568401,314,3984.764663
900.294437,395,3993.714483
759.832576,346,3996.560755
899.820867,411,3999.919553
99.775086,91,4000.781953
258.464095,193,4002.407332
758.627253,340,4005.645864
145.805787,109,4006.791517
761.53307,322,4009.806782
465.852953,296,4012.456536
566.65125,234,4014.627326
506.939345,219,4020.963267
59.118221,63,4021.625433
566.124605,243,4024.247238
944.416177,404,4028.034884
761.182877,346,4030.982713
385.104867,253,4033.164073
566.892943,234,4035.209302
716.325013,299,4037.75682
567.306264,238,4039.777674
899.001784,402,4045.921181
796.423519,358,4049.210129
505.22181,208,4051.509631
1084.823148,477,4056.596906
714.76361,306,4059.247682
1085.658266,484,4063.357609
1084.178866,493,4068.114557
716.501391,303,4073.853374
339.61089,227,4075.934139
758.8673,348,4079.1595
174.381733,137,4080.413294
568.749046,243,4083.118422
57.369995,73,4083.910361
794.697881,429,4088.562295
761.353944,330,4091.461741
1084.294868,488,4098.788033
416.446621,256,4100.951686
899.120005,415,4104.340829
481.609984,305,4106.769298
549.441711,338,4109.701573
898.686132,383,4113.611066
64.915257,73,4114.455131
369.429455,235,4117.004876
715.613303,305,4120.381918
715.813211,304,4126.281039
506.261856,204,4128.070796
566.996054,235,4130.360028
482.564876,294,4133.210423
1086.476263,472,4137.678319
758.669688,346,4140.485896
506.14861,214,4142.166336
566.8987,248,4144.402534
1083.66905,486,4153.249498
506.876617,212,4154.977097
794.697532,428,4158.537449
706.873768,314,4161.145597
99.017869,93,4161.969374
943.150824,424,4165.946093
759.517533,330,4168.995233
567.188963,240,4171.258834
759.343589,335,4177.221908
1086.603583,503,4182.598451
1085.020309,501,4187.069816
898.207246,403,4190.53282
943.633483,407,4193.811784
715.267069,314,4196.339934
482.680211,297,4198.700205
898.673529,405,4204.906333
759.382784,340,4208.298305
1085.404731,484,4213.455113
506.619867,220,4215.48931
639.522028,360,4218.478984
505.320966,205,4220.214873
900.348921,398,4223.843427
506.109076,218,4228.189246
567.04306,242,4230.424049
153.194899,115,4231.479639
900.724905,393,4234.94639
1086.573174,481,4239.703924
715.241267,301,4242.882127
716.448988,313,4246.072607
900.112127,413,4249.471205
612.197268,349,4255.427831
717.855513,301,4257.891515
716.810323,298,4260.340737
567.117134,249,4262.304512
567.319704,246,4264.333845
380.320956,234,4266.44068
567.602829,232,4268.761991
1085.491748,472,4273.793472
897.685362,392,4280.900593
801.072271,355,4283.95483
1083.852732,491,4288.621725
759.899919,326,4291.572735
506.415667,216,4293.319806
480.851617,299,4295.673951
458.922369,289,4297.976303
1085.776563,476,4305.756601
-16.068367,1,4305.792683
630.626405,356,4309.19707
48.641017,67,4309.771811
70.718194,74,4310.39583
505.459137,217,4312.167689
715.300552,294,4314.5919
794.833841,436,4318.443836
717.564572,301,4321.392696
121.325119,101,4322.296737
708.949522,307,4325.071774
803.912995,353,4331.076613
943.816151,425,4335.479941
492.7099,305,4338.641292
1085.777139,475,4343.008245
900.359647,396,4346.177778
897.79529,400,4349.45732
144.70907,113,4350.354959
759.08826,336,4356.731557
140.55614,122,4357.710608
112.014143,104,4358.553331
898.360913,399,4362.0206
760.019218,335,4365.556475
505.857306,207,4367.671569
472.025796,306,4370.660817
60.377019,64,4371.201524
343.177508,215,4373.068097
942.456394,418,4376.641869
709.692402,294,4382.853961
156.925702,121,4384.035357
506.062461,213,4385.924212
416.280874,256,4388.253388
1084.96429,480,4392.633328
942.896039,409,4396.901845
585.008162,336,4400.379998
796.336148,342,4403.528245
507.845412,202,4405.21919
610.141804,353,4411.073852
209.842074,153,4412.3684
943.027781,423,4415.821311
98.497166,96,4416.613329
799.797823,356,4419.39538
507.932775,210,4421.212427
-8.060697,1,4421.246716
59.33856,68,4421.854192
500.615029,296,4424.695552
568.193555,238,4427.235381
64.88659,72,4428.048336
629.708863,360,4434.946079
506.974571,214,4436.837137
716.485317,295,4439.37085
800.546459,349,4442.60514
759.869144,347,4445.747545
60.966005,70,4446.389573
897.583622,399,4449.681686
898.318001,395,4452.872893
708.977248,312,4455.527393
717.165398,295,4462.474285
75.423974,74,4463.21871
897.798666,406,4466.701074
900.322525,407,4470.059921
98.927535,99,4470.825584
477.947065,293,4473.417758
941.632932,425,4477.366246
408.272059,256,4479.721454
143.235578,115,4480.785669
146.345699,115,4481.807137
898.559162,397,4488.687621
760.234098,336,4492.165772
507.387052,213,4494.57237
759.573457,336,4497.591065
941.648467,426,4501.146794
804.129458,345,4504.004568
352.40098,247,4505.958785
37.352754,48,4506.371907
212.705838,156,4507.709366
759.29999,340,4513.364163
68.948322,79,4513.993574
716.287744,311,4516.550221
507.479599,212,4518.74737
507.011132,216,4521.020682
568.401786,237,4523.470196
760.807576,316,4526.432422
507.146092,208,4528.144811
-8.047959,1,4528.173094
567.57342,231,4530.122073
760.598977,329,4532.919112
897.597299,419,4539.365372
716.853151,308,4542.126261
897.992222,413,4545.719739
567.182116,238,4547.883468
566.154723,238,4550.489844
1086.35331,480,4555.287087
77.809518,73,4556.017316
899.96102,407,4559.472915
900.574725,387,4566.214793
224.267322,177,4567.632165
567.37923,231,4569.529224
453.844038,286,4571.865797
802.666521,350,4574.645231
1085.365194,478,4579.058419
761.042923,320,4582.410232
64.413333,77,4583.114605
802.132135,338,4589.973151
1086.404952,470,4593.931647
716.690093,314,4596.977448
506.327572,205,4598.928089
801.819725,354,4602.17498
407.90521,255,4604.278777
715.766827,315,4606.760171
899.820555,402,4610.016986
409.451153,259,4616.366804
478.304703,290,4619.039915
1086.004271,464,4622.892603
639.363527,347,4625.734567
897.639369,410,4629.495903
899.524691,398,4633.192843
761.399181,330,4636.106989
482.362053,294,4642.956636
900.138681,400,4647.113719
334.823751,221,4649.531028
67.329116,76,4650.159092
897.110731,397,4653.447026
805.200946,354,4656.354856
942.707027,419,4659.838778
565.963442,229,4661.784687
481.82049,292,4667.35488
567.708629,241,4669.268542
505.647238,211,4671.029148
1083.86479,496,4676.155701
1083.905448,500,4681.083998
714.450219,316,4683.814363
424.048809,255,4685.911214
144.531612,111,4687.005638
804.487457,437,4694.869028
565.757112,244,4697.08256
506.582629,209,4698.943936
1087.59595,464,4703.194879
786.32434,440,4708.053654
716.586207,307,4711.090345
760.366562,321,4713.858351
759.705168,342,4716.722156
715.92922,304,4721.813046
716.293525,316,4724.31157
899.01197,387,4727.427881
506.308105,214,4729.116757
567.678433,242,4731.062758
1085.339293,477,4735.59167
1086.342762,474,4740.565929
568.310381,237,4745.256879
70.646066,74,4745.884179
943.765542,407,4749.350429
759.687145,327,4752.357268
310.356768,210,4754.229411
715.307192,311,4757.107345
715.039479,306,4759.596487
566.90387,243,4761.500293
760.926458,331,4764.095389
629.760473,373,4772.199014
707.582719,309,4774.940182
459.034643,286,4777.298616
506.896633,215,4779.084716
898.852433,398,4782.309236
761.317805,328,4785.326802
568.190872,247,4787.669447
900.714148,390,4791.130041
759.6625,338,4797.836832
759.470053,327,4801.302761
760.387522,335,4804.699095
901.800439,383,4807.933002
941.56832,431,4811.560392
506.281924,206,4813.276669
145.983378,115,4814.238287
943.280049,408,4817.658687
900.26785,381,4823.415146
898.151902,407,4826.940891
567.384463,237,4829.252889
1087.824601,493,4834.30629
899.920856,379,4837.479109
794.765438,420,4840.978293
943.794501,427,4848.378733
506.935311,206,4850.242065
898.20418,422,4854.00098
899.57558,405,4857.58098
478.707538,298,4860.751808
800.474194,372,4864.686226
717.094472,310,4867.608485
493.083712,309,4870.156254
60.355298,64,4873.46453
715.221027,292,4875.841478
507.480848,209,4877.539634
628.94834,385,4880.677406
568.068881,240,4882.564725
900.539402,390,4885.686287
868.135068,493,4890.62882
899.465408,390,4894.780964
566.9035,230,4900.301904
900.811738,384,4903.523771
1085.324941,462,4907.845665
407.393811,259,4910.248063
505.626278,206,4912.27593
480.809341,291,4914.730692
899.917551,397,4917.884614
716.088991,303,4920.610041
483.07024,288,4927.31433
567.911949,233,4929.402491
288.262692,184,4930.922104
940.837277,430,4934.557627
1084.739221,463,4938.458758
1086.147786,461,4942.894472
145.160754,113,4943.915407
716.405042,305,4946.623987
348.617912,226,4951.762215
758.688633,338,4955.341553
567.740499,241,4957.893983
505.415861,210,4960.01624
1085.668656,474,4963.98963
945.583941,401,4967.328865
716.460562,295,4969.78481
70.165371,78,4970.485219
469.135387,293,4976.400298
59.784148,69,4976.952083
1084.268335,495,4980.935282
507.339597,210,4983.148273
715.942575,306,4986.286659
70.94156,73,4987.114151
944.842301,404,4990.947732
507.078697,204,4992.718346
1086.089972,480,4996.758888
758.42064,330,5003.522615
474.493557,284,5006.06472
630.679919,350,5009.224579
711.798942,311,5011.971947
1085.141386,475,5017.058207
1085.148057,482,5022.076035
899.831593,405,5025.35309
901.029956,403,5032.012637
718.190411,301,5034.361993
715.96305,307,5036.819076
505.228967,206,5038.413006
899.550473,416,5041.727529
942.286378,408,5045.746138
505.281379,218,5048.03776
482.595612,310,5051.366696
409.664513,262,5056.9668
715.402957,310,5059.672351
120.519694,101,5060.659904
567.571869,235,5062.90436
57.557952,64,5063.504489
479.052982,310,5066.371267
505.733054,209,5068.203538
90.345105,89,5069.033496
114.684234,107,5069.994149
710.056078,309,5072.472899
716.057302,292,5075.057257
67.532795,76,5075.899549
1085.259335,469,5084.451449
507.421932,207,5086.172927
511.462005,310,5088.733253
70.622381,77,5089.390188
715.884965,308,5091.882102
-16.061821,1,5091.916722
798.785395,354,5094.985383
797.054794,353,5098.107826
901.20574,391,5101.695298
761.722598,328,5107.511026
941.787221,427,5112.079716
1084.953405,473,5116.612797
716.987831,305,5119.210109
943.699792,427,5123.012541
481.191414,296,5125.436635
566.540166,240,5127.423211
899.839242,383,5133.646453
628.316397,375,5136.877796
943.594199,413,5141.274957
479.798182,300,5144.448442
68.035066,81,5145.317498
567.252324,231,5147.236788
114.035185,96,5148.035725
793.12394,419,5151.519278
943.736259,412,5155.272648
505.853491,217,5160.908635
409.797785,249,5163.138944
505.617143,205,5164.973691
759.553183,330,5168.026649
898.358274,412,5172.412644
566.596486,237,5174.9097
898.385991,416,5178.881807
567.50517,251,5180.971637
507.23684,212,5185.468163
758.670234,337,5188.268416
760.167714,335,5191.036304
898.133633,404,5194.249645
716.019143,311,5196.69872
409.448915,250,5198.769955
83.689248,88,5199.728286
432.157104,257,5202.551006
507.017193,204,5204.759553
1085.360388,470,5212.298381
505.011065,218,5214.252105
1084.721437,505,5219.043297
505.612441,205,5221.045777
942.267451,425,5224.997177
1085.00507,486,5229.149669
759.945488,322,5231.926253
119.640654,100,5232.949968
759.259005,329,5240.140731
59.424886,67,5240.694376
1085.790267,484,5244.775356
899.261262,392,5247.927544
717.042736,314,5250.526217
506.872196,211,5252.434216
794.667517,434,5256.51238
1085.402966,468,5264.930575
68.876151,81,5265.766515
70.666826,77,5266.609646
70.602173,74,5267.419906
629.815323,360,5271.196377
759.791266,320,5273.876813
459.249838,273,5276.185577
415.713583,257,5278.516851
629.735596,353,5281.597259
715.441076,307,5284.206359
505.749489,206,5285.858475
95.871381,100,5289.341692
59.645012,62,5289.859478
60.163713,68,5290.392253
900.876938,409,5294.118738
567.182203,238,5296.537036
759.720664,328,5299.827541
898.329522,415,5303.541948
326.839382,203,5305.417021
714.836682,307,5308.055533
466.183311,283,5310.695364
423.595018,266,5315.952904
943.291832,428,5319.813343
899.976577,399,5323.358199
803.431635,355,5327.222651
707.67731,316,5330.682152
507.054424,210,5332.864734
145.076928,112,5333.891623
944.438328,403,5337.256171
716.16188,304,5343.107561
567.984972,240,5345.063963
395.148069,257,5347.17749
-16.067556,1,5347.20767
116.07323,109,5348.106573
506.959994,212,5349.846229
1086.68328,459,5353.475147
1085.32068,494,5358.389336
566.821776,235,5360.927454
759.712855,330,5364.307994
804.181675,350,5370.801134
1083.931189,500,5375.491811
1085.748562,482,5379.874985
901.534554,393,5383.355032
714.998422,310,5385.810967
715.402791,307,5388.825067
714.927778,303,5396.143469
507.265282,214,5397.932249
716.762335,298,5400.421159
899.62858,415,5403.89413
800.233094,365,5406.835368
757.858734,333,5409.78496
503.785414,217,5411.661995
144.401142,116,5412.752291
56.998437,65,5413.355599
899.545881,396,5420.108694
898.573329,403,5424.3926
566.555479,250,5426.749045
346.608113,223,5428.679014
6.066047,24,5428.904312
615.688426,344,5431.861441
899.257669,402,5435.430001
-16.011585,1,5435.46316
800.312289,346,5438.30823
944.568239,427,5441.767442
630.350291,368,5448.172036
506.136737,206,5450.291766
145.588995,116,5451.513734
1084.981266,478,5456.387848
505.39111,208,5458.064454
800.416694,341,5460.906022
507.215639,210,5462.711282
761.214039,314,5465.696989
567.295324,234,5467.885776
760.119901,330,5474.025257
714.528777,318,5476.870612
716.645897,307,5479.804689
67.892334,82,5480.652
714.887009,322,5484.184311
-8.040594,1,5484.223098
422.694129,273,5487.164729
443.705923,276,5489.573043
900.414516,376,5492.703261
566.74056,240,5494.673441
478.355922,312,5501.34113
1086.549138,481,5505.310114
-16.149438,115,5506.236691
218.1745,166,5507.547732
476.67427,301,5510.165564
857.057376,450,5514.915289
806.030327,343,5518.533511
715.429122,317,5521.194067
900.331268,397,5527.898776
941.719743,426,5532.157695
760.5397,336,5535.203427
39.893793,51,5535.677755
505.588973,212,5537.680503
716.947792,298,5540.254205
568.042433,237,5542.129982
944.737086,404,5546.452551
59.622577,62,5547.144866
898.969897,409,5554.864977
98.337949,96,5555.620996
943.531282,428,5559.210153
567.330222,235,5561.157335
807.428825,338,5563.992892
507.108556,214,5566.033127
1086.333487,474,5570.392365
315.282946,205,5572.28667
506.18828,215,5574.314605
717.259229,305,5581.718117
60.462157,69,5582.573138
792.684071,437,5586.481881
466.184222,289,5588.968345
575.520018,330,5592.07848
478.84314,302,5594.989811
70.669803,74,5595.599135
943.534356,432,5599.17865
505.720688,221,5600.927682
716.303389,296,5605.985685
466.368099,291,5609.23393
62.389761,76,5610.067315
338.106661,225,5612.588865
464.237798,277,5615.536391
566.450522,251,5617.640269
869.675418,486,5621.951865
898.937874,391,5625.530746
340.805303,226,5627.706934
760.168447,339,5634.264333
790.090996,446,5638.330145
245.655723,162,5640.144819
673.412897,397,5644.589277
70.755206,77,5645.419685
942.204263,437,5649.657226
566.892771,239,5651.661705
1085.026,483,5659.251763
507.164732,205,5661.046761
717.091509,298,5663.443649
707.954382,316,5665.942211
942.75519,425,5669.296504
759.551486,329,5672.692956
863.382278,462,5677.692969
715.716458,307,5680.653342
143.801286,119,5685.117147
897.003635,409,5688.880496
1086.585923,489,5693.557562
710.206402,318,5696.456341
568.095811,240,5698.600911
1084.895526,503,5702.758579
715.254642,311,5705.959292
759.649593,327,5712.694426
901.583864,386,5715.829262
760.791641,335,5718.538332
568.53874,241,5720.420556
416.060719,256,5722.532074
802.394213,342,5725.559719
506.559104,205,5727.340665
568.889939,247,5729.600581
942.920492,415,5736.029292
758.805212,341,5739.541008
60.137885,67,5740.283321
897.736517,408,5744.129354
566.493356,236,5746.109183
1087.800898,464,5750.111861
565.723729,248,5752.084711
144.079646,112,5753.003752
899.1721,391,5756.230688
61.142526,64,5756.728287
714.716808,309,5762.497266
714.790672,315,5765.449047
943.440961,412,5769.789116
506.679573,217,5772.108652
1085.341449,498,5776.294622
70.781212,78,5776.954753
1084.104252,505,5781.339577
111.4378,112,5782.31946
718.078589,301,5787.906173
715.358571,310,5790.667498
70.089798,77,5791.365736
1085.569746,488,5795.86972
761.33391,321,5799.161877
900.091505,405,5803.470908
802.643819,371,5806.793276
567.161441,240,5808.73784
943.438767,412,5816.276353
799.38532,363,5819.278428
708.934664,329,5821.856929
423.879454,254,5823.881416
1086.452985,459,5828.353353
943.506942,411,5832.743472
384.148232,256,5835.419657
717.458716,300,5840.862855
760.629183,332,5843.867634
1084.449898,504,5848.543028
1085.066428,499,5853.111106
796.900289,373,5856.217738
506.899001,216,5857.985229
567.744025,242,5860.402352
944.577981,425,5867.805374
566.102088,253,5869.889971
507.187518,215,5871.638764
717.325662,301,5874.106563
505.367355,211,5875.90751
566.159981,250,5877.833741
900.516323,400,5881.517338
900.980716,399,5884.973101
566.819742,243,5887.11916
804.868184,355,5894.858269
760.104019,330,5898.207639
942.161155,427,5901.763003
717.865998,301,5904.24962
761.487471,326,5907.320599
433.244853,270,5909.452229
761.167527,330,5912.14651
566.16461,250,5916.742051
504.966898,209,5918.439788
612.842408,358,5922.095939
944.58341,402,5926.302695
803.683757,357,5929.602602
566.558998,251,5931.670714
567.544791,239,5933.761569
943.549623,434,5937.816848
191.762154,141,5939.187994
898.42941,411,5946.570478
1086.813977,473,5950.871311
568.303457,235,5953.315601
758.771481,339,5957.032805
568.956547,242,5959.584332
629.491566,376,5962.723739
100.197102,98,5963.547148
465.693605,306,5966.042061
899.3585,404,5973.248978
757.975082,340,5976.025607
898.28564,391,5979.117221
761.048613,339,5981.944525
897.728595,408,5986.274937
710.654881,324,5989.741086
153.799979,121,5990.908935
505.053633,209,5992.705346
209.359976,151,5997.267445
1086.26542,476,6001.687725
461.566492,285,6004.40021
565.968991,249,6006.602904
566.769365,244,6008.78942
1085.088241,492,6012.917927
715.827194,313,6016.071774
716.845874,298,6019.267993
572.027116,343,6026.763781
505.5895,222,6028.56341
759.694511,335,6031.349239
1087.999387,461,6035.07021
84.216944,93,6035.865122
758.976887,337,6038.800029
415.834133,254,6041.096399
942.865422,415,6045.013338
803.997243,361,6052.752866
524.405337,311,6055.696292
506.648902,206,6057.456541
716.318688,308,6060.080671
1086.615628,487,6064.646041
578.00277,339,6067.542509
566.674864,238,6069.446671
422.878748,269,6071.602249
386.6745,238,6076.975084
567.283745,232,6079.378627
1085.979972,475,6084.288508
567.394397,239,6086.201387
1088.235075,481,6090.172565
435.898612,273,6092.532856
505.35703,210,6094.452512
506.598457,209,6096.45695
572.277081,338,6102.322002
565.842208,244,6104.410085
1085.767144,476,6109.020869
717.425696,313,6112.280709
716.692207,310,6115.460888
716.234788,303,6118.137818
710.507163,326,6120.793998
761.749235,326,6123.540942
506.850166,209,6128.800302
716.476688,316,6131.314284
801.23674,371,6134.233246
716.146554,322,6136.774688
716.70115,299,6139.861275
-16.061253,1,6139.90166
567.450658,236,6142.510828
452.832879,292,6145.538158
59.664493,76,6146.263548
943.971138,426,6149.853495
761.230488,331,6156.573804
1086.682585,482,6161.167126
502.908864,306,6163.922255
1084.792929,496,6168.387132
942.067195,426,6172.721155
897.999643,397,6176.673123
898.515922,397,6183.450191
567.108577,233,6185.426679
901.181581,404,6188.760525
717.233818,306,6191.308792
506.856507,213,6193.087166
567.2049,228,6194.887748
901.651711,399,6198.625036
900.321236,399,6206.811312
717.682824,302,6209.916319
1087.025865,467,6213.936295
943.580254,408,6217.516946
-16.057928,1,6217.548856
506.392318,214,6219.596724
410.098134,248,6221.966506
152.997891,118,6223.127568
1085.902673,503,6227.191474
1084.610328,491,6234.667325
1084.669733,494,6240.059968
115.364608,107,6241.19903
804.085624,350,6244.070416
716.553161,313,6246.625834
759.634807,318,6249.428615
566.667295,240,6251.829158
760.000084,330,6254.9798
106.758955,96,6258.417551
898.57951,388,6261.917665
156.879599,123,6263.062919
760.810244,334,6266.546792
507.513564,203,6268.78691
716.790789,292,6272.055817
716.974877,308,6275.042634
715.642313,305,6277.602372
759.583427,331,6280.305144
716.709394,300,6286.723096
66.513311,81,6287.426027
469.510225,314,6289.944739
802.510256,363,6292.804114
943.939307,428,6296.598478
217.958382,174,6298.504752
94.772476,96,6299.566583
104.140008,101,6300.742051
1085.2232,490,6305.873949
567.061012,234,6307.896706
249.375271,181,6312.510096
761.384597,335,6315.705125
898.781044,431,6319.861083
761.179472,327,6322.814053
505.155316,217,6324.754076
105.579833,95,6325.63725
1085.153177,477,6330.258955
506.246051,203,6332.482427
805.378002,370,6339.783117
454.105803,294,6342.284864
-16.064864,1,6342.316877
899.236905,414,6345.748488
715.99221,308,6348.36494
1085.992396,477,6352.305893
1086.803819,482,6356.542016
716.959662,303,6359.338809
505.297944,210,6365.873866
758.777662,328,6369.522083
568.455297,241,6371.527708
567.462883,236,6373.671448
710.179765,308,6376.248441
1084.80453,499,6381.109097
760.009589,345,6384.216691
809.306646,362,6386.998499
802.588362,364,6394.02985
759.464719,331,6397.357466
507.215647,209,6399.593255
759.731565,331,6402.487435
-8.036203,1,6402.523672
1083.972574,493,6406.543654
1083.823782,500,6411.097456
760.889328,336,6414.208117
506.37422,203,6419.382135
944.767088,406,6422.985445
1086.355426,487,6428.116046
898.168673,404,6432.244297
717.7832,298,6434.720693
760.286686,340,6437.526753
505.801891,212,6439.275282
1086.440992,488,6447.319032
566.338866,242,6449.226471
760.621791,335,6451.864798
1084.401526,485,6456.352005
231.808904,146,6457.855176
480.415072,307,6460.999951
943.002391,414,6464.797367
760.849315,327,6467.649902
1085.475849,484,6475.608792
1086.387803,477,6480.041155
506.084977,217,6481.984273
567.632979,244,6484.164218
506.253266,209,6486.018568
900.953302,393,6489.926967
898.197637,403,6494.12571
506.674804,207,6498.650796
899.882378,390,6501.842321
717.558014,314,6504.46842
898.675661,413,6507.872924
943.285247,413,6511.191817
1084.597432,508,6515.616518
367.695233,238,6518.206697
944.077151,411,6526.872838
942.813509,431,6530.512045
60.277114,66,6531.06843
716.988065,296,6533.686506
256.404494,177,6535.422762
566.773861,239,6537.65024
899.668116,403,6541.316728
98.7723,94,6542.035054
1086.668104,479,6545.7746
803.354332,347,6552.37002
1085.097733,485,6557.318952
898.321527,398,6560.566548
716.637695,303,6563.041491
610.716008,364,6566.173115
803.413339,362,6569.705197
761.012355,318,6575.340426
898.788942,400,6579.049726
758.64229,341,6582.449766
505.838001,210,6584.76419
505.414036,212,6586.972406
807.228602,363,6590.481774
1086.045946,463,6594.336866
898.823226,385,6597.537586
760.096663,323,6604.045525
760.435413,333,6606.715631
716.096772,306,6609.143596
451.005875,282,6611.855039
760.072243,330,6615.331935
717.073479,313,6618.615443
714.165643,316,6621.335666
506.782382,214,6623.187325
943.519037,409,6630.616868
901.168404,377,6634.1785
-8.051878,1,6634.210083
716.595236,308,6636.97456
760.143454,316,6639.804346
568.148344,237,6641.872571
760.392666,337,6645.59673
761.148316,325,6649.0567
1084.055171,477,6656.192302
802.405573,370,6659.232644
507.663931,205,6661.003068
506.219483,201,6662.612733
506.013495,216,6664.531495
567.226319,249,6666.537968
63.220633,72,6667.140303
146.003188,119,6668.112255
565.99428,248,6670.040584
1085.071822,480,6674.654699
123.478181,99,6675.746401
796.679421,348,6683.64218
945.041591,410,6687.105756
1084.174722,511,6691.793548
800.790394,356,6695.063721
94.490575,97,6696.012262
717.784986,306,6698.769812
942.718707,419,6702.086558
567.416949,236,6708.259041
943.587742,422,6712.85163
1085.81629,483,6716.94095
506.170134,210,6718.638373
506.682186,210,6720.418871
897.715073,415,6723.856244
506.996484,205,6725.761582
792.03785,456,6730.016431
567.5553,244,6734.976881
-8.06449,1,6735.009762
1084.110387,492,6740.221584
715.437338,304,6743.541992
760.159915,328,6746.690825
899.571779,399,6750.076275
1083.892859,499,6754.313054
1085.606986,477,6761.493808
759.196258,339,6764.1873
506.033999,209,6765.775149
345.168407,235,6768.052184
388.506285,243,6770.539074
65.071036,83,6771.450863
716.867406,308,6774.69216
759.496511,328,6777.649781
800.51657,383,6780.895711
49.875507,62,6781.469175
899.129198,401,6788.422689
566.046363,245,6790.695156
942.115871,415,6794.382032
316.368979,203,6796.265091
711.446636,308,6799.134577
717.029908,302,6802.39675
266.652255,181,6804.36201
759.570159,336,6807.634364
942.388624,415,6814.473306
118.444407,106,6815.386703
143.937541,111,6816.346422
479.604781,295,6818.767956
505.726,216,6820.580243
942.681788,420,6823.936492
566.21192,254,6825.913439
709.454612,310,6828.590676
60.353325,70,6829.307942
717.113038,295,6832.40996
944.470176,407,6840.220908
760.723156,320,6842.923298
568.458111,241,6845.043689
15.556945,37,6845.414772
1088.250339,481,6850.061795
941.395363,429,6854.235685
900.034382,407,6857.570065
801.380938,355,6860.351929
567.415626,243,6866.135326
705.431937,322,6869.366611
760.654291,327,6872.099476
800.931365,347,6874.978381
340.281432,237,6876.964545
1084.519568,500,6881.235006
566.564242,242,6883.565904
942.694795,427,6890.527243
760.65913,343,6894.059663
1085.628535,470,6899.181181
60.872217,66,6899.941171
716.141329,312,6902.709998
566.756337,236,6904.81414
901.625967,389,6908.167782
716.533856,296,6910.621312
506.331582,213,6912.481404
15.392433,38,6912.858058
211.483373,156,6917.678868
65.294544,75,6918.265992
67.48739,78,6918.927826
145.447236,109,6919.775318
900.159386,417,6923.374488
1084.395522,498,6928.308448
900.045968,392,6932.01269
478.1039,317,6934.737498
-16.019588,1,6934.769515
759.777586,337,6937.568565
710.197097,295,6943.441395
59.797451,63,6944.003328
716.293738,303,6946.838535
899.953031,414,6950.584088
567.214967,252,6952.904882
760.936839,326,6956.204708
629.759216,357,6960.043972
717.15743,319,6963.130929
761.381807,324,6968.738497
495.889465,298,6971.186218
899.949122,394,6974.514107
461.109656,286,6976.89307
898.843364,413,6980.115989
507.716217,211,6981.821594
717.435637,288,6984.443479
416.443849,265,6987.388943
899.742836,403,6995.009284
759.390743,336,6997.877312
115.795929,104,6998.759345
898.574914,418,7002.500983
716.890437,296,7005.232041
715.718693,308,7008.055504
1083.114827,479,7012.092248
900.04697,386,7015.052263
708.760584,316,7021.43599
714.551551,313,7024.707428
567.41709,236,7026.666864
567.338479,236,7028.63655
566.748049,243,7030.605212
565.808445,247,7032.662122
715.797741,309,7035.352416
942.98472,422,7039.274357
294.466823,198,7041.100502
443.262159,278,7046.660546
567.16455,242,7049.401264
-8.027171,1,7049.431344
100.681497,96,7050.464552
566.657139,247,7052.921319
456.241084,288,7055.903009
1085.993268,488,7060.08234
142.927575,113,7061.072124
565.810251,251,7063.120673
717.963979,302,7065.761279
806.229282,354,7071.501472
943.815807,416,7074.826496
332.008594,219,7076.545674
104.301359,91,7077.360701
716.275943,306,7080.637267
506.162498,203,7082.786741
566.802224,253,7085.370375
762.525993,322,7088.277508
294.482887,195,7089.958114
716.599762,295,7092.452751
760.706854,341,7098.654273
348.768629,229,7100.758766
899.449867,405,7104.42624
944.149192,413,7108.160753
1085.256049,460,7112.725351
716.106872,310,7115.95206
800.350666,349,7119.332816
92.576396,95,7120.096946
566.501603,247,7124.794062
761.133823,333,7127.651987
1085.774576,470,7131.597593
96.778904,94,7132.39904
942.416579,421,7135.736031
942.513535,408,7139.195713
760.08853,326,7142.359477
898.836444,402,7149.437671
898.83167,395,7152.903126
899.653891,402,7156.250801
61.08324,67,7156.865059
942.798207,420,7160.794072
942.052871,425,7164.850807
506.22632,203,7166.463139
64.215866,76,7167.078651
146.82256,115,7167.976703
712.644097,324,7174.593538
260.608432,204,7176.744938
567.672741,236,7179.293473
717.115191,302,7182.175615
1085.146373,502,7186.276937
566.789584,233,7188.345239
898.92155,390,7191.816718
899.243842,408,7195.694573
715.654974,309,7202.237062
505.400251,214,7204.241537
567.011053,240,7206.787678
717.50746,304,7210.12959
1084.796134,471,7214.75457
356.495284,235,7216.74424
113.436169,98,7217.581244
64.693798,76,7218.268358
758.715753,342,7221.064868
506.927291,202,7222.868412
566.043037,247,7228.596053
505.746589,205,7230.214414
1085.441054,473,7234.054299
716.025441,303,7236.875162
717.325264,304,7239.97378
942.605877,426,7244.35412
900.245101,397,7247.649707
1088.217054,468,7255.43738
567.903328,235,7257.599247
761.350471,337,7260.692204
565.358887,240,7262.818685
-16.027843,1,7262.85446
-16.042341,1,7262.887794
506.031965,214,7264.816486
717.543458,296,7267.512016
60.328532,66,7268.162653
567.08895,252,7270.731093
901.051708,401,7274.877916
714.959348,303,7281.195473
1084.824656,490,7285.327073
505.641484,215,7287.129276
899.583365,407,7290.513636
898.986484,384,7293.613922
760.138478,326,7296.209431
715.456836,298,7299.236523
715.952319,307,7302.601669
717.545043,300,7309.113365
942.065941,426,7312.793878
15.331407,38,7313.120502
900.264296,394,7316.806848
793.620849,449,7321.135919
623.247196,366,7324.537413
898.955005,391,7327.751723
899.67051,384,7335.128979
145.51959,118,7336.433674
568.509645,235,7338.964801
476.491784,301,7341.549665
716.176675,320,7344.178264
568.844565,232,7346.115339
942.459152,434,7349.833059
899.056472,385,7353.626488
1088.552693,472,7361.253867
483.065962,303,7364.492267
565.124983,247,7367.281179
899.088752,420,7371.757026
118.713318,99,7372.660088
566.807662,238,7374.675214
709.543622,326,7377.467875
568.118275,242,7379.51706
468.028661,305,7382.069421
760.217008,335,7387.131146
567.633602,241,7389.103328
760.084191,337,7391.742518
1086.557897,490,7396.735881
567.066724,232,7399.205594
69.322029,79,7400.052384
898.757058,407,7404.070717
520.465248,307,7406.717972
1087.488584,476,7413.859621
1085.320895,464,7418.233257
1086.233997,473,7422.639761
714.729463,312,7425.466584
759.965378,344,7429.203697
942.319184,407,7433.530358
715.795215,305,7439.766843
760.53414,337,7442.578493
568.281209,243,7444.636881
506.133336,208,7446.400696
945.24633,414,7449.816808
943.654941,406,7453.020786
804.223693,365,7456.252661
716.253346,310,7459.597232
566.183872,247,7465.846015
1086.176015,460,7469.774099
504.97908,215,7471.673119
505.626776,209,7473.518078
900.265478,408,7477.353738
567.077862,243,7479.738101
293.217633,187,7481.607203
507.376837,209,7483.275561
899.573924,385,7486.367253
505.514869,209,7491.907415
715.725403,300,7494.887406
143.794928,116,7496.053979
1084.97149,490,7500.430919
717.606682,312,7502.975719
628.697436,364,7506.071012
1085.116395,490,7510.634312
567.52432,241,7512.82739
717.520921,293,7518.465792
898.524311,404,7522.530135
710.224546,310,7525.88
567.460634,229,7528.485195
567.167563,235,7530.595739
357.420954,234,7532.615494
297.574611,190,7534.293495
1086.644969,452,7538.015789
630.284411,365,7543.888017
143.415224,108,7544.7561
899.659466,391,7547.813802
761.989263,325,7550.41177
81.528417,85,7551.336946
142.724513,132,7552.91667
900.14101,383,7556.763715
270.195168,193,7558.993404
901.832669,389,7562.456741
942.798521,407,7569.807933
505.153421,202,7571.760277
759.720906,338,7575.106527
1086.026341,475,7579.483448
899.880201,381,7582.962956
760.428157,334,7586.618
942.673131,400,7590.707723
898.221799,403,7598.034956
943.037718,415,7601.637434
507.29946,206,7603.340408
507.724042,205,7605.150462
424.465415,256,7607.303113
807.636533,337,7609.952538
901.01617,408,7613.568409
761.210829,325,7616.96891
760.481579,321,7624.900658
715.894153,309,7627.552168
144.550752,113,7628.601718
59.914486,69,7629.245511
61.056,65,7629.812133
575.627164,337,7632.994396
944.192129,423,7637.040373
899.206876,402,7640.644513
477.706322,313,7643.134383
1086.654039,481,7651.273919
566.663944,236,7653.828875
800.717746,346,7657.094387
432.658603,260,7659.348728
945.933762,409,7662.737573
287.394161,180,7664.232838
808.105598,346,7667.515357
147.115707,114,7668.6099
715.577566,308,7671.565847
711.465477,319,7677.15762
506.10192,208,7679.094716
899.738048,387,7683.496126
409.297724,255,7686.310221
799.123919,353,7689.699648
944.176796,402,7693.128114
803.416895,354,7696.154318
468.536692,294,7698.669031
898.489224,402,7705.056156
620.7832,356,7707.895653
1084.523645,465,7712.266894
944.110096,425,7716.928003
899.082124,386,7720.648919
761.376068,322,7723.510912
899.554316,392,7730.500331
99.913541,94,7731.394425
1085.034492,489,7735.900611
899.301582,380,7739.311524
465.950103,296,7741.946685
218.960633,153,7743.637372
407.432418,253,7746.279564
758.945888,336,7749.686176
505.78802,195,7751.438238
145.242999,116,7752.391747
942.682435,415,7759.569718
566.991313,235,7761.463993
900.221944,399,7764.811464
-16.037091,1,7764.838613
265.223355,185,7766.312484
566.90808,240,7768.185118
116.592421,112,7769.174933
508.641482,199,7770.959354
387.629036,252,7773.309072
709.497544,316,7776.724164
1088.31948,470,7784.553123
566.553927,240,7786.584552
941.326925,429,7790.542037
943.750206,397,7794.297027
1087.196782,471,7798.460029
407.08879,252,7800.541877
898.372149,413,7803.87755
901.308519,387,7811.23062
801.427982,362,7814.440876
897.822842,404,7817.7485
899.052902,396,7821.000537
901.39805,388,7824.600551
1087.481583,467,7828.832122
75.081808,70,7829.512212
762.062623,325,7835.138162
944.371164,423,7839.606852
505.302191,210,7841.781062
787.995078,333,7844.961587
60.005427,71,7845.563991
416.020706,256,7847.755805
68.63548,75,7848.38615
898.507198,403,7851.6432
567.353941,248,7853.702316
