#{"t_start": 1777986009.460679, "env_id": "None"}
r,l,t
-5.352905,286,3.692479
-6.005835,172,5.230946
-5.34279,220,7.441877
-7.877332,441,12.002623
-16.059434,1,12.042087
-23.124904,954,20.47106
0.580119,160,21.874683
0.531271,198,23.723979
-3.770628,1072,35.625471
-4.479465,181,37.075187
-78.75612,1500,54.491949
-62.112874,900,62.657927
-105.408317,1137,73.626259
-44.573766,600,82.403208
-54.417081,600,87.209896
-21.678253,300,89.574005
-5.639202,220,91.315039
-23.418831,300,93.63974
-25.608272,300,96.030681
-23.425148,300,98.583277
-21.222141,300,105.536664
-62.841448,1377,117.317727
-34.977689,1442,134.458297
-61.47631,1412,146.410204
33.173612,358,149.303283
14.795265,264,151.452615
15.57959,533,161.187936
12.174931,900,170.065292
27.069763,162,171.463214
-45.117044,900,179.568868
-40.648632,901,190.210358
20.162277,190,192.102502
51.591513,360,194.935742
28.507261,109,195.767961
-55.681981,600,200.565364
8.687877,483,208.577524
-40.421305,900,215.428617
-26.803001,945,222.622435
28.4696,407,225.819551
-57.213674,1200,240.576133
57.973717,253,242.555048
3.259053,847,249.315975
-16.075227,1,249.34778
35.462833,643,259.396303
29.818844,223,261.196361
-9.820025,600,265.824242
34.913405,163,267.057226
27.079413,100,267.830842
49.583596,167,269.218534
6.112526,46,269.612473
16.105452,269,271.667945
33.872813,116,272.576376
19.022094,154,273.841647
-60.156426,420,283.909838
-2.231988,620,288.865578
-29.136173,600,293.794842
-29.32617,619,298.661912
-8.043208,1,298.687932
50.073723,205,300.257054
-9.147947,40,300.627597
6.943127,124,301.584779
67.395862,567,311.009231
-7.787166,600,315.767585
7.069324,249,317.717821
67.693251,243,319.60183
-4.681098,21,319.804104
1.50607,38,320.13879
-5.967437,39,320.46753
133.695361,957,334.172326
43.837443,109,335.025914
61.139055,197,336.573306
10.014968,44,336.921821
47.123804,118,337.937279
13.203989,306,340.426642
144.753127,799,346.628233
71.530359,252,348.555623
-8.039477,1,348.591904
55.26465,201,350.24471
66.655067,249,352.179895
22.166621,420,363.836848
-1.031865,900,370.837527
60.2363,620,375.60541
-47.769921,612,380.295701
21.202114,443,391.701743
65.906468,299,394.090476
23.797126,355,397.257126
-2.731918,955,404.82803
35.967359,876,419.076619
154.680545,1500,430.98426
-3.277185,900,444.850349
29.084665,265,446.973422
76.81834,266,449.012428
46.838095,595,454.164308
36.47996,229,456.042068
-2.955193,127,457.096993
252.158074,786,463.240918
31.919592,227,471.19716
8.572076,866,477.720785
-16.090213,1,477.750327
51.802772,511,481.614498
76.709608,325,484.023239
181.55699,499,487.715608
241.709094,622,497.569648
80.501258,263,499.670012
191.056918,488,503.515451
187.28179,538,507.580273
54.194719,224,509.384025
75.918459,354,512.18397
56.883222,242,516.512924
194.355012,900,523.393346
553.808686,1500,534.764132
0.085729,48,540.826052
80.429954,245,542.738409
182.993855,436,546.078941
37.754405,164,547.345462
38.203298,152,548.54467
265.708666,703,553.880122
36.707722,116,554.83792
215.728275,562,559.279467
78.982385,186,567.471669
158.209695,343,570.099751
0.451177,44,570.444515
-6.81079,14,570.568552
0.225661,48,570.945024
80.748116,236,572.793269
187.448213,490,576.56895
78.32843,269,578.611794
38.527621,136,579.660277
0.009402,58,580.175634
10.076557,65,580.701082
178.748986,444,584.139344
-0.321402,64,584.638319
81.188191,243,590.209004
10.184555,60,590.664321
227.153222,596,595.173454
176.875871,417,598.361232
38.778303,141,599.447641
229.462472,571,603.793266
173.891951,378,606.757624
557.75195,1359,622.008278
-6.917167,14,622.134638
54.807273,189,623.524191
10.042759,60,624.057392
249.544614,603,628.708936
38.092544,123,629.674952
651.31574,1500,646.012594
258.489325,568,650.280821
53.720696,113,651.170493
58.671654,181,652.560036
9.145286,72,653.138094
38.696942,114,654.10387
180.08787,384,659.384552
557.73781,1259,669.11935
126.87299,262,671.186756
16.847663,56,671.641126
18.654907,77,672.285493
19.062639,65,672.785496
93.624474,248,674.680126
19.216514,68,675.213253
685.859739,1500,690.61112
567.552405,1152,699.457156
59.014262,178,700.91505
910.313788,1381,715.46648
19.501832,66,715.973565
24.422946,104,716.826782
191.928622,374,719.760999
107.965727,319,722.239144
192.595772,372,725.114929
562.759697,1103,736.907166
194.330658,360,739.697728
642.134967,1249,755.580939
34.705362,80,756.221249
58.892734,136,757.314734
39.161403,109,758.200083
25.216019,89,758.896746
58.937405,122,759.822739
915.289753,1244,769.477499
224.965634,413,772.658903
25.584143,81,773.273641
83.12617,214,777.703
179.023869,494,781.507427
87.472818,190,783.064926
191.218517,322,785.665411
105.773673,900,792.549412
161.619184,290,794.923901
252.958274,442,804.830483
406.220097,690,810.102172
216.719643,369,812.910026
88.247981,180,814.340467
59.450211,133,815.348326
216.253497,377,818.256968
84.209775,186,819.798356
198.018954,331,827.455966
100.028967,194,828.938874
88.536806,172,830.238136
253.740567,425,833.545166
59.556472,141,834.673801
82.851165,173,836.007375
83.189753,173,837.368738
-32.37885,600,842.069477
58.73847,144,843.247765
254.488752,420,850.470036
37.755626,107,851.308739
352.98192,594,855.803627
56.979392,140,856.8908
85.333946,169,858.19169
252.759153,450,861.679117
253.250234,441,865.055186
494.797427,603,874.029401
32.669968,137,875.094623
59.63071,146,876.199505
64.717826,150,877.393093
38.615913,103,878.191442
246.841142,398,881.275525
33.033098,134,882.320795
-17.323043,600,886.862274
35.485834,68,887.410788
237.123269,432,890.65769
39.131462,102,891.474107
410.415182,661,900.055226
94.294351,184,901.480013
771.100795,799,907.652139
87.869489,203,909.285675
64.918198,149,910.489561
64.995565,150,911.654656
86.673443,168,912.953738
65.04665,158,914.183236
104.475063,188,915.651917
85.883931,212,923.562485
266.720594,419,926.868893
255.813522,386,929.7894
266.312414,395,932.78719
86.758694,158,934.045583
227.558568,350,936.730708
112.974654,215,938.397222
99.933644,191,939.897352
564.86544,910,951.467347
64.435249,146,952.567103
919.175059,1077,960.693205
100.867765,175,962.182852
90.733817,157,963.415288
773.468567,742,973.72245
60.982656,113,974.609932
257.06996,347,977.278339
90.405367,155,978.494355
239.656447,405,981.599405
66.2396,122,982.574586
39.026308,96,983.29627
579.429064,790,992.174887
40.078379,73,992.751645
203.348247,266,994.770534
-21.414198,600,999.443768
196.125917,253,1001.408252
89.734643,115,1002.358729
199.493469,263,1004.36586
-42.260974,600,1008.942128
-31.923781,600,1015.524051
115.052008,197,1017.081238
236.945863,386,1020.038135
780.449864,631,1025.108858
-33.380408,600,1029.765582
121.871043,196,1031.294706
110.417043,189,1032.767872
85.853525,154,1035.632681
-18.327242,532,1039.704909
249.387673,338,1042.423701
95.866104,153,1043.586299
88.107103,149,1044.751562
203.758871,241,1046.610322
238.355636,339,1049.279479
579.426266,729,1060.072656
37.392669,71,1060.652163
84.643936,116,1061.59842
40.123651,74,1062.220732
578.170667,679,1068.03463
201.62417,198,1070.16564
781.460491,592,1076.367766
95.675404,146,1077.603076
-36.222601,368,1080.702059
83.730594,110,1081.646636
63.658036,88,1085.646729
-32.795371,600,1090.608752
263.381368,298,1092.966274
50.990175,87,1093.806462
68.022733,105,1094.775162
347.112008,370,1097.971063
60.577529,101,1098.942505
784.768249,570,1105.02874
147.204912,172,1106.926952
85.563926,106,1107.861569
254.210527,278,1111.872407
85.226782,106,1112.801084
86.894241,108,1113.788404
224.793196,239,1116.098948
-16.055658,1,1116.134497
85.284841,111,1117.217864
90.576515,130,1118.467822
65.983598,103,1119.511656
321.583532,354,1122.341233
269.718194,306,1124.82835
62.031665,103,1125.662446
32.554322,69,1126.217198
290.835451,328,1128.801528
61.207217,92,1129.588307
588.803123,569,1139.497614
377.68668,368,1142.581722
111.790989,161,1143.957684
-22.777069,600,1149.446522
-24.585068,739,1156.239309
91.062958,118,1157.305087
28.791674,59,1157.815234
6.68277,508,1165.81903
934.954588,765,1172.03844
36.686776,208,1173.774947
-9.640494,533,1178.100332
785.041326,526,1182.228039
938.941664,664,1189.851979
66.953653,98,1190.643404
91.573581,112,1191.558151
243.847637,228,1193.390441
666.392132,511,1197.445005
31.401181,66,1198.009966
-35.32488,574,1202.629149
203.118482,211,1204.296481
109.292934,120,1207.125793
46.23875,101,1207.983582
205.32719,216,1209.738802
348.459637,332,1212.343965
61.43352,97,1213.1314
97.396532,116,1214.075096
941.588393,630,1218.990073
635.578269,371,1221.921067
193.431689,244,1223.781847
273.85042,262,1225.876208
91.836621,114,1229.424859
195.031943,204,1231.054003
242.012268,221,1232.848552
244.809387,243,1234.684467
111.969574,139,1235.787779
204.768159,213,1237.463295
223.00648,201,1239.032044
271.151025,247,1241.041909
112.489113,143,1242.140908
120.724309,147,1243.276055
223.609322,207,1244.936281
31.69787,59,1245.470535
201.910184,184,1246.953064
45.470371,109,1247.810067
97.805587,109,1248.725572
206.035698,197,1252.929838
173.130584,179,1254.361798
313.819263,274,1256.572607
509.766377,311,1259.061076
201.567709,182,1260.53577
191.57913,205,1262.173558
208.38209,197,1263.685158
123.095474,129,1264.750297
49.753959,70,1265.408203
245.354847,231,1267.280317
30.179927,58,1267.756687
19.60662,52,1268.197968
65.026052,86,1268.86502
497.746426,435,1274.704807
788.394346,481,1278.541488
573.006735,491,1282.547048
108.272087,105,1283.484595
199.510575,211,1285.20719
230.192312,212,1286.98011
123.680264,142,1288.207543
791.767487,433,1291.677131
637.61268,325,1294.306494
165.316814,192,1298.663509
204.662562,226,1300.434433
510.708746,276,1302.547096
90.931437,110,1303.431175
-13.984456,600,1308.126277
637.18488,332,1310.723551
32.9494,55,1311.164532
314.331616,273,1313.360329
589.126965,441,1316.837076
241.910154,206,1321.177713
224.79054,207,1322.766424
-14.73334,600,1327.517485
120.138295,135,1328.563
635.907717,357,1331.386879
511.475664,270,1333.617519
10.864892,45,1333.98135
243.745803,211,1335.707978
279.88646,228,1337.543897
331.105158,302,1343.772785
459.675594,242,1345.732945
118.6429,137,1346.870528
-6.52641,167,1348.180546
595.858951,483,1352.020008
204.998383,182,1353.509768
117.381114,133,1354.529515
789.295522,454,1358.188744
151.42606,141,1359.289605
156.322157,150,1360.515378
945.123019,587,1367.688107
51.588829,71,1368.259517
184.690136,176,1369.623571
243.403393,206,1371.291997
511.404583,282,1373.504189
424.896804,363,1376.466515
242.996207,201,1378.035823
157.849974,155,1379.26453
246.586949,214,1381.070773
245.611019,215,1382.745389
44.716158,126,1383.782614
511.893478,270,1385.950048
11.029033,47,1389.161839
243.287071,200,1390.752005
946.463804,573,1395.383349
243.837332,193,1396.888139
218.984728,210,1398.56031
171.958948,172,1399.998899
189.738881,187,1401.480504
791.32602,419,1404.951858
189.576852,187,1406.551006
791.74852,453,1413.78756
295.9805,229,1415.571033
99.031121,118,1416.522325
208.473687,184,1417.995684
265.75212,217,1419.654792
120.938282,130,1420.705165
242.845479,193,1422.313155
96.158004,100,1423.196149
635.704522,349,1426.259082
178.593574,170,1427.635363
636.564487,336,1430.29213
637.418666,330,1432.857806
459.121261,215,1436.998618
199.027488,182,1438.430371
121.68244,128,1439.527534
225.23559,198,1441.071741
243.240344,195,1442.650189
178.273335,168,1443.99099
490.546625,356,1446.85057
948.602868,512,1450.896884
94.90273,102,1451.708803
790.34553,422,1455.106516
944.714966,555,1462.511496
512.271646,256,1464.522576
45.305824,118,1465.516631
511.768208,253,1467.54433
60.631735,74,1468.126467
222.145132,199,1469.761832
349.59167,272,1472.04859
216.409112,170,1473.398698
331.755643,271,1475.589355
671.805592,389,1481.153983
178.241301,165,1482.461337
459.415295,231,1484.24829
437.73642,362,1487.111366
672.729737,364,1490.004401
351.010113,278,1492.189436
679.008688,486,1496.022359
636.489778,320,1498.53231
671.655046,389,1503.906261
350.694962,290,1506.209429
68.956543,90,1506.904383
512.212611,257,1508.903575
204.632168,187,1510.439824
99.074343,111,1511.315712
0.981522,31,1511.574838
242.218069,191,1513.082778
511.835566,258,1515.15083
41.05363,83,1515.796884
-53.4637,370,1518.628591
143.628177,150,1519.848387
510.863933,253,1521.8801
73.229892,87,1522.598399
83.057643,173,1526.406857
376.259676,338,1529.039995
790.908233,414,1532.371463
350.268992,277,1534.643103
348.95423,274,1536.86533
84.025181,156,1538.237837
506.851439,367,1541.164937
636.174882,311,1543.988137
506.826676,368,1548.611947
243.043468,200,1550.29588
724.368322,534,1554.499006
431.777849,328,1557.185905
946.995,517,1561.248534
343.677764,279,1563.451346
828.735349,442,1566.977272
264.486222,214,1572.044997
506.733029,389,1575.195318
246.416702,195,1576.786332
459.486271,219,1578.508126
244.063673,187,1580.043334
792.985693,410,1583.278897
47.5936,76,1583.887252
363.830359,298,1586.342711
103.457554,106,1587.164361
945.905319,554,1594.803737
510.947946,260,1596.860439
130.156889,129,1597.858793
342.071125,268,1600.039548
459.950812,223,1601.814021
290.191411,228,1603.58448
947.759223,515,1607.749631
948.231419,543,1612.093052
46.819996,92,1612.900473
-8.06303,1,1612.936979
291.845491,226,1616.527575
792.652569,420,1619.97158
671.966856,351,1622.692877
790.985141,434,1626.228495
355.242227,294,1628.612926
290.426381,247,1630.522517
637.214303,324,1633.097007
223.928563,211,1634.782845
239.153228,212,1640.289468
39.26307,64,1640.798085
791.473302,413,1644.034034
246.059749,199,1645.661141
1.437163,23,1645.854533
636.603655,328,1648.552858
459.437864,219,1650.294066
91.684701,102,1651.115668
1.492021,26,1651.330503
220.042486,206,1653.020197
671.551129,362,1655.896017
101.475589,113,1656.804298
460.237228,220,1658.629989
178.819151,161,1662.82528
828.264909,450,1666.451313
511.781245,257,1668.480413
638.268448,312,1670.973293
459.70893,224,1672.75943
459.909841,227,1674.624618
946.407433,532,1678.857969
947.862589,513,1685.929403
511.021897,266,1688.083635
671.957099,370,1691.015406
251.490827,198,1692.551488
117.914635,119,1693.449448
673.338148,355,1696.289917
636.299732,333,1698.92269
512.209579,252,1700.898013
947.038843,546,1705.128076
674.067755,347,1711.458268
638.496855,311,1713.856479
178.343347,170,1715.286329
793.063075,403,1718.444429
511.770017,253,1720.453636
350.322685,279,1722.67507
637.055776,332,1725.259979
513.50063,241,1727.187877
672.046811,367,1732.637666
791.938562,415,1735.987276
460.215599,229,1737.757425
-8.052277,1,1737.794077
223.971864,204,1739.423102
790.841478,445,1742.96758
637.372658,321,1745.523463
459.001387,229,1747.365504
130.944337,124,1748.35627
636.125841,323,1750.901583
512.437492,246,1756.17273
672.978544,358,1758.917751
119.702369,112,1759.818654
635.340986,339,1762.476124
511.534799,249,1764.610022
673.967104,355,1767.402444
950.398094,519,1771.465389
674.165348,332,1774.090099
638.29931,296,1778.932269
828.584035,445,1782.400474
637.263484,331,1784.955949
639.014393,314,1787.421312
43.923755,92,1788.120385
460.360961,216,1789.762803
829.618885,430,1793.190775
127.970038,122,1794.182879
513.331313,239,1796.040475
459.697324,220,1801.231601
792.50743,400,1804.374004
671.376329,366,1807.284467
47.26574,96,1808.067065
674.107616,332,1810.678575
637.369684,313,1813.162785
44.41214,85,1813.87433
672.830758,342,1816.625418
46.160145,83,1817.275083
125.872279,122,1818.233038
44.115924,87,1819.018508
674.432464,351,1824.608984
792.130401,407,1827.773541
794.41855,417,1831.294807
948.514576,531,1835.594413
510.685259,257,1837.630246
792.542562,405,1840.833033
949.807193,504,1848.629741
251.602944,198,1850.215448
948.237221,505,1854.157949
792.248105,409,1857.409911
673.680134,355,1860.150547
672.924852,363,1862.976646
674.239849,360,1865.773634
948.33854,507,1873.271218
637.151342,336,1875.888335
735.62588,485,1879.641354
511.318001,250,1881.639007
637.5012,304,1884.031697
95.962701,97,1884.829267
459.941654,219,1886.571545
949.484504,502,1893.896876
459.963438,217,1895.575286
236.085239,209,1897.236191
830.335675,415,1900.583578
949.446879,488,1904.466131
460.013627,214,1906.148841
950.026024,491,1910.000498
951.061246,491,1916.942665
949.614726,512,1921.110715
949.135289,508,1925.2297
673.607006,352,1928.186434
533.189468,376,1931.269836
674.676946,340,1933.965228
673.143134,346,1940.316628
791.148648,439,1943.909126
100.04992,103,1944.784283
793.251469,404,1947.971909
-6.722416,10,1948.065816
291.560654,226,1949.860952
637.827228,299,1952.221988
829.349829,436,1955.712411
70.417023,90,1956.481392
531.891853,362,1959.875707
18.616833,361,1966.771652
674.148176,344,1969.591859
830.86478,416,1972.907177
949.169243,518,1976.986477
639.109762,301,1979.30222
512.834881,249,1981.259099
46.867581,85,1981.966963
831.193837,431,1987.550045
533.042428,377,1990.487936
829.741784,420,1993.764771
458.605759,234,1995.595671
512.02134,246,1997.522938
512.072479,253,1999.466105
512.657003,255,2001.401012
513.583081,238,2003.204932
512.143198,243,2005.091214
282.131012,235,2010.090035
947.456695,515,2014.10313
792.599162,414,2017.476694
241.805952,193,2019.03887
639.3921,301,2021.463956
792.077333,411,2024.954529
637.715336,314,2027.436669
830.407131,418,2033.542501
460.259135,217,2035.260645
793.044801,391,2038.44778
723.684287,476,2042.141437
129.105961,119,2043.143726
637.316379,319,2045.630453
512.982015,248,2047.598498
513.424689,241,2049.541839
118.572765,115,2050.539261
792.935375,406,2057.737352
793.727043,403,2060.947003
511.586725,244,2063.064802
513.775263,237,2064.949376
637.365667,329,2067.648824
637.493141,310,2070.1663
357.103718,271,2072.338138
52.200882,95,2073.087868
48.528117,72,2073.710891
511.945171,245,2075.717847
460.813551,221,2079.774364
830.426355,419,2083.149031
952.227908,481,2087.047045
460.897353,218,2088.7352
639.34203,315,2091.459421
512.624011,252,2093.584662
639.380882,305,2096.048224
278.640936,231,2097.91747
128.787265,122,2102.558727
397.62881,309,2105.066534
949.890089,491,2109.19929
674.298931,347,2112.188077
950.287022,493,2116.677465
512.170632,246,2118.872454
673.560179,338,2122.067131
126.420355,117,2123.146085
121.78907,115,2127.484578
100.623312,96,2128.295421
949.026473,504,2132.331391
461.089903,206,2133.976215
792.273548,406,2137.235829
398.856162,332,2139.941565
512.198362,248,2141.938844
350.570259,267,2144.097536
638.899478,308,2146.457065
357.13006,272,2152.025158
517.507659,351,2154.77101
793.91411,400,2157.983582
51.450723,84,2158.655328
77.788858,95,2159.446117
461.018412,213,2161.149052
517.20568,359,2164.056391
638.342267,308,2166.493908
460.81898,211,2168.169228
829.400108,432,2174.497977
513.115908,249,2176.419301
951.719464,495,2180.388082
50.534678,80,2181.006188
49.434696,77,2181.62712
948.18306,520,2185.672334
792.540983,397,2188.880106
637.889713,312,2191.40356
638.440481,307,2197.287625
792.740866,404,2200.461981
950.955007,492,2204.494645
831.282548,401,2207.842308
49.193389,70,2208.45578
221.059794,197,2210.003772
792.603197,420,2214.154552
47.0721,90,2214.892204
461.290249,210,2216.692764
831.956727,421,2224.33389
76.96299,118,2225.298897
513.874419,234,2227.187523
792.628166,417,2230.510482
398.687293,323,2233.040812
461.057572,221,2234.763259
402.454459,331,2237.326918
48.193193,75,2237.9435
209.109032,175,2239.260409
-8.080318,1,2239.29385
349.506949,254,2241.286233
950.565444,475,2247.90853
95.245006,132,2248.962658
-16.084529,1,2248.993757
521.332072,356,2251.712461
97.629714,115,2252.598011
512.346147,245,2254.480135
512.692038,240,2256.331633
831.063543,409,2259.629165
949.512659,500,2263.4405
795.054287,392,2270.022345
950.165694,502,2273.97567
461.447617,211,2275.658218
391.70377,315,2278.087491
283.258893,257,2280.131659
513.646212,238,2281.956732
399.075202,317,2284.400066
949.334773,498,2290.838879
512.453631,243,2292.678998
638.681804,299,2295.024636
673.99948,363,2298.018287
285.217563,230,2299.881566
830.657243,422,2303.185611
674.331172,336,2305.817466
57.103575,83,2306.478673
831.287814,413,2309.687974
950.293355,482,2317.525854
952.872378,478,2321.259665
638.8377,305,2323.659473
461.505745,215,2325.315872
830.373274,433,2328.741202
638.36548,297,2331.111904
831.525158,415,2337.035952
830.999364,409,2340.229332
950.69182,493,2344.044493
793.759822,394,2347.111834
53.23961,79,2347.732393
460.779741,210,2349.361067
638.528949,308,2351.770465
674.456944,349,2354.516985
-8.079386,1,2354.54801
637.900767,318,2360.374329
460.00038,210,2361.956718
49.313821,67,2362.508822
674.718318,340,2365.173351
793.256181,403,2368.392274
793.916067,396,2371.488068
638.226891,302,2373.900166
460.482757,215,2375.586039
951.294392,465,2383.091148
675.332317,352,2385.829026
829.775004,431,2389.236174
638.014005,303,2391.617108
220.350242,199,2393.124352
830.459391,416,2396.352238
636.828006,314,2398.914337
364.477841,269,2400.983269
119.513251,115,2401.911497
636.658093,312,2407.57375
637.501807,309,2409.982377
0.298551,20,2410.160638
673.226916,344,2412.924139
461.56872,207,2414.547714
795.40887,402,2417.694067
511.91292,249,2419.619651
460.567904,205,2421.232624
97.043158,110,2422.100431
950.657788,489,2428.946277
50.306896,76,2429.551478
952.193282,496,2433.446612
792.17152,410,2436.67964
513.229648,242,2438.663683
-16.086803,1,2438.705182
793.67495,393,2441.74914
674.667822,326,2444.332476
343.393669,264,2446.410428
283.594894,233,2450.947294
793.134154,398,2453.997286
638.265888,304,2456.550115
119.609943,114,2457.456817
949.528217,499,2461.357394
-16.089584,1,2461.388556
792.737116,412,2464.585546
951.258981,481,2468.366871
792.554106,394,2474.728968
626.718727,326,2477.261641
460.634325,214,2478.976974
792.924689,390,2482.023673
398.9123,304,2484.381058
48.602131,67,2484.959521
53.96946,80,2485.609322
637.485619,297,2487.927825
832.63483,401,2491.104594
792.934179,396,2496.810758
950.289351,476,2500.527344
951.625936,472,2504.201
673.053578,350,2506.942951
242.09501,185,2508.4243
830.46504,414,2511.703619
400.443515,317,2514.23489
512.655304,243,2519.262613
399.897084,313,2521.714195
461.312608,211,2523.369048
674.625804,345,2526.022974
831.540984,413,2529.304538
512.647894,241,2531.193192
831.607557,420,2534.49385
48.757221,74,2535.060343
46.112278,69,2535.594053
674.043502,336,2541.471526
250.395064,192,2543.008449
792.589387,396,2546.122056
460.926694,216,2547.844811
121.1038,116,2548.776356
792.280919,401,2551.927887
42.951847,67,2552.446122
831.763136,410,2555.633728
829.55251,419,2558.95514
459.893945,212,2560.63387
-8.083105,1,2560.665684
673.488757,337,2566.514494
99.606016,112,2567.425713
512.995582,247,2569.571055
51.832084,75,2570.197625
513.204065,237,2572.209494
226.056662,192,2573.801782
461.071682,211,2575.831057
951.35378,479,2579.765934
67.242576,95,2580.575356
50.95255,84,2581.257318
792.97461,391,2584.473318
675.146721,340,2589.844217
513.485186,237,2591.908322
128.293474,123,2592.906997
636.681993,311,2595.381552
951.551155,474,2599.175799
59.280846,70,2599.753789
301.797262,222,2601.515144
792.254163,403,2604.704088
793.978426,396,2607.802518
637.882693,297,2613.696599
512.380092,231,2615.521715
952.156919,494,2619.455619
830.442742,412,2622.766363
792.52498,400,2626.008274
512.048459,240,2627.86018
513.117339,246,2629.861592
459.547905,216,2634.583962
673.980067,352,2637.355615
512.037353,234,2639.267393
674.119502,333,2642.023304
673.982191,347,2644.843251
953.949119,467,2648.519222
392.701782,304,2651.021451
48.341402,74,2651.627903
49.879415,68,2652.17904
674.170416,341,2658.164403
637.188227,308,2660.76991
288.19155,247,2662.78637
228.503471,181,2664.270606
831.447536,404,2667.529265
399.690812,303,2669.965788
673.651068,341,2672.628864
637.287453,310,2675.134563
52.51172,71,2675.719153
459.932348,212,2677.53068
459.596029,215,2682.665614
-4.938153,12,2682.783928
513.459101,232,2684.634456
512.230839,241,2686.641439
674.424415,345,2689.403232
460.866496,210,2691.095196
636.952706,313,2693.532091
672.20625,443,2697.002432
511.873875,233,2698.800626
674.674897,430,2705.555991
327.899594,236,2707.419664
675.08109,332,2710.115399
53.191726,85,2710.812799
951.247053,461,2714.637438
950.274456,498,2719.002335
830.454668,396,2722.238918
674.765051,345,2724.995641
830.543007,405,2731.650769
512.473763,236,2733.448067
792.156454,395,2736.64708
-16.083476,1,2736.686342
124.396416,124,2737.811089
637.179903,301,2740.220042
461.086865,206,2741.840223
792.080056,395,2745.020999
830.890824,404,2748.46712
398.253556,330,2754.765106
948.761732,495,2758.782795
674.130763,339,2761.605628
287.005445,229,2763.416802
791.592143,407,2766.688278
636.442963,306,2769.332538
119.555718,113,2770.281355
511.766996,237,2772.267303
513.351781,246,2777.365877
460.429522,210,2779.159506
76.173995,117,2780.160156
794.227555,392,2783.35719
518.171491,347,2786.202389
512.365709,229,2788.02046
83.508069,99,2788.831444
460.009341,204,2790.514795
792.189598,398,2793.691759
402.287796,300,2796.139051
793.146384,380,2803.27389
245.891585,197,2804.908677
513.18323,233,2806.774751
100.616611,100,2807.617073
637.667671,295,2809.961641
637.325899,295,2812.30611
950.02846,477,2816.079024
512.027697,237,2817.970321
460.592768,207,2819.600958
-8.066966,1,2819.626096
572.710701,384,2825.554241
342.926096,246,2827.521415
831.035814,401,2830.695406
398.059568,295,2833.085466
793.177621,397,2836.233324
950.433881,476,2839.992749
48.122726,67,2840.535943
45.384829,70,2841.190103
674.475987,343,2847.06761
459.622323,218,2848.890575
511.954507,243,2850.921957
48.312158,76,2851.569298
630.120247,306,2854.004521
122.26016,113,2854.943008
512.134481,240,2856.792745
637.169575,297,2859.281254
56.460028,83,2859.98088
512.757629,238,2861.919765
638.173518,301,2864.411055
87.191184,88,2865.173232
-16.078605,1,2865.213767
674.481665,331,2870.965765
637.90686,295,2873.440525
121.560084,111,2874.338849
193.56034,153,2875.567482
512.817234,234,2877.467314
636.030974,315,2880.009112
128.310802,117,2881.018587
513.379986,230,2882.840782
673.960919,335,2885.49752
150.84255,129,2886.562198
483.018025,339,2889.240509
791.522209,400,2894.899426
513.166049,242,2896.926542
512.439026,232,2898.80619
220.138199,183,2900.240012
673.481487,334,2902.986184
461.079055,195,2904.528299
511.600915,237,2906.440094
460.465888,206,2908.089545
953.24499,469,2911.775691
792.562856,384,2918.547132
636.966179,303,2921.049533
792.583451,390,2924.241188
950.13661,480,2928.192673
637.236195,309,2930.678384
674.844895,316,2933.251067
792.497435,400,2936.460652
950.891105,463,2943.7537
242.035932,190,2945.381195
792.686098,386,2948.508105
246.320973,250,2950.47596
51.227544,72,2951.099808
793.197533,381,2954.253093
793.302983,386,2957.362723
460.382169,207,2959.03669
830.947613,393,2965.908761
791.812876,392,2969.148134
950.816759,462,2972.961557
637.944952,302,2975.411317
56.864124,79,2976.05771
250.396287,184,2977.577779
-4.947803,11,2977.689966
460.941502,208,2979.369086
95.463728,118,2980.303114
674.144292,329,2983.094818
513.888994,235,2985.063781
41.104952,60,2985.592715
638.700025,291,2992.132694
674.574259,332,2994.845084
460.465323,205,2996.463696
94.891868,94,2997.263608
674.735865,320,2999.811401
792.047072,399,3003.036995
639.054876,298,3005.428649
120.414751,114,3006.344002
829.571135,415,3009.694388
459.962114,214,3014.273177
791.861897,400,3017.392298
97.34884,101,3018.218757
38.080812,53,3018.630472
220.645125,180,3020.093386
637.590762,301,3022.447084
512.578154,233,3024.265806
673.69559,338,3027.069468
459.820873,210,3028.70709
792.158106,376,3031.677264
459.907141,200,3035.966576
637.275558,299,3038.428262
121.562601,112,3039.418421
342.334521,255,3041.42538
950.312501,483,3045.955785
673.629629,341,3048.938668
830.001557,412,3052.472181
675.0604,340,3055.37998
675.260199,331,3060.585942
51.484373,74,3061.273896
792.463831,377,3064.396329
55.34079,81,3065.077773
791.453071,394,3068.143374
512.688847,235,3069.980147
120.108312,111,3070.858792
791.704615,402,3074.074396
4.934116,102,3074.853668
673.975811,338,3077.535855
62.507117,75,3078.150666
791.87849,383,3084.352976
227.397214,191,3085.999041
950.3814,485,3089.727665
830.645574,417,3093.029351
57.607113,85,3093.728195
638.464071,291,3096.129636
792.765253,390,3099.154793
950.132443,474,3105.434463
548.086071,363,3108.278692
792.617267,376,3111.243818
118.362377,109,3112.123177
52.038874,80,3112.844114
47.421909,74,3113.422104
793.004411,385,3116.444116
321.350405,252,3118.534871
47.972063,74,3119.14648
829.273984,416,3122.476892
117.755851,106,3123.342351
675.753352,339,3129.026654
625.51794,323,3131.56616
45.274859,72,3132.207828
513.197532,246,3134.42169
623.034097,328,3137.291266
637.620723,296,3140.068235
47.810695,78,3140.812625
638.179455,302,3143.703675
636.787799,314,3146.617618
512.705478,237,3148.776731
638.222379,300,3155.03716
471.28565,429,3159.568018
513.716662,232,3161.878252
511.982821,232,3163.833067
366.917331,258,3165.985565
-8.041743,1,3166.018991
792.346392,384,3169.405063
17.827735,42,3169.804876
128.15632,118,3170.849597
675.451311,337,3173.640024
675.307141,319,3176.215219
460.744263,208,3180.592756
222.513268,173,3182.010681
513.342811,235,3184.4339
391.472823,295,3187.710343
300.854159,221,3190.045303
628.44408,310,3193.130909
460.400319,199,3194.805013
460.667339,207,3196.591553
673.627249,336,3199.568648
637.210659,299,3202.285873
97.053553,104,3206.143302
637.369605,308,3208.953517
344.398421,251,3211.065637
52.304787,79,3211.680598
673.685672,337,3214.609548
459.614325,203,3216.812655
949.603397,494,3222.067822
793.279159,396,3225.690768
512.40683,226,3227.631051
792.073623,402,3233.586005
85.695272,88,3234.410708
461.208164,206,3236.164405
793.752736,384,3239.744047
221.836755,178,3241.404041
461.607492,202,3243.254931
459.876403,206,3245.156248
-16.082203,1,3245.190903
637.950151,295,3248.288359
674.509931,331,3251.656605
512.177703,229,3253.518064
794.390764,377,3259.814787
675.236823,325,3262.488089
637.536968,308,3264.999562
513.81844,233,3266.822949
513.477437,243,3268.76588
793.903039,392,3271.820853
46.297538,69,3272.425759
795.324432,382,3275.453678
513.348949,237,3277.328741
638.083067,298,3282.943808
637.60127,305,3285.353558
512.030788,239,3287.208848
674.89271,341,3289.936552
829.249844,417,3293.280565
832.037274,397,3296.539865
46.735783,70,3297.118768
674.314568,321,3299.669839
387.129188,289,3306.01706
792.728734,386,3309.015654
949.334956,482,3312.861531
460.011792,208,3314.557961
513.11,230,3316.323008
674.453897,324,3318.86728
674.512339,332,3321.537549
350.661588,254,3323.530801
535.854136,350,3329.073218
459.992546,208,3330.792515
673.946077,331,3333.488815
48.183183,77,3334.152804
-8.068511,1,3334.192481
792.943409,402,3337.350621
403.321944,301,3339.746789
792.693288,382,3342.967424
460.224358,209,3344.620743
511.878808,238,3346.620939
459.814161,211,3351.187659
513.161839,235,3353.078313
47.698658,73,3353.666113
28.377452,55,3354.148463
830.12204,402,3357.316393
790.710417,394,3360.452525
793.084244,403,3363.663744
460.454157,210,3365.284552
512.856251,236,3367.181014
951.449703,464,3374.418896
460.707053,202,3375.97568
949.7725,485,3379.803709
364.729438,268,3382.095703
-16.082352,1,3382.132946
216.924282,181,3383.608079
150.335152,143,3384.796173
637.58219,305,3387.172081
540.639355,364,3390.018871
458.87351,211,3391.650189
950.729284,473,3398.154972
540.680817,365,3401.043596
638.066846,289,3403.319884
370.707129,266,3405.387082
638.646159,299,3407.691712
-8.082945,1,3407.726362
673.399225,338,3410.413944
674.183646,332,3413.087444
950.054928,486,3420.44522
350.476937,254,3422.518361
794.131307,372,3425.581946
512.445436,237,3427.51936
52.467041,74,3428.144876
34.834177,56,3428.695993
459.956255,203,3430.324055
49.222614,76,3430.937164
627.512971,319,3433.459033
483.054673,335,3436.206995
-8.086013,1,3436.230241
637.428092,298,3438.609832
512.92385,239,3440.49634
122.032798,114,3444.929965
675.111756,328,3447.580256
392.641147,292,3449.883136
350.841863,253,3451.970814
637.699118,301,3454.385136
513.305493,229,3456.167454
637.421042,300,3458.696628
540.375103,352,3461.569499
50.751979,80,3462.214356
461.785242,206,3463.955832
383.299017,281,3469.087344
48.266559,72,3469.888627
41.23558,61,3470.553752
461.008493,211,3472.751018
460.958949,204,3474.950347
57.226155,78,3475.782873
637.869441,304,3478.617431
512.047964,244,3480.659954
792.157793,393,3484.01379
513.457298,239,3486.396713
135.572513,122,3487.537578
513.050037,233,3489.712796
69.18992,85,3490.534845
49.878577,68,3493.760594
101.572518,99,3494.643833
56.69828,75,3495.31987
832.514747,391,3498.625945
47.769394,60,3499.14133
673.425139,334,3502.530537
460.35194,207,3504.82032
792.962927,392,3509.073915
831.643797,403,3512.401141
512.041972,233,3514.318384
674.638382,325,3519.414268
830.900463,405,3522.748958
56.978059,81,3523.476083
951.336057,461,3527.115821
674.170168,323,3529.661006
626.152879,320,3532.605896
11.201102,37,3533.030323
459.737254,200,3535.244496
11.040041,38,3535.668705
638.58282,301,3538.959207
794.530896,388,3545.564987
792.140801,405,3549.451062
674.030987,323,3552.418203
512.986277,228,3554.577431
636.435561,313,3557.492188
950.386429,486,3561.495818
637.06871,296,3564.224446
792.246385,392,3572.411953
416.62439,302,3574.944968
793.70393,384,3578.123631
459.934318,206,3579.840326
460.367863,199,3581.413858
673.760404,325,3584.310923
128.021838,114,3585.345818
673.865745,330,3588.352093
120.644939,113,3589.403788
512.302196,231,3591.500775
459.481361,199,3593.329806
10.973323,37,3593.741065
511.877233,235,3600.484309
79.685098,81,3601.467255
674.996989,321,3604.47495
291.059764,258,3606.745897
511.759345,241,3608.842446
635.974761,297,3611.629643
155.644041,138,3612.802115
792.586705,385,3616.000929
57.478182,79,3616.644497
226.790901,189,3618.19639
949.934377,481,3625.817279
636.894717,302,3628.898744
949.578524,466,3633.597907
948.828467,486,3637.639679
636.875342,296,3640.302926
286.828287,219,3642.373524
674.477622,329,3645.457017
-7.011908,16,3645.623621
511.906522,227,3650.671582
57.081075,78,3651.403804
949.722017,474,3655.782502
674.116837,319,3659.22648
950.608383,459,3663.864414
87.249616,84,3664.813615
790.69855,396,3668.122183
393.112893,295,3670.557081
696.768658,403,3676.610568
790.054137,405,3679.937837
239.458919,203,3681.618271
296.017533,257,3683.694118
637.633242,295,3686.047799
637.298353,303,3689.363657
460.558128,202,3691.567019
512.908535,242,3694.034543
130.489263,122,3695.194858
247.628103,189,3696.836034
674.426454,331,3702.216932
96.108419,104,3703.180183
31.66415,57,3703.706387
950.07129,483,3708.199471
460.218495,201,3710.125268
949.188929,483,3714.359171
396.931534,301,3716.75685
460.410718,200,3718.631214
830.644857,409,3723.018059
673.489299,330,3728.913861
30.998771,53,3729.438656
674.907188,332,3732.262208
950.188773,459,3736.100741
950.352987,480,3740.458994
793.155,392,3744.101543
533.73757,349,3747.33436
638.04565,305,3753.562861
-16.079744,1,3753.60894
792.953473,389,3757.777374
672.757294,337,3760.725328
951.483733,460,3764.804077
459.383288,211,3766.568899
430.614677,309,3769.103221
460.851412,209,3770.848755
791.953898,401,3774.160961
29.50958,51,3774.572366
513.761541,232,3779.62018
134.054422,119,3780.577547
792.612794,385,3783.663734
949.82973,468,3787.723263
63.410779,78,3788.351829
637.202706,303,3790.842109
794.463694,386,3794.291014
830.975073,413,3797.854792
637.284789,304,3803.064381
639.10464,294,3805.509665
512.674889,233,3807.39599
512.852449,236,3809.275989
829.714793,410,3812.689398
513.093933,235,3814.606143
949.730011,486,3818.584821
791.833244,388,3821.792416
47.58513,71,3822.399468
950.754112,471,3829.570148
675.624285,334,3832.269634
460.109137,206,3833.917068
-8.075128,1,3833.957049
401.904193,307,3836.42587
949.980845,476,3840.227487
287.530687,212,3841.89941
87.123872,93,3842.685759
49.089448,67,3843.242789
48.805842,66,3843.79306
459.97136,204,3845.41844
53.051556,67,3845.961784
950.214957,474,3852.07291
37.321326,55,3852.593526
673.49438,338,3855.627971
400.682505,310,3858.253388
316.231537,267,3860.669081
532.014456,363,3863.780851
410.83249,308,3866.519389
949.529392,486,3872.993775
793.148088,381,3876.035145
790.815396,399,3879.283602
121.042324,117,3880.266725
674.379826,328,3882.968155
48.255179,73,3883.559087
458.973872,207,3885.259593
88.962011,88,3885.963322
673.781901,328,3888.796499
459.760702,209,3890.554935
288.109933,208,3892.326953
47.380362,77,3893.001107
623.069351,311,3898.613363
351.031403,252,3900.738242
400.061197,307,3903.263296
627.016437,310,3905.748284
460.131807,210,3907.384915
830.060313,414,3910.68171
949.985774,482,3914.572497
102.883789,102,3915.465571
48.565986,70,3916.05047
96.449743,113,3919.145653
460.563482,203,3920.674487
423.978815,299,3923.358173
674.783124,335,3926.01725
829.053935,413,3929.262145
459.38382,207,3930.900954
316.292176,257,3932.948451
459.498277,209,3934.657556
113.663844,113,3935.661918
96.630899,113,3936.656613
345.058138,243,3938.602832
511.632969,240,3943.355736
460.763245,204,3944.992551
829.724224,403,3948.249115
460.553876,203,3949.865371
51.377926,67,3950.416322
322.985594,263,3952.52098
675.274552,316,3955.051871
220.920174,187,3956.470971
90.348592,90,3957.214955
244.483908,183,3958.687179
400.220997,302,3961.10434
365.690944,269,3966.799196
48.839585,71,3967.414757
793.210812,389,3970.482313
206.180723,162,3971.851884
459.672258,203,3973.458425
286.509986,225,3975.232903
829.948867,406,3978.465971
832.42696,388,3981.548624
623.678357,316,3984.011908
399.388184,313,3989.710298
791.668975,399,3992.794753
674.414031,333,3995.386904
93.226601,104,3996.237278
674.9474,324,3998.771551
829.069148,414,4002.08831
49.383281,63,4002.694312
69.288884,87,4003.383098
47.321969,59,4003.879914
673.903705,336,4006.642457
674.817874,342,4012.159885
293.662813,242,4014.137818
637.979822,299,4016.755252
224.467376,184,4018.238123
459.407149,210,4019.964473
512.042132,237,4021.905984
674.666959,321,4024.507631
461.011516,197,4026.066323
122.562241,119,4027.089257
512.668907,240,4029.301889
674.222183,334,4032.878939
794.493688,388,4039.801689
637.080261,310,4042.519672
793.501391,383,4045.963638
511.551069,233,4048.16813
511.898452,233,4050.304682
949.32831,475,4054.508598
637.799244,303,4056.933161
790.965603,406,4063.463379
207.43033,167,4065.197561
460.37193,207,4067.384178
512.507139,239,4069.648756
-16.085858,1,4069.67732
288.753641,258,4071.848357
950.844903,465,4075.838221
673.827796,318,4078.482278
40.888426,60,4078.948914
48.809871,61,4079.450153
951.083545,468,4083.145762
636.528262,304,4087.884665
460.796743,200,4089.476569
48.542466,70,4090.011926
15.726232,38,4090.313404
637.368608,294,4092.693858
54.725115,72,4093.305468
829.297995,416,4096.544432
120.612403,107,4097.389459
950.39975,473,4101.107244
949.652056,482,4104.948416
792.456331,393,4111.07421
792.373387,386,4114.14706
674.193061,321,4116.731578
-4.893134,14,4116.878002
793.413402,380,4120.378361
291.026543,211,4122.568899
28.497956,54,4123.251474
793.663814,395,4127.129655
49.014793,66,4127.665203
531.53064,365,4130.826514
513.476614,230,4135.821494
-16.08479,1,4135.861647
512.66282,236,4138.071017
459.814898,211,4140.058364
950.334446,465,4144.323007
950.815624,472,4148.716937
638.24162,305,4151.797467
350.55802,256,4154.386173
-8.077691,1,4154.436926
273.944724,201,4156.63437
513.219209,232,4162.879559
79.17911,94,4163.69641
950.059862,465,4167.518054
950.278401,477,4171.395659
637.981878,303,4173.829584
673.509348,335,4176.481478
673.919378,319,4179.077992
637.756391,305,4182.241855
637.603806,302,4189.281853
794.693244,381,4192.513575
460.955482,207,4194.27187
512.035392,237,4196.348524
951.419824,456,4200.597121
949.954783,490,4205.317285
511.815778,230,4207.311494
53.084332,83,4207.982033
829.689407,419,4215.131453
674.54072,333,4218.297741
46.926102,75,4219.061939
638.707868,296,4221.769763
638.286819,294,4224.201277
512.386824,236,4226.135721
674.772271,327,4228.884745
830.826602,397,4232.211381
238.999713,195,4234.02178
125.071251,120,4235.11554
96.005471,105,4239.146232
792.209999,408,4243.029057
674.792186,328,4246.563356
513.092673,231,4249.001213
790.826619,410,4252.711491
672.890397,337,4255.614769
673.903163,325,4258.455654
673.895978,340,4261.366444
792.915177,385,4267.762296
830.381474,409,4270.997041
459.779463,213,4272.719205
395.5693,304,4275.792773
831.17683,415,4280.09388
792.155212,401,4283.634835
793.194489,384,4286.844665
511.893559,237,4292.343375
949.535098,492,4296.969715
790.947397,409,4300.662256
949.879533,471,4304.944765
830.737968,394,4309.146372
459.787756,205,4311.321205
792.489886,400,4317.996864
792.057007,397,4321.288275
373.023418,285,4323.655491
68.343335,83,4324.333138
637.76934,313,4326.878345
119.525905,117,4327.842566
57.367392,71,4328.432835
401.603203,285,4330.748513
460.126145,211,4332.446525
520.052548,349,4335.403887
512.305698,234,4338.076473
791.88415,400,4344.778789
949.52067,473,4348.732772
792.090635,401,4352.311321
511.595476,232,4354.458043
791.655316,402,4358.201473
949.601876,490,4362.487062
829.134274,412,4369.199607
460.42059,204,4371.335446
631.010662,308,4374.688176
792.067096,399,4378.33854
638.331011,294,4380.724244
121.577413,109,4381.602496
511.518872,239,4383.624396
793.816429,397,4386.983855
831.098029,406,4394.315611
951.582164,470,4398.618535
949.446157,479,4403.835988
410.438865,306,4407.049322
637.140881,301,4409.70337
628.87732,324,4412.412776
674.838761,325,4415.045902
512.040269,229,4419.826149
93.80988,100,4420.64676
950.459117,472,4424.550038
830.79541,409,4427.79424
637.662825,296,4430.690438
57.817982,81,4431.586504
623.221264,315,4434.921974
269.835957,212,4437.294089
687.479079,441,4441.533059
460.893619,208,4446.955614
637.29912,311,4449.710053
321.612417,267,4452.278186
831.091843,400,4455.89056
460.024838,202,4457.475013
948.717365,487,4461.275405
674.177565,334,4463.80026
624.695837,318,4466.305692
828.985173,410,4472.171892
619.606209,318,4474.613518
949.810193,493,4478.539604
950.230602,487,4482.353218
793.225731,391,4485.318871
792.408641,391,4488.343445
636.863078,299,4493.590688
637.202616,303,4496.121806
459.753425,206,4497.872131
793.89838,381,4501.307534
830.575939,400,4505.136369
460.023485,203,4507.094263
393.986289,309,4509.941904
830.695768,401,4513.23645
637.23661,307,4519.873551
675.351621,317,4523.295784
512.088034,225,4525.359161
49.260173,68,4525.961708
315.989961,255,4528.140752
68.044947,89,4528.868805
460.675281,205,4530.536263
459.236131,206,4532.350604
625.944256,322,4535.005092
638.334993,300,4537.626971
28.353714,54,4538.142861
949.756721,483,4545.528527
459.709572,210,4547.515643
672.768829,339,4551.206841
12.042192,40,4551.65231
636.73712,311,4555.066448
319.744032,248,4557.240427
46.572786,70,4557.887912
296.940197,232,4559.892213
792.813468,390,4563.413271
673.36962,332,4566.53074
830.766482,411,4574.014788
950.279797,474,4577.812262
638.300753,303,4580.654681
830.681772,412,4585.080655
161.707242,142,4586.564954
512.035211,234,4588.521163
792.110964,399,4591.819327
829.453285,414,4600.237843
829.558981,411,4604.02245
391.354773,296,4606.74503
47.317516,66,4607.375946
512.645538,232,4609.520583
675.156753,321,4612.620591
949.388143,473,4617.727029
829.470563,406,4621.292884
460.308686,211,4626.330288
831.799381,392,4629.688844
460.696157,200,4631.345933
673.830659,324,4634.01038
791.321961,396,4637.152773
512.981463,244,4639.06338
791.417308,407,4643.143234
511.823305,247,4645.361077
154.791672,145,4646.957445
673.92255,334,4653.582086
673.187431,332,4656.599008
792.13456,400,4660.436211
638.545156,306,4663.328047
831.938444,399,4667.034302
250.54551,202,4668.973153
830.306299,408,4672.869622
461.01555,208,4678.173973
949.321057,475,4682.713131
460.40492,207,4684.448334
952.404299,462,4688.376595
459.635634,208,4690.069665
830.36197,390,4693.270353
949.871713,478,4697.25917
311.852878,237,4699.388703
673.699129,345,4705.307021
673.524902,322,4707.777187
47.670955,75,4708.393918
950.443035,474,4712.284571
791.732028,400,4715.352357
637.805273,301,4717.670792
460.350024,204,4719.243736
949.731472,485,4726.16698
949.859476,474,4730.040589
291.544919,234,4732.526805
47.050448,78,4733.357291
48.796956,68,4734.08515
829.588494,412,4738.364719
672.105766,342,4741.28104
674.261983,318,4743.847466
830.030514,397,4747.376303
830.036067,405,4754.690878
637.512644,308,4757.501999
460.645448,216,4759.50177
460.478391,211,4761.507663
321.962444,250,4764.233084
49.054345,70,4765.018415
793.22646,395,4769.182007
512.665984,235,4771.491858
674.354273,321,4774.250934
791.422652,404,4780.615828
951.229251,452,4784.278311
638.329056,294,4786.620981
-8.067956,1,4786.652119
830.124782,393,4789.798579
829.100376,419,4793.592001
791.146063,415,4797.93062
19.887947,53,4798.528065
121.604128,112,4799.731253
81.48021,91,4800.65532
401.563436,296,4806.130787
831.03741,415,4809.938757
636.887344,303,4812.81789
512.689799,225,4814.934961
830.660026,393,4818.49776
397.344171,310,4821.310658
322.599852,251,4823.611387
459.632658,211,4825.814323
