#{"t_start": 1777990853.7335203, "env_id": "None"}
r,l,t
1.651492,600,23.370317
2.918809,600,24.024196
-47.991409,600,24.740843
2.5765,77,24.856131
34.078152,209,25.139499
10.115815,62,25.239327
-43.058732,600,25.898525
-1.160825,600,26.553498
-38.030071,600,27.249144
24.465606,600,27.893929
-47.288751,600,50.668864
-29.08043,600,51.294273
-32.593857,300,51.654663
-35.022258,600,52.343582
-33.849191,600,53.025579
-16.987613,300,53.373752
-26.881589,300,53.676819
-34.222573,600,54.259719
-65.230251,600,54.931371
-14.908418,300,55.259953
-20.071351,300,78.097578
-20.129706,300,78.398976
-46.498132,600,78.976051
-60.529493,600,79.560943
-22.509623,300,79.910338
-36.989618,600,80.526181
-15.6505,300,80.849683
-17.15994,300,81.140992
-21.769719,300,81.493126
-49.703829,600,82.124061
-23.495421,600,104.61374
-24.738323,300,104.912785
-16.357597,600,105.494434
-46.108368,600,106.097658
-26.441586,600,106.748877
-22.640549,300,107.119297
-16.051815,1,107.143911
-7.988504,300,107.4752
-37.584377,600,108.078586
-14.606999,600,108.68822
-1.561488,383,131.666149
7.122102,265,131.985125
-5.043155,498,132.556802
-11.199362,300,132.957934
-32.138422,600,133.684376
-27.186711,300,134.005998
-40.052919,600,134.615297
-49.034385,600,135.240867
-39.801459,600,135.835223
-20.860786,300,136.150367
18.348986,270,157.337941
13.528621,247,157.638452
-22.86946,900,158.652925
17.97456,317,159.036949
-30.50462,300,159.401055
-39.685014,600,160.046445
1.803626,693,160.876685
-18.347271,300,161.196745
-14.243083,600,161.806481
-39.122868,600,162.490247
-49.344578,600,185.142736
-62.019442,600,185.787345
4.142991,106,185.908087
1.709947,83,186.028717
-46.395083,600,186.727316
-52.13571,600,187.437853
-58.35583,600,188.138232
-62.435497,600,188.876416
-54.30059,600,189.619989
-53.865927,600,190.398707
-41.957219,600,211.441656
-67.814448,600,212.050995
1.950289,900,212.916363
-33.608428,600,213.529251
-0.670751,155,213.713288
-33.397889,600,214.32422
-23.324471,600,214.9266
-35.3126,1200,216.133423
-69.361242,600,216.723741
-47.979055,600,217.338429
-17.033495,528,237.272755
-35.601009,600,237.849231
-41.652874,600,238.43783
13.285448,93,238.545342
-43.330663,600,239.184043
-63.955316,600,239.854605
12.385268,91,239.983654
-22.408104,1500,241.528892
3.51066,60,241.609584
11.279941,34,241.674229
-57.699467,600,263.216196
-36.667266,600,263.764885
41.691134,900,264.638664
36.759431,900,265.591807
83.893526,1500,267.161997
14.213635,45,267.236197
-55.230747,600,267.845278
20.465541,600,268.590394
17.126604,109,268.746765
19.989154,173,268.986108
59.697303,517,292.905503
44.796603,600,293.468897
3.748086,600,294.026124
-16.046194,1,294.050748
-41.348738,600,294.622104
6.859488,600,295.221938
96.445597,1200,296.497105
-37.833223,600,297.095562
53.098297,560,297.69154
-16.060606,1,297.716691
0.332345,21,320.607548
25.197366,600,321.284154
7.050177,600,321.916448
44.987191,600,322.51182
-4.82848,11,322.545243
-4.878755,14,322.57955
45.739655,600,323.195874
-41.580605,600,323.786731
-29.091729,600,324.376168
45.751689,600,324.969296
-5.049821,15,348.225252
42.789227,451,348.699083
5.056169,30,348.75051
4.571099,28,348.79115
-4.910808,11,348.884761
56.393949,128,349.061219
5.331037,32,349.112208
28.08356,67,349.220569
-30.094642,600,349.863755
5.362657,32,349.910836
73.676597,129,374.08227
13.701161,47,374.149164
-48.146295,600,374.707077
44.739927,411,375.115651
5.432971,32,375.162512
0.517636,20,375.212964
13.897133,43,375.278163
-16.043375,1,375.298753
5.315362,33,375.351819
5.314758,36,375.41263
78.707846,167,398.615629
4.574244,36,398.688237
27.923823,71,398.782632
-3.445283,600,399.417048
1.308493,600,400.149106
78.777759,151,400.361487
-3.859783,600,401.06769
28.03446,65,401.148574
-2.464906,600,401.740913
35.992187,600,402.338771
37.709881,69,424.297387
9.040616,428,424.773513
219.113266,558,425.366382
-15.815622,300,425.71249
-16.059721,1,425.737683
2.861173,17,425.782191
35.732722,111,425.922915
-34.072611,600,426.595742
37.169023,70,426.691245
42.175677,76,426.795461
229.474291,442,451.047894
20.835804,600,451.583422
229.723723,431,452.121805
221.440241,255,452.40354
102.270207,130,452.564143
229.080626,444,453.059017
-28.601255,600,453.637
47.19183,70,453.723228
42.830603,97,453.84482
101.756443,134,453.996245
218.718165,224,477.516068
43.000091,61,477.588402
64.03442,98,477.712084
46.482904,66,477.787637
43.388176,77,477.871721
80.531543,94,477.994972
79.051347,90,478.111789
45.773299,71,478.189358
49.326825,69,478.262374
46.354485,63,478.349465
36.104355,62,501.91737
68.763922,89,502.017547
51.198452,80,502.125702
48.765,74,502.218774
69.050414,85,502.297306
43.771138,70,502.384469
14.382209,50,502.458922
37.596413,65,502.551049
43.722702,75,502.641474
67.871811,80,502.73713
221.162711,196,526.731381
13.497622,54,526.805643
13.510494,57,526.881168
51.840673,93,526.993325
54.393883,106,527.113935
68.023533,85,527.223007
53.776281,102,527.339029
69.208577,86,527.467347
54.199345,107,527.603208
72.205402,101,527.739999
-16.076691,1,551.987788
44.545898,73,552.076732
50.004036,62,552.148121
14.961387,47,552.212859
68.694134,78,552.307539
26.303287,51,552.379824
27.059284,52,552.472598
44.062595,66,552.57974
100.105312,100,552.709096
79.531695,81,552.830068
-15.454593,600,577.57634
262.483253,431,578.028219
69.430428,84,578.119687
12.891854,58,578.196373
-7.103394,600,578.752929
257.008209,435,579.219629
50.247811,68,579.387213
100.165398,108,579.519335
261.519336,431,579.98742
90.947644,114,580.122184
50.645047,64,604.557514
65.553164,111,604.690449
69.829279,81,604.770388
70.684565,82,604.87041
74.164186,90,604.970078
52.223177,73,605.091702
53.911582,117,605.217213
52.000644,77,605.327875
71.083125,81,605.420486
109.697313,124,605.551815
101.299007,121,629.814061
-8.040812,1,629.829365
206.328147,206,630.054583
249.851186,433,630.524532
65.414533,125,630.664127
100.248835,124,630.81929
178.910911,182,631.020255
8.848226,600,631.626648
95.85515,126,631.789342
60.613005,75,631.881096
1066.197786,1324,656.984837
205.99413,192,657.205432
55.64856,76,657.303814
107.822679,154,657.488183
265.805492,417,657.982783
33.625155,79,658.085396
14.964667,45,658.154806
75.150384,102,658.281381
40.268111,54,658.372208
102.228321,125,658.577931
215.392077,271,678.907928
106.162046,130,679.056801
64.096375,84,679.152482
61.144597,79,679.239707
175.728588,166,679.473718
175.473344,166,679.652719
60.717978,75,679.740804
201.248103,210,679.984453
60.952275,77,680.072887
206.505782,203,680.305894
-0.328429,600,702.065876
413.981637,490,702.538161
235.567523,287,702.834571
218.874772,240,703.083485
705.718855,549,703.62346
77.906756,105,703.737976
-16.024685,1,703.774429
100.965677,143,703.946874
100.465975,148,704.124851
21.30324,48,704.20758
708.173261,529,724.885899
317.929654,428,725.325214
109.13873,134,725.475318
778.122476,1128,726.688079
319.571425,422,727.149808
285.770244,348,727.532062
115.725699,146,727.70133
74.746139,101,727.827877
101.186366,123,727.975265
101.896595,121,728.130784
236.043983,274,747.949759
221.303731,316,748.282223
-16.031328,1,748.308964
106.280959,121,748.448557
5.274063,600,749.025371
1068.843226,1166,750.349975
106.181355,111,750.517008
99.793835,135,750.687172
236.706118,280,751.011857
241.071154,265,751.347252
186.731179,195,774.982608
205.552968,502,775.556889
183.615305,600,776.1729
209.763256,483,776.690354
191.62641,202,776.913322
382.193689,497,777.473335
227.057759,241,777.748561
-16.042999,1,777.771789
191.322479,196,777.986801
105.619893,127,778.143102
35.432159,68,799.800985
239.967202,261,800.10303
219.572966,600,800.713476
197.321601,600,801.338826
184.821885,600,801.945563
101.934211,113,802.08101
192.386894,600,802.77642
-4.096029,600,803.380455
562.738795,423,803.813023
272.530079,346,804.178976
1070.18362,952,825.535771
409.935064,399,825.929977
101.80932,104,826.056652
888.677931,661,826.74477
1070.484744,954,827.784693
102.953425,108,827.932242
75.07449,94,828.043671
74.6119,82,828.143304
-15.778135,131,828.29051
317.992077,350,828.674666
54.696123,119,848.210964
779.856823,937,849.154665
57.151644,123,849.296315
708.642454,522,849.8355
560.696293,416,850.270306
545.732132,556,850.822646
783.673415,964,851.941606
709.515051,508,852.467932
888.919108,714,853.204198
59.894395,71,853.296861
560.246083,393,873.043051
228.576549,304,873.378709
888.211429,643,874.014287
1069.990702,998,875.076134
57.725992,105,875.206535
561.94502,380,875.618706
561.540137,386,875.998828
242.574118,241,876.262157
707.940619,488,876.764603
39.37011,55,876.842057
289.43418,291,896.848856
241.661512,239,897.086571
56.587881,104,897.206179
285.946362,309,897.537701
94.161879,121,897.662946
242.232018,245,897.918282
116.317193,129,898.099008
710.371882,469,898.582868
286.873839,299,898.917461
286.27105,307,899.250114
1071.666601,968,921.089989
711.99239,457,921.513456
-8.046618,1,921.538604
57.567007,106,921.655982
145.088607,165,921.82724
143.16733,167,922.009469
709.275585,477,922.482
102.743022,106,922.627457
231.661652,246,922.875806
561.37794,379,923.274108
141.296577,167,946.039806
329.21689,385,946.407423
575.410631,669,947.080312
1072.444922,992,948.168456
40.480484,59,948.245487
60.165183,76,948.337072
1071.119055,1002,949.515831
890.572936,653,950.214457
286.520609,303,950.568377
286.736719,312,950.982667
237.081724,240,975.142781
1070.147576,890,976.079113
237.050053,248,976.347733
562.970321,333,976.685036
57.702936,117,976.821417
140.741046,160,977.013287
563.254349,343,977.380539
562.703184,347,977.735879
236.406398,245,977.981581
50.05448,182,978.18305
284.426694,249,1000.786876
1070.591002,928,1001.968405
523.583119,536,1002.658621
60.218777,74,1002.773203
35.781076,55,1002.858853
62.500915,74,1002.959059
204.288636,216,1003.262515
712.043241,455,1003.873917
246.303566,234,1004.164408
1070.961915,903,1005.374112
713.353917,364,1027.195583
-2.945479,92,1027.298839
244.926577,179,1027.502849
506.407396,253,1027.752057
219.070544,192,1027.951578
204.584495,181,1028.169862
104.421813,98,1028.327627
534.484445,423,1028.883852
505.172973,256,1029.220782
714.938568,357,1029.689608
1076.674849,787,1053.982007
244.659571,188,1054.182746
254.762747,219,1054.405703
121.023524,110,1054.545397
504.267184,288,1054.845537
143.59837,155,1055.025089
58.791781,96,1055.126468
448.847532,456,1055.60348
455.769671,460,1056.103991
245.894242,191,1056.313871
713.231386,368,1080.279794
140.890928,138,1080.450227
142.361194,143,1080.626534
506.819982,265,1080.911772
116.108516,115,1081.05784
611.023284,476,1081.686359
242.240955,183,1081.928401
505.564434,261,1082.216344
118.229656,115,1082.355584
105.716343,101,1082.476122
787.11468,648,1105.789854
412.49181,354,1106.174161
1078.589181,700,1107.00216
1078.935721,690,1107.935316
241.968605,191,1108.17919
292.830791,240,1108.488301
754.58019,474,1109.066968
531.182162,512,1109.65124
241.965664,194,1109.88953
505.668486,263,1110.205272
756.28902,443,1133.95787
74.661187,82,1134.09537
242.6832,182,1134.311494
505.321868,244,1134.562957
757.246081,421,1134.999525
59.48542,92,1135.106165
216.261622,188,1135.306656
1081.202024,626,1135.985842
644.201057,480,1136.523008
896.696922,472,1137.017493
715.034772,349,1156.931345
244.033927,176,1157.123697
756.949337,405,1157.525028
56.153358,103,1157.644021
414.624435,296,1157.959433
257.263702,210,1158.181508
59.329393,87,1158.285788
757.956904,421,1158.739235
59.194994,90,1158.846026
506.24244,242,1159.097835
-5.411838,96,1178.875184
58.933791,86,1178.974454
899.070423,478,1179.443628
270.975056,196,1179.667241
59.773904,86,1179.776897
344.973574,268,1180.050024
145.356369,132,1180.209979
1085.827339,578,1180.840353
1084.217902,603,1181.479999
505.178967,256,1181.750769
757.855685,413,1201.496125
333.838951,243,1201.758162
505.785396,245,1202.00074
1084.107637,578,1202.605238
58.628182,85,1202.706114
506.108123,248,1202.957081
714.432557,354,1203.322274
156.879577,144,1203.491421
259.66794,206,1203.699256
897.472722,459,1204.196802
313.421649,217,1223.658938
540.266426,357,1224.025195
566.996796,269,1224.290202
897.94676,431,1224.704893
568.349503,262,1224.990937
145.413494,129,1225.140342
344.627296,258,1225.401683
262.46138,198,1225.65651
505.828794,232,1225.898185
-8.07931,1,1225.922607
638.845215,406,1245.759651
715.81574,317,1246.071132
717.31575,327,1246.391222
414.633393,272,1246.683328
205.771071,175,1246.864003
212.323801,163,1247.128519
211.96644,192,1247.337225
57.990437,80,1247.441543
645.632325,400,1247.885644
213.802736,155,1248.066948
566.657353,271,1267.660416
566.267486,267,1267.915632
458.466819,327,1268.244975
898.423408,453,1268.696968
758.808604,378,1269.095889
145.232319,134,1269.258142
759.383927,376,1269.662146
219.268596,176,1269.86394
324.928483,225,1270.123831
715.836904,332,1270.467835
95.177958,86,1289.94061
715.608679,335,1290.275089
567.089092,274,1290.544886
505.967571,230,1290.780336
457.55112,333,1291.125686
151.879627,141,1291.294831
275.797647,241,1291.555298
898.513919,460,1292.038579
567.993551,260,1292.306903
1086.180521,545,1292.906506
48.242264,70,1314.606063
898.684221,425,1315.045928
898.804173,433,1315.460057
-16.040581,1,1315.487251
716.279155,337,1315.83165
103.451576,96,1315.952811
758.402454,409,1316.38611
565.927465,272,1316.66448
290.624591,202,1316.953019
758.302601,399,1317.394706
-16.071196,1,1340.395408
417.293707,278,1340.719297
505.807673,238,1340.967227
718.686221,323,1341.318402
416.527992,278,1341.651358
314.231326,211,1341.893067
506.580427,232,1342.170362
718.305489,316,1342.530684
1087.491293,492,1343.12659
506.680726,228,1343.382172
716.423698,329,1366.794785
144.189565,126,1366.965262
58.478623,88,1367.072113
717.237126,329,1367.446373
276.232733,225,1367.751379
716.751435,318,1368.14353
59.105276,77,1368.248087
1087.756531,499,1368.874446
-2.09697,79,1368.985144
149.836724,136,1369.170727
276.047505,219,1392.551281
459.349703,308,1392.886266
715.151767,309,1393.197958
319.410803,219,1393.415719
59.15136,80,1393.517999
717.59917,300,1393.821272
1084.424995,503,1394.38302
1086.590142,475,1394.915923
758.648104,357,1395.315562
395.034492,258,1395.597579
314.298716,208,1418.901509
505.764786,229,1419.180863
313.609336,209,1419.454433
59.833917,78,1419.574674
900.141398,400,1420.080559
59.80171,77,1420.184989
416.832137,256,1420.545601
899.446589,400,1421.053416
507.057772,227,1421.352949
505.99345,221,1421.630634
289.451973,185,1442.756021
1086.353021,500,1443.27536
509.013081,226,1443.496159
83.032715,91,1443.589376
568.410192,256,1443.841368
59.598064,75,1443.938658
451.191848,297,1444.320409
761.519926,341,1444.790301
-16.053778,1,1444.808893
1087.567404,475,1445.458483
48.683591,56,1469.009705
717.731149,304,1469.293201
716.842841,301,1469.593488
761.321375,339,1469.952116
271.464289,167,1470.136901
568.087762,241,1470.398416
568.166874,227,1470.641375
567.174023,235,1470.88849
103.310833,92,1471.006061
-8.047679,1,1471.029748
760.675035,337,1494.436721
4.362192,76,1494.518934
276.683235,202,1494.748836
357.36292,229,1495.016812
432.146538,267,1495.353725
507.165102,220,1495.616039
262.923232,192,1495.855821
58.669226,81,1495.972231
900.18543,404,1496.446373
-16.070717,1,1496.465894
-16.049486,1,1519.681115
62.165268,74,1519.76622
715.909531,306,1520.081069
416.33019,256,1520.364003
902.372976,388,1520.767434
56.169298,75,1520.856692
60.523714,64,1520.925498
290.424814,194,1521.153715
61.686029,72,1521.244143
1087.415462,473,1521.780334
277.081956,197,1544.49453
54.360368,74,1544.588315
289.897619,185,1544.795203
233.708105,167,1545.060755
59.456576,71,1545.15998
900.821016,390,1545.62596
1084.14366,495,1546.265988
150.23184,116,1546.426203
1086.943169,480,1547.013215
58.907637,77,1547.108058
505.47999,227,1570.271421
1087.644789,478,1570.841389
507.170577,216,1571.101052
60.597333,69,1571.206735
431.300549,272,1571.54774
277.533604,187,1571.772242
568.118756,245,1572.082241
298.73766,192,1572.344148
943.708206,423,1572.835641
716.634536,306,1573.208597
408.180586,267,1595.394705
415.51662,275,1595.672003
1085.85358,485,1596.163942
60.181674,69,1596.23738
565.61228,265,1596.488591
281.612434,205,1596.718513
275.702591,218,1596.954623
564.903048,271,1597.220923
59.082859,71,1597.322078
408.42165,289,1597.665621
-16.067696,1,1617.913522
260.076666,203,1618.12853
392.785464,274,1618.432957
505.791546,234,1618.660661
143.019192,119,1618.799918
505.692757,224,1619.025441
899.915111,416,1619.45459
331.786578,227,1619.700294
758.11883,357,1620.073781
405.29359,278,1620.39737
760.408043,362,1640.343963
267.841462,216,1640.568089
900.423909,405,1640.978873
1086.336354,501,1641.527957
567.168121,245,1641.784822
506.767063,219,1642.018214
268.094802,217,1642.253635
1086.988438,481,1642.774539
901.461547,403,1643.234994
151.604593,123,1643.374361
567.828751,236,1667.106529
60.87805,69,1667.188508
568.592577,228,1667.420563
901.413863,392,1667.819444
760.436556,331,1668.169314
289.718631,185,1668.384635
943.969258,394,1668.808504
153.24619,115,1668.949925
1087.078866,460,1669.455192
762.444356,320,1669.828889
567.178929,235,1692.456451
60.104763,72,1692.547492
60.013634,72,1692.639626
55.858935,70,1692.73006
58.796156,76,1692.826985
406.398941,250,1693.133599
151.124345,117,1693.305631
334.502306,203,1693.574899
903.16293,375,1694.051121
120.667492,97,1694.179698
903.860706,394,1717.446337
902.748078,392,1717.83729
65.967946,75,1717.920561
460.674032,292,1718.212526
718.080813,294,1718.501721
943.804788,424,1718.943198
1089.130363,456,1719.444064
508.23298,217,1719.711734
1089.267912,441,1720.254211
1089.762231,446,1720.830952
900.782225,403,1743.763245
760.268854,356,1744.196527
59.126924,68,1744.278933
59.566335,68,1744.367045
940.77515,457,1744.818083
59.856164,69,1744.903358
758.898126,365,1745.294417
900.568103,411,1745.72232
232.705987,188,1745.938216
410.112206,263,1746.238727
902.962541,400,1770.392144
566.404506,244,1770.643761
901.55313,382,1771.094865
759.337087,338,1771.509522
759.828108,341,1771.909561
508.70943,213,1772.156699
567.058577,242,1772.437375
567.128591,238,1772.722743
508.277985,211,1772.981555
292.692131,190,1773.223238
249.191464,177,1796.685483
585.13953,342,1797.060626
150.572354,123,1797.2003
901.563898,415,1797.661066
902.335074,394,1798.093756
760.741515,333,1798.524363
567.050314,237,1798.829344
567.171417,245,1799.14421
1086.506417,462,1799.723376
796.499937,447,1800.278391
396.295955,249,1823.646764
60.502422,64,1823.723905
65.424441,79,1823.82372
506.631415,216,1824.040086
900.479339,405,1824.46821
59.938645,74,1824.556204
759.761704,345,1824.939561
151.472801,119,1825.078682
358.873862,227,1825.343336
507.275943,221,1825.574955
717.231041,311,1846.942647
760.596066,331,1847.305007
506.986738,215,1847.519406
1087.154157,471,1848.015424
903.368988,401,1848.432321
717.46485,305,1848.759011
158.14523,120,1848.904568
760.684606,336,1849.264346
65.132409,74,1849.353945
902.617257,403,1849.786526
61.810114,77,1869.780248
62.452216,66,1869.850774
507.943487,205,1870.050669
717.335771,292,1870.335952
507.386486,201,1870.548328
944.341738,401,1870.948521
718.132592,293,1871.237776
509.163299,205,1871.451799
59.527013,68,1871.532148
946.304771,392,1871.968471
60.021148,68,1891.82968
1087.669708,456,1892.324974
506.311405,213,1892.529455
901.175786,396,1892.927991
902.186019,402,1893.354373
795.870562,441,1893.854886
508.66383,207,1894.058713
899.892972,398,1894.490506
58.452612,64,1894.579052
410.707024,256,1894.867112
1087.545348,459,1914.831746
902.070993,392,1915.228158
568.89674,238,1915.476171
761.102288,329,1915.815601
62.077355,74,1915.897758
506.947291,214,1916.109458
567.856902,237,1916.357178
567.465494,242,1916.607829
760.737719,336,1916.980664
144.197576,112,1917.119048
1087.653556,453,1938.253639
1088.011239,445,1938.739536
58.41078,60,1938.812696
409.81211,254,1939.078561
761.220167,341,1939.429873
716.931594,296,1939.728601
59.458695,62,1939.811957
1087.09491,474,1940.425195
901.515529,401,1940.850763
760.879131,328,1941.211878
61.182443,77,1964.27884
716.761103,302,1964.585728
1087.007842,483,1965.206098
900.268452,393,1965.70235
408.777497,262,1965.992147
900.06993,395,1966.414498
900.251171,384,1966.820341
62.345566,70,1966.906935
759.394066,338,1967.286192
900.175617,391,1967.689696
761.985774,316,1989.175403
761.205368,326,1989.499363
1086.52573,456,1989.97897
50.925792,59,1990.057658
899.877891,400,1990.467279
292.560141,182,1990.697013
942.40029,415,1991.150506
507.205262,211,1991.367914
762.269831,326,1991.720539
715.780176,308,1992.046729
507.891497,205,2012.218765
568.165009,229,2012.456485
568.00693,241,2012.703082
508.460042,201,2012.912952
1088.94196,438,2013.395334
718.511977,306,2013.709675
717.455125,305,2014.015416
568.572023,237,2014.267179
424.991256,257,2014.562047
58.742786,70,2014.655627
146.181776,110,2034.017711
119.716582,99,2034.126375
759.603455,342,2034.47817
588.390111,328,2034.815525
615.334251,339,2035.169373
508.020182,208,2035.382341
472.926675,282,2035.683401
119.102741,95,2035.813792
717.008928,288,2036.179568
66.913714,74,2036.270221
48.006972,59,2055.628898
408.503022,251,2055.890365
586.810178,331,2056.247377
259.156313,188,2056.425142
1087.785101,480,2056.92666
613.834919,350,2057.312715
901.805081,381,2057.693465
900.383312,405,2058.120731
716.022576,309,2058.442736
1087.367651,485,2058.975619
70.153722,75,2078.556689
415.72312,254,2078.823406
945.678017,403,2079.236692
903.068981,369,2079.600981
67.581196,78,2079.690408
72.225593,75,2079.785941
-16.053749,1,2079.81367
144.300743,113,2079.94796
507.963632,208,2080.156355
508.295088,203,2080.363171
901.416447,388,2099.691318
154.082685,118,2099.823098
760.676001,324,2100.156664
84.172582,84,2100.252684
568.719118,237,2100.476418
901.305594,396,2100.875375
718.573058,301,2101.193426
417.364766,244,2101.464353
760.837293,320,2101.797525
760.887122,330,2102.151002
140.869602,110,2121.639493
71.274437,72,2121.722769
267.881868,187,2121.901976
900.976247,398,2122.27913
-16.043691,1,2122.307418
902.262154,386,2122.675031
569.2236,233,2122.929459
265.592075,188,2123.119771
568.959376,229,2123.365963
943.741833,395,2123.797945
901.952525,388,2143.229324
481.343804,294,2143.531394
64.231632,74,2143.615007
900.595955,383,2143.993476
416.419269,250,2144.272306
295.319758,194,2144.492509
901.665547,376,2144.879886
59.837897,69,2144.96796
795.973779,401,2145.416337
900.347089,394,2145.838044
716.681347,291,2165.201467
417.272868,243,2165.456341
68.774208,74,2165.537881
43.159957,54,2165.598747
508.611024,195,2165.789197
117.827336,106,2165.900111
568.332047,230,2166.127392
569.330559,227,2166.360239
946.244674,407,2166.78894
154.328821,114,2166.931854
569.756992,233,2186.410959
413.154842,251,2186.675106
343.179461,227,2186.90744
1087.100056,484,2187.406737
760.07766,338,2187.759081
1086.892627,480,2188.284578
761.820857,339,2188.650553
68.541112,75,2188.74219
760.972228,331,2189.091437
762.037114,335,2189.457547
1087.221778,487,2208.991722
762.208146,332,2209.329625
718.171795,304,2209.633337
508.45489,212,2209.861139
1088.858449,450,2210.347091
568.517729,231,2210.586653
356.696742,251,2210.852657
143.071119,113,2210.989558
718.803289,295,2211.291097
718.113197,304,2211.605775
568.968612,231,2232.615168
569.708,230,2232.844516
718.422665,308,2233.15708
718.410111,294,2233.468481
1087.391962,487,2234.012078
944.726198,408,2234.44244
-8.04405,1,2234.461684
903.014231,391,2234.875732
346.615521,207,2235.130675
902.703576,369,2235.528469
157.072149,114,2255.661507
902.621374,397,2256.055918
902.673861,387,2256.441605
417.05016,255,2256.705879
509.242181,207,2256.913948
417.595093,256,2257.205276
719.002086,305,2257.504944
66.19235,76,2257.604922
569.882689,237,2257.851537
568.409111,235,2258.094166
154.182743,115,2277.808405
568.948357,221,2278.040446
507.755326,208,2278.232458
417.748941,254,2278.516146
902.495919,377,2278.898449
945.782084,387,2279.32268
717.786359,288,2279.630123
901.714232,386,2280.030058
946.508904,408,2280.488912
718.239316,288,2280.795994
761.76182,319,2300.830747
62.564327,69,2300.908368
901.52513,397,2301.30819
901.882964,394,2301.701382
903.666951,388,2302.10843
1088.370009,459,2302.644578
902.926091,393,2303.066199
901.261189,399,2303.483197
1089.393308,475,2304.045982
902.616842,377,2304.472091
508.259669,199,2324.288448
70.719542,77,2324.387818
506.215006,289,2324.694457
-16.044513,1,2324.721472
448.490674,272,2325.009334
1086.233094,482,2325.53766
69.03117,74,2325.629381
901.552939,401,2326.056139
508.601977,201,2326.270621
417.704284,254,2326.553502
761.804923,322,2346.464395
417.565631,256,2346.735111
1086.692642,490,2347.256328
718.598411,292,2347.557631
717.481235,304,2347.873804
717.108739,313,2348.188921
762.139011,322,2348.537322
761.863047,318,2348.885812
717.428618,301,2349.203257
718.649731,305,2349.520977
270.748591,188,2369.468616
117.716497,109,2369.592579
270.137104,189,2369.778363
568.209085,237,2370.015829
483.144809,278,2370.30098
1090.863068,440,2370.788225
508.272296,206,2371.006173
761.844976,325,2371.368995
508.355136,202,2371.575638
508.320253,203,2371.805964
716.61201,312,2391.749507
718.333833,306,2392.050426
762.556808,334,2392.38802
1088.654317,456,2392.967545
944.252624,422,2393.425746
761.767555,338,2393.786695
902.246054,411,2394.220866
944.82132,401,2394.657606
1087.073189,485,2395.18445
1087.474341,466,2395.702367
508.299794,212,2415.493755
568.323042,231,2415.738052
342.307641,219,2415.97293
901.991768,399,2416.372027
568.149793,231,2416.604577
569.800912,236,2416.854652
901.955126,389,2417.279447
569.58756,233,2417.52223
507.533476,204,2417.739267
-16.034115,1,2417.764401
717.751109,307,2438.045139
416.055523,244,2438.315483
508.730819,205,2438.529848
249.109891,160,2438.710692
1086.687464,488,2439.213632
478.095115,298,2439.524894
903.527156,382,2439.925445
762.327471,330,2440.303727
25.772793,89,2440.407332
761.462767,321,2440.779894
67.746068,75,2460.287341
718.62405,297,2460.588527
901.807843,383,2460.986505
718.060942,287,2461.274972
717.891357,286,2461.586718
903.527386,369,2461.963832
761.059039,330,2462.328429
507.985602,201,2462.547831
762.029594,326,2462.91771
945.901027,406,2463.416583
945.556007,400,2483.298262
761.500891,327,2483.647666
569.190872,234,2483.876599
568.932653,231,2484.118554
763.610295,330,2484.484445
903.138833,381,2484.884666
65.5013,76,2484.976978
66.320851,76,2485.074412
1088.768407,455,2485.57954
903.182908,393,2485.997401
481.836244,302,2506.113272
66.675225,73,2506.200408
1087.829127,484,2506.713149
568.473319,222,2506.940079
1088.733586,462,2507.432945
717.011743,305,2507.762253
146.495054,112,2507.898259
569.457802,232,2508.154565
568.286665,226,2508.399788
902.755721,387,2508.829968
65.149603,78,2528.510409
1087.53706,475,2529.009995
568.797318,238,2529.275806
507.934747,197,2529.472614
760.775816,324,2529.850826
267.928786,187,2530.047807
344.166256,215,2530.283962
717.597738,310,2530.606435
568.537727,237,2530.855021
568.222151,234,2531.108243
507.382408,197,2550.624651
507.911751,195,2550.815152
762.405961,321,2551.145931
69.217971,74,2551.238587
477.863391,293,2551.54861
1089.00159,453,2552.04773
761.569108,325,2552.412083
479.197577,288,2552.721025
719.049567,294,2553.031004
796.488967,429,2553.617247
507.534568,204,2573.299567
-8.047127,1,2573.325526
762.295456,324,2573.665963
296.621186,187,2573.871864
262.099915,186,2574.062706
1089.842791,448,2574.576389
507.391622,199,2574.791164
343.524743,217,2575.038514
568.151056,235,2575.27255
482.324678,293,2575.629519
484.661414,291,2595.389951
903.185473,386,2595.790254
568.378192,236,2596.024009
64.620067,74,2596.11692
762.726515,321,2596.469403
901.138134,399,2596.881411
762.145935,334,2597.247518
145.512586,110,2597.380546
717.24245,290,2597.701048
718.307852,296,2598.02189
62.586286,66,2617.729619
508.174449,208,2617.919801
945.561056,404,2618.345318
64.214271,73,2618.428029
1088.766943,460,2618.917194
902.530992,388,2619.327515
762.270998,334,2619.694027
946.904671,398,2620.144461
718.095568,296,2620.466859
569.577038,242,2620.719724
1087.642876,472,2640.791183
60.943305,69,2640.861143
718.128182,300,2641.192345
567.451047,236,2641.444676
903.712921,377,2641.824395
43.671209,55,2641.91147
944.94077,398,2642.350947
118.579604,97,2642.477099
246.639508,176,2642.663605
101.245308,95,2642.777237
717.905963,294,2662.497278
902.406449,381,2662.874558
484.077312,302,2663.174873
66.820118,73,2663.342674
1089.756788,457,2663.860493
761.735231,324,2664.217607
508.346317,208,2664.435309
-16.041023,1,2664.460527
718.361873,291,2664.768138
569.747268,232,2665.019368
761.827933,325,2684.75904
1090.043005,462,2685.245314
947.257742,391,2685.646283
60.621969,72,2685.740621
569.317901,237,2685.98641
509.552191,201,2686.204069
67.250094,75,2686.288268
1089.599714,475,2686.811624
902.168527,387,2687.224974
1089.731743,445,2687.743173
59.397685,69,2707.33743
100.006746,96,2707.450883
-8.018844,1,2707.474103
615.573866,339,2707.824439
760.658387,315,2708.181173
99.888535,96,2708.284128
761.185552,322,2708.625248
901.522643,383,2709.076225
507.318118,203,2709.285072
902.833696,380,2709.697255
1088.600266,463,2729.749989
56.957346,69,2729.834751
904.857626,364,2730.196567
260.686163,177,2730.38225
-8.006333,1,2730.405535
60.003445,70,2730.487362
945.647679,387,2730.925497
718.704659,289,2731.244311
1091.352641,452,2731.744101
762.293328,312,2732.103093
1091.840247,466,2752.281704
1090.069099,464,2752.778125
762.938312,314,2753.102121
266.851642,192,2753.307632
58.974664,62,2753.386853
615.641745,336,2753.783044
333.591387,202,2754.020242
762.52804,318,2754.376705
507.407384,196,2754.579087
901.696861,382,2755.008862
568.752312,228,2774.885137
567.279695,226,2775.195056
944.774449,398,2775.594606
265.79062,188,2775.794575
1088.316432,452,2776.298002
901.466082,382,2776.694079
901.168765,383,2777.116135
568.724465,229,2777.358507
903.805075,376,2777.757991
568.485724,236,2778.01334
719.031183,284,2797.899767
157.437712,116,2798.037474
946.328303,388,2798.451442
567.591437,234,2798.681039
59.964344,68,2798.767476
569.336372,236,2799.022061
763.109878,314,2799.367721
1090.175022,454,2799.857303
1089.091701,463,2800.396897
1090.262546,440,2800.88811
903.850727,391,2820.694779
-16.045097,1,2820.721578
902.932169,392,2821.101489
719.237489,303,2821.40219
1088.718199,463,2821.918538
946.701662,405,2822.358554
507.628386,209,2822.57663
762.911434,322,2822.924713
946.696844,403,2823.369163
719.120281,307,2823.714611
902.24707,376,2843.56674
762.676897,317,2843.916315
718.139627,288,2844.198365
507.188485,206,2844.415081
243.813915,151,2844.584995
944.817862,388,2845.066823
901.033916,388,2845.467417
568.973515,230,2845.714384
145.978104,108,2845.850754
568.358017,226,2846.097165
947.763619,389,2866.455455
507.891884,200,2866.657614
1088.914038,469,2867.147933
148.001494,109,2867.280699
764.311812,312,2867.643696
1090.39821,448,2868.126506
762.561039,325,2868.49014
763.75255,311,2868.832331
948.1281,388,2869.244057
1091.574445,460,2869.760228
406.888979,247,2889.724909
711.123489,300,2890.025884
946.371282,402,2890.420674
568.174165,237,2890.669808
717.652994,296,2890.976188
569.327158,231,2891.219387
568.805988,239,2891.468208
479.035792,300,2891.800442
269.908927,190,2892.001352
946.855524,415,2892.445265
506.978541,207,2912.076499
763.655056,320,2912.413699
246.225198,150,2912.577484
1089.56536,453,2913.071149
717.63361,297,2913.37202
49.599441,61,2913.481848
717.634289,293,2913.794601
507.362237,208,2914.004922
3.735976,23,2914.050533
1089.617285,458,2914.56957
762.922558,327,2936.050027
1089.552542,437,2936.52868
342.990536,221,2936.772357
1088.988954,458,2937.28853
568.103242,234,2937.543243
463.041874,277,2937.863672
507.946396,205,2938.081113
761.843474,317,2938.433413
506.342766,204,2938.653092
762.233415,327,2939.091183
719.066366,287,2959.458297
49.086467,56,2959.526158
58.644254,64,2959.599753
946.996045,407,2960.067671
507.739986,206,2960.270904
147.049023,108,2960.411831
1087.624242,471,2960.960898
719.843826,293,2961.264526
274.964621,173,2961.474258
58.548586,64,2961.563218
1090.546694,463,2981.916288
508.186112,204,2982.124321
1090.863667,454,2982.636064
59.098962,62,2982.715042
902.754646,382,2983.134716
903.770869,370,2983.531422
416.7599,241,2983.804729
717.78965,300,2984.125628
567.426614,236,2984.384189
946.939332,399,2984.830498
718.42875,291,3004.992794
763.413392,326,3005.336696
267.474407,188,3005.526839
509.166557,194,3005.735525
903.861381,374,3006.13677
903.587256,393,3006.557625
1087.427979,474,3007.104784
944.134173,405,3007.581173
508.763831,199,3007.790232
719.769121,295,3008.122722
762.633995,316,3028.920295
620.458055,331,3029.299907
945.85176,380,3029.724111
763.564579,304,3030.056949
568.813665,227,3030.291625
762.363375,319,3030.638058
507.157451,200,3030.831097
761.485108,321,3031.201465
410.648354,232,3031.488692
507.30813,203,3031.684887
762.011494,333,3051.726516
567.814486,233,3051.955644
946.47624,383,3052.358101
718.651544,286,3052.721585
945.856273,410,3053.172426
902.687522,369,3053.578799
-8.048294,1,3053.595904
762.367733,310,3053.938811
901.340339,379,3054.323332
1090.219304,451,3054.85634
1087.678513,463,3074.71215
-26.980767,300,3075.014807
411.258401,248,3075.277256
26.973309,43,3075.337802
568.977385,222,3075.559592
569.333105,228,3075.809503
507.478015,201,3076.016935
904.201649,373,3076.423212
568.235844,234,3076.681955
467.835316,277,3076.98888
761.593737,327,3096.488425
71.589214,71,3096.57748
506.814275,207,3096.78155
506.891331,204,3096.987309
269.451917,185,3097.171235
410.921958,256,3097.452927
718.858909,287,3097.777006
1089.735382,454,3098.276097
568.94676,235,3098.532167
718.929374,292,3098.838535
763.190185,321,3118.482157
1090.302096,452,3118.97224
146.050557,109,3119.098538
476.46983,283,3119.401427
483.04778,303,3119.741884
61.063482,62,3119.820235
60.179247,62,3119.898515
117.805119,97,3120.016343
903.406991,393,3120.424519
479.483309,285,3120.72706
718.504923,296,3140.649392
903.530795,367,3141.067994
480.226511,298,3141.366326
508.735103,203,3141.56366
1089.967839,455,3142.120734
719.940558,298,3142.425455
462.902066,282,3142.750039
59.2855,59,3142.831298
1090.190174,444,3143.325037
719.242451,289,3143.625942
15.579592,37,3163.112339
568.047868,246,3163.359824
508.013162,202,3163.5602
70.387834,77,3163.650058
49.056821,56,3163.721389
1088.336277,460,3164.211114
903.274462,374,3164.61014
944.620631,402,3165.040835
15.598931,33,3165.094153
718.269157,288,3165.397651
763.278259,329,3185.403717
509.232156,207,3185.605738
902.672672,379,3185.990906
718.16361,286,3186.293707
507.80015,198,3186.509353
248.199061,155,3186.696303
761.196886,321,3187.062769
902.348771,368,3187.449101
69.224127,75,3187.539913
508.491061,204,3187.774724
902.006608,383,3207.679919
717.868987,291,3207.970188
118.247454,105,3208.085346
50.756879,59,3208.155895
508.297747,198,3208.353696
1089.576591,461,3208.852589
945.251408,402,3209.276552
270.533097,190,3209.490446
567.956158,240,3209.744225
296.948485,177,3209.97132
945.36459,396,3229.868011
719.359677,296,3230.156307
507.508097,198,3230.352532
1091.447726,455,3230.853527
718.80012,290,3231.158951
945.361162,400,3231.584828
36.089939,52,3231.660198
480.206173,291,3231.975201
97.319769,89,3232.078638
1090.754005,439,3232.563224
507.452939,205,3252.457139
760.687509,332,3252.796962
901.133697,393,3253.185488
946.077044,389,3253.584899
507.62093,210,3253.80418
214.545798,157,3254.061055
761.592862,331,3254.423867
568.577275,231,3254.666853
718.36445,296,3254.977545
710.382001,320,3255.321055
567.194878,239,3275.219407
902.274616,386,3275.608028
478.262544,298,3275.909203
1090.448471,461,3276.405159
-8.066423,1,3276.432732
568.337084,237,3276.689268
946.055783,391,3277.114174
944.904378,400,3277.54144
482.125411,296,3277.898466
902.363796,383,3278.302816
569.015114,232,3297.786362
717.639701,294,3298.08222
507.300711,202,3298.276592
568.363341,229,3298.518198
1091.610978,447,3299.017437
507.036035,202,3299.229818
763.474209,319,3299.574651
298.814697,192,3299.798989
568.043338,239,3300.050268
945.556652,396,3300.481863
901.927084,381,3320.123408
161.757952,119,3320.257279
70.762305,72,3320.33896
900.715935,380,3320.729201
-8.057797,1,3320.755278
569.177244,234,3321.002136
944.694504,397,3321.426569
946.823696,396,3321.850958
719.179009,290,3322.156017
903.636464,378,3322.547295
762.509888,316,3342.399602
632.127618,347,3342.763553
507.85515,198,3342.968773
902.441706,379,3343.357651
-8.071685,1,3343.381396
1092.872591,442,3343.864191
903.381422,384,3344.338925
1090.442397,456,3344.836085
477.501131,290,3345.15979
719.275133,289,3345.461816
36.230128,52,3365.289992
1090.437158,453,3365.757524
567.079652,239,3366.008104
944.829393,398,3366.415479
567.552236,235,3366.665474
346.217249,211,3366.907528
506.678926,211,3367.146189
902.057839,388,3367.5501
61.098341,67,3367.631572
718.856739,294,3367.939673
903.033375,379,3387.65779
903.208214,383,3388.041897
59.671689,63,3388.123597
944.840752,409,3388.546895
506.60311,199,3388.758299
946.29195,402,3389.194968
718.096639,294,3389.531239
566.957212,235,3389.787511
466.298735,285,3390.097576
902.75894,388,3390.492249
903.662187,379,3410.51602
633.689868,346,3410.864739
569.13604,228,3411.099601
903.70642,373,3411.487015
1089.892261,464,3412.001407
506.242456,211,3412.228937
762.761926,312,3412.574919
506.68554,197,3412.780153
720.267178,283,3413.079959
903.819144,370,3413.486278
567.16619,241,3433.230649
79.981799,89,3433.335821
763.503493,314,3433.676046
761.355221,324,3434.003949
718.528435,299,3434.311194
718.786136,295,3434.628523
903.167945,386,3435.037649
903.60956,379,3435.442919
905.27733,376,3435.832917
762.7338,332,3436.192677
945.418737,395,3456.146867
568.482153,227,3456.372784
946.112248,407,3456.807695
762.353648,330,3457.16378
568.522428,223,3457.404159
944.868226,405,3457.836681
1088.57356,461,3458.34427
568.763648,236,3458.602775
508.010228,203,3458.81931
1089.956656,453,3459.33356
903.810805,375,3479.173025
85.409272,84,3479.270598
1090.462859,466,3479.752702
225.441804,142,3479.914422
719.121418,280,3480.203655
719.303554,302,3480.526667
1090.897174,453,3481.022159
568.872785,228,3481.265914
128.621788,109,3481.392461
568.761162,219,3481.621447
506.520868,204,3501.096165
1089.12716,445,3501.57392
945.305862,399,3501.995842
475.411827,301,3502.339799
96.703769,86,3502.439522
452.729897,280,3502.739472
507.878074,199,3502.951488
1087.55177,468,3503.466359
477.875243,296,3503.783662
506.828886,198,3503.995933
483.67551,290,3523.678343
411.335185,237,3523.93807
568.480729,231,3524.166842
718.485344,288,3524.456353
711.683645,299,3524.768342
568.828774,226,3525.011522
567.28811,224,3525.251011
568.51073,226,3525.493752
507.52282,201,3525.705186
762.808892,322,3526.048416
98.339728,87,3545.602585
718.341856,292,3545.902405
710.425081,298,3546.201845
57.52003,66,3546.282769
508.417345,199,3546.478022
507.956436,201,3546.673371
507.311268,201,3546.883908
475.213683,280,3547.196451
245.069468,159,3547.386516
477.064579,291,3547.715067
569.555779,223,3567.361653
761.599862,324,3567.694507
84.077343,86,3567.808246
903.443674,366,3568.183918
762.261728,315,3568.504503
718.567561,284,3568.803863
720.284263,280,3569.114467
1092.104494,451,3569.647306
762.136408,317,3570.011729
458.766415,275,3570.317162
762.669747,321,3589.866704
36.228737,52,3589.94173
718.561613,288,3590.246722
718.396961,291,3590.532574
946.183957,398,3590.947643
58.424858,62,3591.027257
1088.85973,478,3591.546379
1089.745569,465,3592.071638
903.271154,383,3592.46987
719.446395,295,3592.782195
718.561043,285,3612.411569
1089.939247,450,3612.877558
945.273473,404,3613.317867
567.579807,231,3613.553435
902.973063,368,3613.950919
719.21309,295,3614.268234
1092.156411,449,3614.783689
569.03601,232,3615.055482
567.327599,241,3615.308728
1089.244839,470,3615.914313
502.698453,287,3635.659049
1088.376157,476,3636.160094
-16.036896,1,3636.183656
945.308119,414,3636.603937
1089.16973,457,3637.106855
505.667663,207,3637.325662
761.647466,324,3637.686704
507.742706,200,3637.906962
1090.68881,458,3638.429738
945.782198,413,3638.873017
261.875629,177,3658.419308
1090.021987,464,3658.911372
40.925678,54,3658.982873
945.080138,414,3659.409306
945.785676,398,3659.847555
1088.998209,465,3660.373911
567.1507,233,3660.626334
1088.715811,450,3661.135461
719.668537,286,3661.434433
762.104188,326,3661.787791
59.680812,67,3681.336982
711.06913,302,3681.6431
567.539188,228,3681.869465
710.735391,296,3682.181834
717.084028,294,3682.48188
903.263476,379,3682.892154
507.007068,200,3683.101055
568.605623,231,3683.400823
945.984439,400,3683.83065
762.821905,323,3684.207335
505.806881,201,3703.912571
762.838248,321,3704.25331
1088.86617,465,3704.741376
567.913387,228,3704.980015
153.616537,116,3705.110113
-8.019027,1,3705.141267
478.025575,303,3705.464464
59.306597,60,3705.546815
52.325622,55,3705.615555
506.823273,195,3705.826941
506.863088,196,3725.596579
60.074221,61,3725.67813
-16.008179,1,3725.701947
630.768172,344,3726.05258
632.355245,355,3726.427897
507.364271,209,3726.634379
947.147551,391,3727.063381
60.297831,64,3727.154235
506.5901,209,3727.376415
945.558097,392,3727.807112
71.170848,72,3747.32124
902.957153,380,3747.696411
457.890813,281,3747.986744
569.029852,227,3748.209074
718.874231,286,3748.492076
409.938252,247,3748.763578
719.588165,283,3749.066832
67.944118,73,3749.157648
946.284429,404,3749.612058
569.42763,230,3749.874917
902.799362,392,3769.702832
60.003533,64,3769.793431
945.405798,410,3770.218377
718.364009,292,3770.517982
761.069795,321,3770.931057
762.026719,313,3771.266304
507.739921,208,3771.484494
763.19467,311,3771.840859
904.091184,364,3772.217297
903.769389,383,3772.650654
761.83452,322,3792.400752
568.680304,227,3792.623152
567.259046,231,3792.883085
902.133062,388,3793.272851
445.86047,272,3793.576911
1090.432131,463,3794.086177
481.042335,297,3794.4149
250.206958,167,3794.601006
567.188791,225,3794.836624
567.484701,224,3795.080143
63.849819,73,3814.670378
762.168691,321,3814.997208
1089.198306,451,3815.482942
1088.599915,467,3816.000718
761.265472,335,3816.364388
717.275725,300,3816.672773
944.607452,408,3817.115834
95.028029,102,3817.23426
60.641324,70,3817.325251
716.784739,298,3817.635018
507.118416,202,3837.463094
70.326867,78,3837.552541
761.358991,325,3837.897779
59.741927,69,3837.983066
56.512846,67,3838.062195
708.618291,299,3838.36939
474.788491,295,3838.685124
70.456831,74,3838.78239
903.100605,373,3839.181508
717.920474,294,3839.496531
902.8092,383,3859.387955
60.784849,68,3859.478059
444.207435,278,3859.767902
567.708816,230,3859.998802
719.798037,283,3860.28707
452.87189,266,3860.568247
70.050345,78,3860.662216
763.483295,315,3861.017127
56.222965,73,3861.10579
1090.145783,453,3861.682873
1089.472356,465,3881.641026
71.364437,81,3881.733125
945.892864,403,3882.132331
718.882159,295,3882.448125
506.839459,207,3882.660041
43.541311,58,3882.734978
-5.939795,10,3882.765142
566.714053,227,3883.007091
945.077195,406,3883.44586
472.875221,291,3883.76388
708.656459,306,3903.481646
717.712158,298,3903.774179
761.88004,324,3904.104527
506.769704,201,3904.302227
712.381946,302,3904.650748
566.950298,235,3904.929272
449.476322,277,3905.225379
42.283865,59,3905.301156
946.062148,403,3905.76699
903.349279,373,3906.178515
-16.023022,1,3925.904724
67.132508,73,3925.993693
1090.305624,462,3926.478168
719.076697,296,3926.769479
-16.024786,1,3926.794682
507.460835,208,3927.000923
944.527851,409,3927.44807
567.283224,239,3927.698092
507.666098,204,3927.911634
487.868868,306,3928.253406
1091.340069,464,3948.159509
946.856343,393,3948.561259
904.135426,367,3948.927439
1090.773008,451,3949.484918
60.774618,67,3949.570987
946.053238,412,3950.014537
719.169031,286,3950.31314
569.139338,227,3950.560817
567.711208,228,3950.802459
761.662854,324,3951.193144
946.123715,395,3971.110117
507.217833,204,3971.339345
-16.040319,1,3971.366819
718.364397,294,3971.649352
902.577395,376,3972.044079
506.575225,197,3972.250426
1089.993907,461,3972.768436
720.078424,288,3973.069769
507.763146,199,3973.275786
718.609483,289,3973.584053
902.472231,381,3993.157837
944.929644,391,3993.558797
568.288729,228,3993.7937
762.290299,312,3994.126791
505.977868,208,3994.345833
718.430126,286,3994.656338
99.030276,94,3994.769591
567.929807,225,3995.009332
491.125022,301,3995.336934
57.75985,74,3995.431635
568.036905,222,4014.866125
505.836074,201,4015.066148
717.405855,302,4015.368224
70.753446,74,4015.45774
946.232372,389,4015.861246
719.215869,292,4016.169127
567.987506,229,4016.412556
902.610845,390,4016.833395
567.312705,232,4017.075397
902.005625,378,4017.499145
946.071462,405,4037.180684
71.520827,72,4037.26763
67.608994,73,4037.35761
946.556873,410,4037.846848
1091.583135,459,4038.366212
568.468166,229,4038.607065
567.068717,232,4038.863209
762.571611,310,4039.198536
383.024906,264,4039.481754
762.168484,314,4039.823451
905.058829,374,4059.448505
568.40081,226,4059.690111
763.697866,310,4060.014565
66.3488,80,4060.107784
58.988474,67,4060.183221
71.633871,77,4060.274242
762.863568,313,4060.62574
711.658377,298,4060.952818
508.124051,193,4061.170665
720.625347,294,4061.478304
58.462762,61,4080.841488
315.891768,195,4081.053231
720.098774,286,4081.343752
719.080782,297,4081.634482
719.141786,295,4081.932653
567.250048,228,4082.172247
902.472977,381,4082.583805
-16.021366,1,4082.611514
718.716035,287,4082.923978
215.112591,146,4083.101029
60.19247,63,4102.61415
491.389927,299,4102.916879
945.421789,410,4103.34628
762.966031,311,4103.671491
718.395056,293,4103.982598
762.353496,316,4104.333079
762.212316,322,4104.68509
61.540188,64,4104.764556
903.934364,373,4105.160266
484.443724,297,4105.480767
1091.293206,447,4125.324039
71.618642,73,4125.412772
1090.335006,466,4125.88712
905.297912,365,4126.336504
763.001134,320,4126.6874
762.129974,321,4127.03476
1089.146721,469,4127.561887
508.246889,193,4127.752427
1090.480471,468,4128.278332
719.271358,295,4128.592578
508.136882,197,4148.224241
903.722127,377,4148.607502
3.762509,29,4148.65737
470.13377,288,4148.957297
763.079052,317,4149.292703
526.196417,302,4149.631608
761.882017,322,4149.988365
904.752543,374,4150.369925
947.725504,410,4150.821043
1089.513829,476,4151.345794
763.181102,318,4171.209532
617.303497,356,4171.590483
763.778423,309,4171.910142
711.521596,304,4172.265932
454.043249,275,4172.570283
904.446718,384,4172.976645
507.113453,206,4173.182982
36.184245,52,4173.262418
719.736721,292,4173.56314
902.285581,387,4173.971446
902.88648,382,4193.86307
1089.991706,472,4194.362685
901.053613,389,4194.762154
361.49655,233,4195.005561
903.175665,384,4195.440009
378.531308,263,4195.716487
901.584472,379,4196.110411
1089.467271,464,4196.646576
70.495377,76,4196.738825
762.190336,326,4197.090491
568.705447,227,4216.811779
435.288281,258,4217.09169
902.836588,372,4217.475529
568.040681,222,4217.700578
-8.016384,1,4217.725002
488.491897,305,4218.057621
506.398996,202,4218.268068
1088.877268,472,4218.859175
718.580786,292,4219.171205
763.671592,318,4219.525244
712.31539,306,4239.532255
61.335111,67,4239.610577
1091.696623,456,4240.089406
718.31243,292,4240.388744
719.098084,285,4240.702676
567.942659,227,4240.943026
1089.777741,462,4241.466262
763.193763,318,4241.820025
1093.0252,444,4242.305013
507.278387,200,4242.51819
472.582996,275,4262.344333
1089.81542,466,4262.835016
506.434225,196,4263.025863
568.15266,231,4263.270009
569.959001,224,4263.506145
106.934448,105,4263.623774
763.479612,323,4263.976023
1089.441798,470,4264.507258
568.36988,226,4264.746499
-16.038725,1,4264.770064
762.358557,317,4284.46108
36.901754,51,4284.52332
60.197824,67,4284.603706
39.921621,53,4284.667052
508.314547,204,4284.882154
59.621253,68,4284.955056
473.985788,284,4285.252662
483.006583,284,4285.556163
61.977817,63,4285.630901
506.065532,201,4285.848696
56.892298,63,4305.58387
903.716426,378,4305.984464
902.659231,373,4306.359679
108.44815,100,4306.472769
1090.097566,469,4307.011085
483.698481,286,4307.313033
359.837263,208,4307.582987
567.995074,224,4307.824944
526.948301,299,4308.157772
568.347466,231,4308.400711
70.865033,80,4328.007928
903.746781,381,4328.399815
455.528326,268,4328.673608
454.346924,280,4328.970569
424.85082,254,4329.317609
212.545669,150,4329.493917
762.82098,316,4329.836007
451.94934,268,4330.139227
213.417556,154,4330.323882
1089.664245,459,4330.848464
567.708232,224,4350.45322
944.865922,399,4350.862082
718.687393,283,4351.174783
944.589602,410,4351.61405
94.531283,97,4351.725575
568.348712,232,4351.971062
903.459188,378,4352.376682
507.981976,206,4352.601191
567.25476,232,4352.850997
568.488409,223,4353.088349
717.359224,293,4372.726054
567.732613,224,4372.958555
762.317369,327,4373.291876
761.121769,322,4373.645405
718.385466,289,4373.956721
1088.481634,469,4374.492917
711.155346,295,4374.815644
762.594956,320,4375.167593
718.504671,281,4375.458586
-16.04158,1,4375.488872
103.341478,97,4395.347088
464.445272,282,4395.63616
904.155476,376,4396.015649
718.426695,294,4396.320144
1092.693234,440,4396.822378
709.368201,299,4397.15063
259.618326,178,4397.344391
711.039553,292,4397.662212
1092.676795,449,4398.175699
719.162478,299,4398.496549
762.25897,313,4418.387031
719.61732,284,4418.677913
506.395541,207,4418.879936
763.028939,331,4419.219541
762.013493,316,4419.553058
468.785605,281,4419.851874
568.103023,229,4420.112422
470.380326,277,4420.413491
1089.977877,452,4420.900075
718.526514,292,4421.278134
717.818687,290,4440.870145
507.109295,205,4441.066272
68.031067,72,4441.150589
762.036569,312,4441.48931
762.110029,323,4441.846583
1089.387074,449,4442.341431
1089.415962,447,4442.862812
763.267977,319,4443.219641
568.443592,228,4443.476018
410.391258,245,4443.758988
1089.68537,453,4463.771084
567.316309,228,4463.998819
61.780386,73,4464.083385
708.138476,303,4464.393013
567.637845,222,4464.628322
360.520132,237,4464.880206
417.351037,246,4465.164094
900.281191,387,4465.575754
506.852607,198,4465.780588
1089.310718,439,4466.270807
59.671899,65,4485.725341
720.196132,294,4486.014821
762.832064,325,4486.360758
1090.137985,445,4486.844171
947.146015,389,4487.257045
453.489907,273,4487.578397
764.795245,313,4487.913023
1088.796818,458,4488.421108
763.004881,321,4488.770178
249.530664,155,4488.95004
1092.287348,448,4508.943022
945.525442,396,4509.360267
1090.83964,473,4509.921047
1091.822755,450,4510.456859
717.906892,288,4510.783754
762.523998,328,4511.149413
75.506195,87,4511.254604
946.495326,403,4511.710547
473.217343,285,4512.02616
1089.246884,463,4512.592688
408.583111,245,4532.224186
762.258286,327,4532.571271
718.438311,291,4532.856078
717.7663,297,4533.158641
507.589987,197,4533.365136
945.947522,389,4533.795187
718.088737,283,4534.09748
68.822768,81,4534.198983
902.255911,373,4534.58231
408.634393,238,4534.854562
761.859462,322,4554.32562
59.082042,68,4554.415452
902.30829,381,4554.786404
761.846564,313,4555.119772
1091.331519,466,4555.626041
249.273855,169,4555.815228
568.595208,232,4556.051177
720.321022,283,4556.352372
717.556907,295,4556.662459
455.028793,276,4556.960734
903.653896,387,4576.767263
948.075567,388,4577.162259
567.443709,229,4577.408204
763.407371,316,4577.741095
763.602635,314,4578.08498
506.746996,199,4578.293506
714.104265,302,4578.618761
232.085539,173,4578.81098
719.02914,289,4579.138586
307.499772,193,4579.359051
453.037698,277,4599.093779
718.365388,294,4599.387868
568.859959,232,4599.625319
718.13285,290,4599.918611
-8.038488,1,4599.941505
452.729573,278,4600.242065
761.370763,319,4600.611744
268.890705,193,4600.812459
611.150607,345,4601.247802
268.183197,191,4601.455135
154.042184,111,4621.164677
1089.354071,455,4621.63439
902.740602,376,4622.004923
479.315603,286,4622.328425
718.209463,294,4622.634113
945.804509,393,4623.069847
762.18241,321,4623.427007
718.145044,295,4623.748265
507.269621,200,4623.96707
568.766947,225,4624.212339
36.426563,53,4643.596445
1091.4697,437,4644.071522
902.206217,378,4644.448254
568.696059,232,4644.677795
903.323234,373,4645.066386
1090.31457,453,4645.574351
567.818329,232,4645.822396
1091.415223,442,4646.319216
506.353254,210,4646.537369
506.822355,200,4646.747199
567.704012,232,4666.608691
507.708284,197,4666.804983
568.173157,237,4667.038143
129.896781,118,4667.162337
762.738678,322,4667.500449
1089.847626,447,4667.993088
455.994395,283,4668.307521
762.470277,327,4668.672384
137.457983,105,4668.800722
569.401347,225,4669.039911
761.541869,318,4688.69787
761.993264,335,4689.058106
342.379605,219,4689.280809
566.978082,239,4689.523217
75.70623,77,4689.613864
761.715997,317,4689.962116
717.7053,306,4690.279663
96.981062,94,4690.394894
718.362971,300,4690.706249
1088.891568,463,4691.21279
946.087052,392,4711.211878
48.48411,57,4711.283685
569.325765,224,4711.520397
762.422854,318,4711.849027
944.750889,402,4712.281115
719.977796,286,4712.595588
508.265821,213,4712.814292
508.307414,204,4713.036292
719.858866,296,4713.34912
947.056212,389,4713.780126
