#{"t_start": 1778018210.9750834, "env_id": "None"}
r,l,t
4.800204,289,3.560058
1.954241,115,4.656697
-6.542327,112,5.639099
4.273519,407,9.763911
-8.088191,57,10.33529
-14.454023,698,16.922865
-5.614953,442,20.623663
-3.531527,88,21.351787
-5.839168,476,30.362311
-11.388711,378,33.592618
-21.553894,369,36.4282
-4.841332,16,36.57282
2.535108,38,36.873816
-9.40027,463,41.493997
-23.722705,741,48.073571
-16.048551,1,48.110933
-24.546413,626,58.301263
-36.246634,492,62.684366
-95.107281,1200,74.400521
-80.911639,1500,89.927525
-50.635704,600,94.494228
-43.360888,600,99.690876
-41.599902,600,108.632582
-20.766809,300,111.080859
-88.216569,1500,124.383408
-21.551527,600,133.878877
-24.934576,300,136.875679
-75.82271,900,144.106435
-67.773869,1500,163.172394
-4.913219,204,165.300494
-64.821541,900,173.058932
-17.855545,329,175.971834
-12.439159,277,178.348975
-37.934049,486,188.464182
-84.087918,1500,202.366533
-55.879966,600,207.089082
-21.466585,600,218.183515
-13.860858,394,222.329618
-8.130291,900,230.495199
-17.119223,830,237.867211
31.724375,900,251.807206
13.935358,452,256.523453
16.715282,157,257.875854
9.382982,900,265.370406
-32.174637,600,274.135306
18.236193,161,275.456689
2.688478,59,275.988281
45.571463,147,277.320003
17.758478,71,277.998477
-6.466742,23,278.232709
-41.45717,600,284.091783
-6.278592,63,284.826641
16.571599,183,286.88526
-3.527003,24,287.167814
12.240618,120,288.223621
-31.545019,577,293.413534
8.063528,346,299.771239
4.486163,213,301.527243
1.457803,269,303.749606
9.233902,39,304.082942
0.481522,127,305.129134
46.720913,482,308.92709
20.760716,293,311.330108
3.147246,900,321.087451
16.748429,105,321.953363
0.89351,600,326.923805
1.435879,600,331.587272
15.174277,264,333.691653
19.757829,126,334.707503
13.375615,600,339.427959
15.779593,182,343.653292
46.535394,255,345.640595
30.34259,131,346.703935
10.660447,108,347.597808
50.124009,204,349.235796
52.801674,197,350.804245
32.109823,259,353.129512
59.920341,249,355.075808
50.113635,491,358.942086
14.880231,102,359.767706
14.135204,88,360.480639
26.858239,86,361.184441
-0.361672,900,369.934681
4.482426,412,373.158827
58.826236,542,377.36831
30.829781,161,378.664613
20.763299,119,379.590848
68.542622,357,382.52044
48.645909,208,384.327578
13.341035,51,386.232378
34.671341,171,387.819491
18.754217,600,393.184719
69.52111,257,395.349308
38.56183,235,397.284219
36.333162,216,399.068382
77.530767,357,401.99174
40.808453,143,403.150627
73.311476,273,405.456059
14.051158,43,405.873037
73.514251,281,411.380623
76.534253,232,413.318495
84.1096,164,414.626447
16.010492,600,419.543735
74.076349,260,421.618286
92.032936,157,422.874127
51.510928,141,424.035973
-43.785978,575,428.551569
75.413953,204,430.32324
26.73655,79,435.921868
48.48447,254,437.987944
53.936241,600,442.958988
43.561751,243,445.033963
77.975165,190,446.667547
203.514856,365,449.624064
45.054064,115,450.510988
45.11779,113,451.497379
52.86469,600,456.298518
45.51765,99,460.826515
45.431851,600,465.609587
227.361201,347,468.359885
227.780563,340,471.073436
50.269715,201,472.722472
13.946473,62,473.265492
-151.175677,275,475.475886
40.563627,600,484.445127
99.867465,152,485.671721
68.306823,470,489.612962
45.073889,102,490.457833
13.746111,59,490.975009
3.032301,32,491.280273
201.94656,301,493.752782
23.495933,88,494.438403
46.235151,600,499.212506
14.52114,59,499.730044
195.216723,296,502.174181
202.51608,288,504.556745
45.585941,110,506.822695
142.828836,600,511.92823
203.852979,279,514.33162
111.864055,161,515.690404
14.99281,45,516.056087
45.150344,104,516.973843
14.117053,53,517.486515
101.103022,189,519.073963
48.253799,113,520.024068
174.052493,239,522.027459
206.353873,348,524.891078
206.714197,302,529.31036
68.970655,140,530.4304
24.165025,75,531.208905
45.454851,104,532.091355
195.908741,287,534.482043
104.765679,142,535.713105
219.479925,368,538.803385
113.832817,209,540.553026
3.031023,38,540.914736
14.656487,70,541.529878
99.646137,199,543.252677
53.438748,127,544.289663
39.148275,600,549.304476
103.329385,171,553.901345
13.207676,600,558.826645
102.940333,151,560.082109
24.026633,91,560.879662
33.17346,124,561.886777
239.276755,300,564.348373
92.234685,269,566.517473
237.975158,310,569.026527
103.877952,161,570.304898
195.712115,267,572.47284
111.149792,169,573.822975
100.491235,161,576.805367
119.562064,235,578.659115
48.451035,105,579.482305
24.833065,79,580.124028
194.851325,292,582.411599
23.163607,767,588.392107
206.361964,309,590.858296
31.43106,111,591.912367
79.286136,147,593.213045
204.135756,256,595.247501
144.097546,301,601.288162
206.236248,297,603.731563
204.317199,251,605.788182
174.09815,241,607.761818
207.231887,285,610.223696
204.501153,248,612.698372
198.101055,233,615.275026
43.919197,74,616.135995
43.328475,75,617.000573
221.099443,259,619.797496
79.348698,133,621.209211
195.386487,239,625.964366
46.85008,81,626.653996
47.155452,76,627.30968
88.235714,126,628.492017
60.151065,117,629.586728
79.096154,133,630.866061
79.849464,132,632.156653
32.241966,108,633.139924
43.026447,81,633.888463
107.319243,142,635.055169
15.207335,49,635.464617
182.731019,231,637.289549
46.389701,84,637.991655
110.036668,302,640.453163
210.529374,265,642.484402
208.603744,236,644.812973
45.604594,95,645.865415
33.097087,100,646.951072
62.998732,121,652.395187
77.204186,195,654.085531
45.479313,88,654.835023
221.282746,240,656.983176
14.582992,62,657.501676
14.489482,58,657.987108
285.380038,378,661.307761
182.642106,211,663.318824
45.637759,81,664.060402
196.965035,209,666.049507
47.206306,70,666.693047
239.388495,244,669.050627
114.663287,220,671.103768
48.157688,89,671.944869
58.762182,106,672.845389
79.724568,123,673.887204
61.67862,103,676.512446
173.981832,212,678.829047
80.005836,112,680.044196
208.158821,241,682.797388
244.228867,261,685.596936
114.638476,151,686.901813
101.541567,193,688.582211
284.85762,326,691.357955
21.659214,56,691.865523
47.364738,71,692.448064
679.163526,625,697.583008
80.869311,122,698.54803
445.105614,428,704.246377
47.200024,69,704.831932
78.766117,114,705.795532
239.097222,222,707.73791
59.56223,98,708.759949
207.142858,232,711.308184
101.534188,189,713.392308
48.945949,85,714.334724
80.921234,117,715.610197
48.959852,85,716.514778
442.965552,438,720.237381
49.242846,81,720.932219
708.304737,471,728.041371
6.966619,552,733.255051
708.818686,443,737.104529
285.817435,241,739.040025
197.018464,176,740.545393
-18.748918,600,746.693253
25.171491,64,747.371795
46.233055,66,747.99468
105.255807,160,749.347563
238.536884,214,754.88764
22.98984,381,757.915927
132.314694,162,759.244847
115.993536,139,760.403376
62.330615,94,761.189342
25.665608,57,761.679488
708.16311,466,766.000012
-16.069975,1,766.038838
274.761483,315,768.908068
708.788661,441,773.149308
108.120321,125,774.328399
264.885178,227,776.885655
709.860144,440,783.297566
115.254289,152,784.662565
710.215145,438,788.624327
264.927353,220,790.52838
104.992537,97,791.386147
103.56247,104,792.251526
122.832361,140,793.401996
25.721304,54,793.833138
286.338122,273,796.037278
560.945136,356,798.882976
67.755638,69,799.449325
100.897479,107,800.345662
76.829974,80,800.972963
123.232751,128,805.977111
245.237793,218,808.015419
80.628937,110,809.169842
106.292522,97,810.179487
286.208633,215,812.011603
101.051575,107,812.89947
310.662063,239,814.971356
109.795563,112,815.933672
288.34553,218,817.932894
289.473126,229,820.155454
116.032783,109,821.165488
106.414505,105,822.16927
65.176254,85,822.95382
60.864925,90,823.792152
263.871644,191,825.630735
288.394477,223,827.634
563.189932,312,831.951019
75.323956,91,832.832572
895.687454,440,837.583481
80.857686,108,838.578918
1074.710786,610,843.858709
1077.297504,592,848.746966
109.74184,117,849.803614
58.118366,92,850.61143
57.787729,101,851.51094
116.483324,119,855.440619
565.008534,286,857.807
47.234443,74,858.41683
1077.264631,596,863.270662
45.565943,81,864.013219
35.252471,66,864.626522
896.840574,432,868.849735
1078.380438,585,874.7331
81.861588,92,875.600852
-16.044556,1,875.628519
712.264039,348,881.619545
228.385545,222,883.689699
566.963749,283,886.385978
48.341208,72,887.081818
119.055241,116,888.155779
116.961269,107,889.037736
58.536705,90,889.765032
497.513812,345,892.534362
712.984599,354,895.693007
238.590945,203,897.894343
109.904529,106,898.992245
1081.69127,554,906.881136
314.433895,208,908.626357
82.303774,98,909.500848
289.574832,227,911.438149
116.731964,120,912.490616
104.648668,111,913.500776
899.109296,434,917.611304
414.491349,294,920.318769
124.784276,127,921.451875
899.706485,430,925.34682
1083.510576,519,934.480573
1081.816567,556,939.368911
152.549689,138,940.532213
223.563658,187,942.113246
1079.956971,538,946.529323
566.709683,290,948.932
900.10239,431,952.371784
47.495324,72,952.944818
714.995341,344,957.926789
198.594437,173,959.763673
715.319736,342,963.512894
357.603372,244,966.166358
568.392971,284,968.629623
289.043874,199,970.453518
239.472352,206,972.029068
716.359518,340,975.081828
714.083399,368,978.400643
715.571273,329,984.56012
568.014318,271,987.011981
567.755515,272,989.612189
47.738545,70,990.3847
315.034301,223,992.718159
1082.519144,545,998.325577
900.736204,446,1002.095737
901.021589,425,1005.585463
465.641536,332,1010.572597
119.052339,121,1011.576599
242.380236,198,1013.153652
239.173949,201,1014.931287
297.090318,216,1016.85055
714.589744,326,1019.776261
98.253507,108,1020.899266
245.611447,192,1022.962546
291.989026,221,1025.359323
212.882717,192,1027.442504
45.619045,73,1028.23584
713.455186,345,1031.523695
899.551332,443,1038.017104
343.841283,258,1040.343107
1080.810679,546,1044.946249
899.351471,456,1048.540932
247.15817,183,1049.961924
56.446948,85,1050.671491
240.420614,180,1052.336518
715.931393,338,1055.858992
567.060832,259,1062.037726
56.970945,90,1062.790066
899.358309,440,1066.528002
430.197302,309,1069.417291
414.182607,294,1072.252109
238.037318,201,1074.152972
-8.067699,1,1074.184867
34.679044,58,1074.750456
1084.29964,502,1079.395178
715.778032,330,1082.431851
219.841221,162,1088.255002
902.026154,427,1092.969789
291.422004,220,1095.075137
897.64362,454,1098.909415
1081.35519,540,1103.525574
715.892295,328,1106.442406
-16.054594,1,1106.475928
898.439814,448,1113.30153
568.370817,258,1115.320541
938.365269,473,1120.253162
898.492999,434,1124.876913
110.125548,102,1125.84962
413.720253,307,1128.52392
939.84505,461,1132.557588
48.280758,71,1133.246599
566.298911,266,1135.723373
56.142589,88,1136.557153
899.495399,435,1143.029096
1081.880916,548,1147.71334
898.146752,449,1152.561504
457.886569,333,1156.138938
264.107543,202,1157.993102
566.93801,289,1160.392803
287.23668,208,1162.090922
567.626247,274,1167.584663
898.689627,437,1171.491981
1081.489521,542,1176.435678
277.653953,206,1178.33633
463.804535,337,1181.697682
713.981386,358,1185.575221
234.385603,192,1187.63526
898.208712,447,1194.382015
757.882731,383,1197.776016
715.35104,331,1200.68581
152.806832,129,1201.71685
715.472051,334,1204.898684
715.392446,340,1207.570003
120.16691,115,1208.465533
758.128659,402,1211.626697
152.111435,139,1213.046493
756.75494,396,1220.887936
899.197705,433,1224.496889
152.398562,132,1225.643467
1081.699545,539,1230.526435
1084.12881,511,1235.216555
758.351049,372,1238.410974
898.532682,428,1245.495211
1082.122499,536,1251.302947
565.750957,260,1253.846737
57.591133,85,1254.599241
567.425216,258,1256.737046
264.513651,189,1258.326686
1081.985105,547,1263.15661
194.487589,157,1264.535032
1080.827363,528,1271.830958
628.881844,397,1275.311298
758.449893,369,1279.259691
-16.046898,1,1279.293959
507.131455,229,1281.815567
758.779712,359,1285.387893
759.461962,362,1288.520948
628.916516,394,1292.101282
1084.489735,506,1299.743923
714.256847,338,1302.580495
757.979333,381,1305.58754
757.457203,372,1309.466909
506.623309,220,1311.791891
567.159432,247,1314.41927
567.529282,254,1316.75313
759.297781,357,1322.904515
58.651341,87,1323.628152
898.722005,446,1327.163228
567.153811,260,1329.653943
58.1327,83,1330.393038
57.761741,84,1331.163496
234.944817,180,1332.809572
566.622187,260,1334.957459
939.051529,470,1339.41369
15.097318,38,1339.827542
453.854065,315,1343.22694
899.872561,420,1350.329974
610.85043,403,1353.793607
897.421776,460,1357.74985
59.025915,83,1358.42798
1084.430549,506,1362.479741
715.41277,341,1365.175066
1085.733502,505,1369.524823
288.718905,204,1374.521357
1082.674017,520,1379.481432
758.378104,356,1382.578749
1083.468197,506,1387.266808
414.828182,282,1389.854068
940.691847,448,1394.020144
715.423867,330,1400.171254
1086.026664,487,1405.260592
344.463625,232,1407.751097
245.295592,195,1409.74826
898.304094,410,1413.158285
896.2852,448,1416.85281
58.098803,86,1417.553801
343.824557,234,1419.396383
291.709796,203,1421.041131
794.363987,451,1427.229337
567.597138,256,1429.478958
342.275076,279,1432.164657
408.427882,274,1434.852124
506.216863,219,1437.097016
941.001501,464,1441.691257
1084.23733,498,1445.9646
793.694733,488,1453.463669
57.742819,85,1454.243471
282.051083,205,1456.086036
492.511701,331,1458.689074
897.857869,436,1462.122201
758.903602,354,1465.808562
899.044998,412,1469.931715
758.605717,377,1476.586116
939.224256,453,1480.328853
717.115457,325,1483.38938
507.17662,220,1485.469243
941.055159,434,1489.456087
59.833841,83,1490.222702
899.742782,419,1494.190908
940.471195,441,1498.872836
58.617643,101,1502.875956
714.671128,326,1505.830747
505.452765,229,1507.865742
473.461405,301,1510.341861
47.884114,61,1510.842999
504.922634,234,1512.721411
758.092253,360,1515.629543
507.180801,232,1517.503388
505.956819,216,1519.222057
217.828494,174,1520.608569
344.689678,229,1522.399875
567.461852,248,1527.252562
714.509219,331,1530.75096
506.907376,222,1533.004653
504.035541,236,1534.962617
1084.666055,492,1539.151292
1084.965491,495,1543.630893
567.067811,258,1546.005569
758.543866,361,1552.074572
899.412209,411,1555.748699
477.900662,312,1558.70028
759.734015,361,1562.585155
717.38609,320,1565.68496
566.695239,269,1567.818149
1082.377826,520,1572.15274
759.931363,329,1577.822763
715.729815,312,1580.444675
153.415968,129,1581.732729
899.003828,432,1585.726387
568.619466,246,1587.998458
431.929927,282,1590.985298
715.805393,329,1594.618025
567.330844,266,1597.520962
758.55059,353,1600.561665
900.746876,400,1606.850693
504.501803,240,1608.871634
471.847547,319,1611.508168
506.425722,236,1613.366632
899.122855,424,1616.709901
717.577948,323,1619.318678
505.804861,228,1621.599994
340.487766,231,1624.040973
717.233473,319,1630.934344
565.901125,258,1633.074396
757.816023,363,1636.253751
150.472345,119,1637.384441
716.567317,320,1640.330134
567.299657,250,1642.731516
758.358058,351,1645.941319
1084.472657,498,1650.479177
758.391849,365,1658.355452
715.886913,329,1661.766032
941.876434,434,1665.326016
716.365349,317,1667.979758
716.598019,316,1670.497928
64.724167,93,1671.24744
505.873965,230,1673.0809
407.965473,277,1675.308459
-8.031877,1,1675.340067
566.952022,254,1677.332018
506.607038,224,1682.186077
900.026527,422,1686.565214
758.443282,353,1690.364335
62.760859,91,1691.32343
758.259155,348,1694.458987
715.763274,322,1697.177365
59.60247,86,1697.91013
759.062771,378,1701.327768
59.173302,100,1702.27567
-8.070408,1,1702.305928
64.646146,87,1703.220524
758.651579,353,1708.565267
898.411552,430,1712.084896
898.212646,421,1715.560517
1084.647627,508,1720.778162
566.155941,252,1723.360565
899.21496,436,1727.062611
1084.502363,497,1735.241971
900.818102,413,1739.050915
1084.143057,496,1743.543786
899.591502,431,1747.602283
449.491237,295,1750.843024
761.144987,326,1754.314893
760.622035,330,1760.391271
1084.7735,498,1764.747956
715.697529,322,1767.360505
1084.624616,536,1771.640978
565.627953,259,1773.681984
715.491001,318,1776.180725
759.272014,348,1779.368334
505.980841,219,1785.41284
1085.014381,512,1790.018808
506.866565,227,1791.970787
475.868475,318,1794.890485
940.089139,453,1798.979462
1083.915804,513,1803.649939
506.484534,230,1805.710552
1084.101625,514,1814.77293
1083.646438,512,1819.803804
1083.851929,530,1824.19737
1083.681348,495,1828.25811
758.828423,356,1831.415847
511.139635,321,1833.929382
758.79368,374,1839.450442
760.449747,333,1843.03992
900.309814,405,1847.392689
759.128528,352,1850.78369
899.891655,417,1854.312829
58.772543,83,1855.024171
944.389676,418,1858.813393
716.332345,313,1864.985517
408.652394,262,1867.153386
506.981196,221,1868.847749
629.720501,364,1871.813985
58.675394,80,1872.687129
119.186643,106,1873.814203
570.94826,366,1877.719484
1084.015615,499,1882.538855
715.6897,324,1885.171572
568.400074,256,1889.772142
14.897776,45,1890.150277
941.512828,424,1894.120437
943.820843,424,1897.882607
610.498324,375,1901.259495
506.816025,215,1903.214471
567.044458,252,1905.897506
567.235128,242,1908.49806
565.858629,245,1911.154804
567.14996,256,1916.825657
566.574814,255,1919.000837
476.453041,317,1921.533324
792.375131,460,1925.186741
290.723417,188,1926.668513
943.26997,431,1930.069298
717.349755,312,1932.488154
900.788482,409,1939.811448
716.397048,313,1943.116516
613.244665,379,1946.411861
506.195934,215,1948.238556
898.262087,427,1952.10402
1083.532644,515,1956.941348
469.860237,311,1959.791415
716.687786,313,1962.449585
566.56606,243,1968.676917
566.763107,245,1971.312405
475.288263,316,1974.666868
899.719278,410,1978.184326
900.514003,396,1981.494069
567.658276,250,1983.487843
567.015205,251,1985.529449
715.212644,326,1988.194766
716.728755,320,1993.959516
293.3745,196,1995.57067
64.137789,86,1996.356442
61.234281,77,1997.207666
566.325541,249,1999.934458
506.6166,214,2002.18601
942.384712,426,2006.560921
1084.321762,478,2010.827294
506.229442,208,2012.776609
715.458881,328,2019.432224
568.475324,240,2021.672642
716.363076,317,2024.230455
474.894621,323,2026.764009
476.668753,322,2029.449463
476.859401,319,2032.815126
1085.8319,493,2037.844517
759.333592,358,2040.833292
1083.222302,502,2047.919564
566.724982,250,2050.246087
760.399095,349,2053.479703
466.486718,329,2056.486753
-8.073295,1,2056.520476
758.841648,349,2059.668397
1083.806164,506,2064.628726
506.482195,214,2066.925534
899.223028,416,2074.104388
145.247909,123,2075.142029
566.518192,244,2077.14813
609.617885,370,2080.202561
714.964664,321,2082.769266
940.126482,443,2086.27624
653.762672,403,2089.475718
899.510195,410,2097.591053
60.938206,87,2098.602446
566.007766,244,2100.970971
505.559174,228,2102.955983
942.531386,422,2106.674179
716.536099,339,2109.838378
507.493315,218,2111.822059
942.164962,416,2115.665447
566.575318,253,2118.017186
1082.319852,510,2124.795023
3.406923,24,2125.063161
61.370138,74,2125.790315
1082.808531,511,2130.798837
898.885459,420,2134.549054
715.920572,326,2137.261941
716.832495,307,2139.830981
899.597737,404,2143.101659
1085.340136,493,2150.582732
941.660451,436,2154.634976
62.767032,78,2155.479305
505.899825,213,2157.781049
899.564019,413,2162.063094
58.429743,84,2162.979069
102.034586,99,2163.955036
942.451442,425,2167.581161
63.660797,81,2168.310208
567.757321,236,2170.330583
899.219308,435,2176.470707
451.255609,301,2178.921194
507.761149,220,2180.649842
478.053089,301,2183.007639
61.845372,81,2183.698617
567.298463,242,2185.747391
-8.040899,1,2185.769136
940.47916,439,2190.52244
1085.186331,489,2195.09415
42.290824,54,2199.184506
-8.085962,1,2199.215208
415.359999,266,2201.57585
506.072569,215,2203.586382
566.711822,241,2205.873545
567.587477,246,2208.162043
941.569686,429,2212.164998
1084.554209,490,2216.697421
898.144923,419,2220.96086
1086.48882,477,2228.257451
507.299073,209,2229.995308
465.529135,322,2232.665758
-8.056227,1,2232.695871
568.571698,249,2234.756274
143.379204,119,2235.674779
868.209591,495,2239.699801
567.781715,253,2241.733475
715.823772,320,2244.212821
759.32442,347,2251.160681
144.441116,120,2252.433934
671.358401,387,2256.723118
759.080688,351,2259.899766
63.144446,74,2260.528851
942.540609,420,2264.119166
1083.76228,500,2268.782501
1085.526372,496,2273.388695
717.700987,318,2278.889895
62.672922,70,2279.438444
941.718922,430,2283.661383
716.678863,327,2287.022328
101.372664,90,2287.976496
943.513424,430,2291.63946
1084.847829,493,2295.776649
898.323417,410,2303.111159
14.858845,45,2303.547937
504.881586,218,2305.592674
717.106741,321,2308.546578
760.760851,334,2311.593638
-16.077302,1,2311.626679
717.339408,309,2314.866139
61.725357,72,2315.655758
67.456433,83,2316.550879
760.22373,335,2320.158461
898.359187,408,2323.89193
898.709631,412,2330.229256
715.029753,318,2332.786274
507.493391,216,2334.547794
1084.319738,494,2338.508269
758.827128,352,2341.303854
613.92748,379,2344.750129
714.008825,312,2348.019906
506.746199,213,2350.297275
571.693388,345,2356.911604
715.740758,316,2359.467057
942.555283,432,2363.565599
470.921785,305,2366.443037
716.754753,317,2369.341624
715.880398,324,2372.25604
760.870987,335,2375.372994
758.432962,350,2384.06607
505.67149,218,2386.123622
899.122222,402,2389.451562
567.732598,244,2391.434211
507.888016,218,2393.333152
506.88956,213,2395.094885
1085.219177,494,2399.261554
58.968427,82,2399.919248
1086.020323,479,2403.832551
897.624518,423,2410.921105
566.239523,247,2413.637387
466.554192,307,2416.801131
901.066327,408,2420.361336
758.601829,349,2423.391665
944.144124,429,2427.269904
475.617819,322,2430.30847
900.783488,400,2437.019073
715.823661,322,2439.983229
339.341509,238,2442.456292
796.034495,446,2447.174531
463.014276,313,2449.800265
901.679141,400,2453.11761
1085.013054,496,2459.699439
899.227083,378,2463.23716
479.831875,314,2466.05384
63.494911,74,2466.758141
899.338524,407,2470.522394
-8.068892,1,2470.555743
65.496066,83,2471.447101
61.396199,73,2472.245682
715.493856,325,2475.746934
943.450558,415,2480.075971
897.157598,420,2487.952243
870.490484,477,2492.048415
869.482969,497,2496.109741
759.605913,345,2498.809834
899.041443,403,2502.255484
941.883259,423,2506.733064
440.628173,300,2509.932987
566.443352,250,2514.855177
154.070963,124,2515.914848
506.523546,215,2517.820454
760.054957,343,2521.062606
405.45063,264,2523.532203
567.210937,245,2525.792534
941.076526,443,2529.865646
58.764636,74,2530.579327
63.2484,77,2531.305879
760.602886,337,2534.421319
941.150928,443,2542.813406
898.73856,406,2546.368092
507.742174,205,2548.094356
461.272228,304,2550.597084
900.622286,394,2553.826482
65.595458,78,2554.470976
943.094474,434,2558.109916
943.369436,426,2564.534373
60.247243,71,2565.273973
473.891966,305,2568.577762
760.277496,344,2572.228634
97.902811,94,2573.280355
567.275855,237,2575.460779
98.293045,95,2576.230671
567.786831,243,2578.323145
65.273194,72,2578.942222
60.070578,71,2579.531845
1084.85475,496,2584.04263
62.457284,79,2584.787141
59.97773,77,2585.497716
900.86608,403,2592.283468
759.306912,334,2594.908415
567.709014,247,2597.038474
-8.047314,1,2597.073642
716.804082,317,2600.37398
1083.961604,504,2605.624523
568.723977,236,2607.568573
942.339303,426,2611.092725
898.48249,402,2617.330373
898.335073,411,2621.085302
717.400628,305,2623.587525
566.820675,234,2625.604005
1085.211553,514,2630.843518
359.476156,226,2633.281721
899.805607,399,2637.441826
566.328508,247,2639.658149
566.813367,238,2644.247826
506.614489,210,2645.931501
760.528424,350,2648.72369
566.332236,250,2650.767419
209.245582,161,2652.004018
759.572182,346,2654.777859
1084.587663,491,2658.784351
-16.081162,1,2658.814176
66.830887,78,2659.634431
71.170905,78,2660.474775
759.283296,337,2663.944659
716.913632,309,2669.885349
144.018818,113,2670.863958
-16.063549,1,2670.894858
942.527275,426,2674.52618
476.607063,305,2677.36317
759.123184,344,2680.651145
715.528463,307,2683.473339
60.902744,75,2684.158059
507.000116,199,2685.962873
98.123648,95,2686.90646
156.2245,124,2687.980051
567.487905,243,2689.99281
568.02215,238,2695.47262
759.386152,337,2699.037085
505.727711,222,2700.94948
717.39274,312,2703.583551
1083.881735,517,2707.816776
567.750712,233,2709.711297
1084.600217,491,2713.685053
1083.95402,509,2721.215342
759.868054,352,2724.733347
56.757828,79,2725.598341
1087.480227,491,2730.731814
1085.391646,484,2734.987419
942.539199,438,2738.993838
760.702832,348,2745.607929
943.089507,405,2748.845753
567.164772,238,2750.767826
901.692295,393,2754.204535
477.029,311,2757.157441
567.108571,242,2759.753036
714.846936,327,2762.849715
505.202312,211,2764.573464
899.226343,404,2770.881373
943.402229,426,2774.832855
145.879152,116,2775.936965
1084.879287,495,2780.439837
760.288208,344,2783.645968
463.681802,308,2786.685232
901.317492,406,2790.683674
716.403505,322,2794.088522
471.972379,334,2800.090658
566.402987,256,2802.166403
567.303952,242,2804.17415
99.582748,91,2804.888741
45.340024,64,2805.438515
899.862221,403,2808.679175
571.358261,329,2811.293314
568.698739,248,2813.229791
506.07553,210,2814.872308
506.479035,212,2816.949152
902.13219,399,2824.500429
464.410888,305,2827.12799
899.568642,401,2830.630062
333.131689,219,2832.658949
566.662826,243,2834.910816
760.724494,347,2838.092802
716.601107,308,2840.946232
715.317113,313,2843.730223
1087.454471,483,2851.697762
568.353069,246,2853.952539
506.472865,210,2855.724041
703.565301,319,2858.311034
1084.134772,491,2862.492087
943.793101,416,2865.806424
416.204204,256,2867.887655
339.771309,229,2872.858169
898.695618,411,2876.54112
1084.294534,502,2881.838442
59.660763,81,2882.713046
57.572611,81,2883.592911
759.733078,339,2886.997611
506.416565,212,2888.752021
567.426972,241,2890.754632
59.521845,76,2891.395735
481.728896,320,2894.262822
437.852875,299,2900.554396
567.38976,234,2902.435019
320.856065,216,2904.139457
63.028609,80,2904.799277
566.690284,243,2906.747008
716.020588,311,2909.379124
943.044703,415,2913.760927
479.702367,307,2917.004713
760.021507,343,2920.073742
715.592209,309,2925.968429
481.519553,318,2928.982866
943.514561,426,2932.919569
567.90021,232,2935.024065
717.973426,308,2937.836272
716.234602,308,2940.668703
567.307407,241,2943.230079
113.404181,94,2944.279847
406.699398,258,2947.041541
944.767646,429,2954.635014
900.402284,423,2958.067526
566.293379,234,2959.984825
567.889337,232,2961.82896
267.483595,189,2963.351835
760.393976,348,2966.165676
267.916323,196,2967.714017
566.357359,240,2969.610809
506.986048,212,2971.414268
584.039359,335,2979.061153
900.486845,424,2983.03162
716.924298,306,2985.62267
898.315076,416,2989.367261
1085.412852,472,2993.862899
717.778398,314,2996.756787
759.229499,340,2999.806413
901.495854,410,3006.997911
1083.850484,501,3012.329674
898.615847,400,3015.746905
898.921567,401,3019.100305
58.791475,70,3019.63109
112.815929,105,3020.465774
899.844921,410,3024.02877
899.067626,418,3031.422436
505.682472,208,3033.362113
492.593154,314,3036.444409
898.434445,412,3040.891108
1085.860185,478,3045.75877
717.394464,316,3048.575428
57.519479,78,3049.252288
943.401302,411,3052.950655
-16.062757,1,3052.996157
507.587907,213,3058.09428
58.532363,67,3058.659844
760.488317,342,3061.355494
567.869494,247,3063.31129
567.00488,251,3065.330766
717.168528,312,3068.114965
759.909004,339,3071.760793
98.133747,101,3072.787348
759.570704,335,3076.289071
758.655239,340,3079.09523
901.329347,389,3085.677597
715.581875,305,3088.396331
473.285648,310,3091.262258
943.629797,425,3095.167327
505.294016,207,3097.02405
900.57474,395,3100.877711
507.094976,212,3103.244301
566.105936,237,3105.777662
99.45856,104,3106.942579
717.141388,308,3112.829054
566.994728,249,3114.868643
757.10908,353,3117.815029
506.01705,220,3119.667179
898.970721,417,3123.096029
64.48708,80,3123.739158
717.239141,325,3126.34427
477.897197,305,3128.732654
943.734494,411,3136.147303
1086.399559,473,3140.859037
758.415559,353,3143.926287
943.120286,417,3147.671029
758.511982,345,3150.975824
759.042425,342,3153.878035
506.395625,207,3155.768046
898.723663,402,3162.540345
66.908464,87,3163.478798
400.439326,251,3166.246025
566.099319,240,3168.766622
-8.060302,1,3168.796683
900.281976,393,3172.593629
59.789221,77,3173.226229
759.832238,345,3176.154929
715.504024,319,3178.850413
900.06052,399,3182.057119
505.581281,214,3183.8796
1083.862096,491,3191.61281
415.850708,255,3193.980282
60.940537,71,3194.77592
716.664762,310,3198.057731
899.988064,404,3202.412355
1085.17317,495,3206.717534
614.029801,347,3209.686306
898.634735,423,3217.048732
467.606008,304,3219.515052
22.782121,99,3220.290645
65.0778,81,3220.938763
900.148927,409,3224.18663
144.791668,113,3225.269575
58.909957,72,3226.073155
344.993205,225,3228.520698
141.399693,116,3229.757937
758.606222,339,3233.455122
454.765998,294,3235.974561
66.869241,82,3236.643304
567.36087,247,3242.232254
467.147569,309,3245.158424
715.704069,311,3248.041906
42.024391,54,3248.555274
715.419104,311,3251.296149
716.260708,311,3253.865436
566.6494,240,3256.025733
716.019352,319,3259.343878
66.513193,81,3260.200347
565.952147,238,3262.729879
567.582384,252,3268.22289
716.418904,312,3270.790885
708.471368,328,3273.488328
897.943831,416,3276.851176
144.358152,111,3277.78659
141.691035,117,3278.732281
757.899377,344,3281.457803
760.620406,335,3284.054564
505.954031,218,3285.839149
481.01721,312,3292.428169
566.836581,247,3295.146652
479.316851,315,3298.07605
943.998789,418,3301.57724
478.238423,309,3304.314748
505.485235,221,3306.396048
506.675149,218,3308.495524
759.594874,338,3311.676568
715.576044,317,3314.510447
505.171025,209,3318.126856
466.213929,300,3320.885621
416.158571,252,3323.638993
69.641313,82,3324.533246
758.624956,346,3328.165301
505.23149,218,3330.041963
1083.433753,506,3334.169139
897.12746,424,3337.537769
567.312896,242,3343.075834
901.115975,389,3346.598502
416.571147,258,3348.994543
64.386442,79,3349.706261
899.438067,406,3353.335098
-4.902742,13,3353.50339
506.912178,213,3355.818605
505.514836,215,3358.065153
-16.051434,1,3358.114673
717.492811,314,3361.124455
759.285678,340,3364.051965
567.795328,236,3366.036458
901.14869,393,3371.834775
761.226606,339,3374.584449
116.058819,104,3375.420198
565.827006,244,3377.334344
566.456026,247,3379.246767
898.812044,395,3382.664004
83.254781,97,3383.592489
897.681655,424,3387.816615
568.23987,228,3390.228287
714.458641,315,3395.645333
716.442339,306,3398.35877
565.325657,241,3400.604854
758.992932,340,3403.722953
943.306176,428,3407.620811
623.73512,357,3410.894379
66.385991,89,3411.766551
758.906666,337,3415.01395
-16.079216,1,3415.051007
899.982718,393,3422.715291
1085.457694,472,3426.637558
505.00662,214,3428.408057
280.790321,207,3430.109904
759.716488,343,3432.993839
760.404806,345,3435.752119
472.890698,284,3438.039176
423.386787,258,3440.047653
506.859212,214,3445.298149
759.524193,328,3448.857316
60.076992,65,3449.454809
462.230515,285,3452.03702
900.477178,401,3455.673504
-16.037045,1,3455.764223
900.029379,389,3459.149946
62.242046,73,3459.796167
566.016489,235,3461.974308
507.162048,203,3463.790027
566.914542,242,3466.009937
35.776116,53,3466.518939
70.305292,82,3467.309865
943.289801,421,3473.341594
898.151889,415,3477.089691
899.964792,398,3481.242525
506.130436,217,3483.382331
566.829232,245,3485.453101
1084.764929,495,3489.610033
505.881216,219,3491.387095
1084.315423,504,3498.938274
493.083788,300,3501.637828
-8.054388,1,3501.671208
568.596566,239,3503.800903
507.783029,216,3505.744264
456.209608,286,3508.682594
409.409214,262,3511.465308
507.068814,211,3513.818966
579.505429,342,3516.94138
87.305312,84,3517.595762
717.357399,306,3523.105234
717.224747,310,3525.591543
716.76177,300,3527.965945
466.228027,306,3530.499552
759.559387,326,3533.162641
760.353071,328,3535.759951
1084.683823,491,3540.4465
943.288709,420,3548.064379
900.993949,389,3551.239539
566.463513,240,3553.336344
34.093845,64,3553.96812
67.036281,78,3554.686761
505.800982,216,3556.703344
60.446488,72,3557.368373
141.24418,113,3558.425987
944.977237,415,3562.249313
459.028041,307,3565.050402
716.140995,307,3567.879521
48.99028,67,3568.541074
466.638934,304,3575.489511
760.33209,331,3579.114423
901.029852,400,3582.431909
614.770423,371,3585.432496
717.39679,299,3587.790341
566.175172,236,3589.704222
717.099984,322,3592.250207
613.472491,361,3598.253255
67.494492,83,3599.006214
505.475438,214,3601.043961
716.215832,301,3604.262103
25.496829,58,3604.889857
567.775613,243,3607.505162
505.876098,215,3609.797067
115.528765,105,3610.659775
70.255279,79,3611.322296
715.239051,298,3613.823518
566.99936,255,3615.886394
899.425596,410,3619.394809
565.228804,251,3624.724468
-16.042137,1,3624.762575
567.59482,238,3626.664231
57.990476,83,3627.36669
266.903559,193,3628.872526
760.895921,333,3631.472003
69.972857,80,3632.270221
631.232401,372,3636.249512
58.21241,69,3636.955287
758.557351,340,3640.582348
507.012019,208,3642.353836
900.174986,397,3645.664292
943.417666,420,3653.049548
566.317696,247,3655.371748
759.017385,339,3658.464237
943.439832,431,3662.388177
70.502067,82,3663.130313
1085.048921,482,3668.194948
760.609405,340,3671.921402
228.098733,157,3673.444296
707.893451,320,3679.449477
114.548175,110,3680.33068
58.704107,67,3680.888965
716.125311,307,3683.569793
900.242679,425,3687.040432
900.189296,417,3690.308135
760.272185,336,3693.023709
566.337399,231,3695.05617
716.901477,303,3698.356185
1084.506495,500,3706.835959
716.99672,306,3709.405509
899.26876,421,3713.206161
759.554372,345,3716.325628
289.587508,182,3717.801599
506.51381,201,3719.681648
505.069061,208,3721.518667
759.652952,333,3724.564631
479.245946,302,3731.157714
760.853185,334,3734.701399
-8.012879,1,3734.736089
565.992219,243,3736.887461
505.591958,212,3738.636296
19.836539,99,3739.512296
566.796124,244,3741.488797
944.439381,433,3745.017102
760.702279,336,3747.743484
69.960487,79,3748.510035
565.657992,245,3750.549145
716.996897,318,3756.296713
193.161446,149,3757.799353
900.105867,396,3762.079126
70.895087,80,3762.932492
506.033485,212,3765.224108
1085.994082,464,3769.465633
716.09569,312,3772.114893
797.371232,458,3776.318303
1084.985475,489,3783.396703
715.626823,312,3785.825762
469.860198,301,3788.218319
758.792163,335,3791.68374
15.621314,100,3792.717811
566.15494,251,3795.383373
58.822059,78,3796.212578
1088.561256,466,3800.372375
761.252263,336,3803.119593
1085.472465,474,3809.925744
345.636959,224,3811.979579
248.569415,171,3813.576551
145.777362,120,3814.607381
60.917188,83,3815.285343
900.968128,399,3818.705556
82.146549,97,3819.601057
3.479029,27,3819.881517
716.241282,323,3823.352782
60.400138,64,3824.040025
505.494836,207,3826.262859
566.15959,252,3828.978162
-8.057035,1,3829.00231
1084.341625,483,3836.390567
759.979903,334,3839.101842
505.999004,201,3840.756704
567.814266,231,3842.602021
1084.36514,499,3846.636873
504.815686,210,3848.298012
1085.96799,486,3852.696335
-7.995463,1,3852.731089
505.800301,218,3858.914811
943.674841,427,3862.800286
759.627392,348,3865.775005
50.407828,60,3866.373769
759.195303,342,3869.564601
1086.051223,474,3874.126548
1083.481438,496,3878.64295
899.167998,411,3886.524794
611.146116,360,3890.395032
716.157186,328,3893.540127
156.99984,126,3894.611516
900.405964,403,3897.916513
759.267097,335,3900.698519
398.172091,246,3902.744231
506.075146,211,3904.513491
516.900888,314,3907.02586
505.818367,205,3912.224972
900.227147,399,3915.584014
506.01617,205,3917.651447
565.705388,247,3920.334384
348.414618,234,3922.861347
289.298973,189,3924.44657
791.658405,441,3928.157776
717.455447,319,3931.104036
718.20574,302,3933.965226
899.330377,417,3940.951996
407.754132,267,3943.0633
716.385668,310,3945.694304
717.219189,302,3948.45825
566.784486,245,3951.031261
567.714089,229,3953.493845
942.73338,412,3956.994236
566.59501,253,3959.044808
1085.579742,479,3966.039282
899.866936,401,3969.76913
37.767258,64,3970.434387
1085.421741,487,3974.840141
760.762057,342,3978.149878
507.084489,208,3980.336004
708.675609,321,3983.343183
-16.044888,1,3983.376662
1085.393726,484,3990.516608
-8.020555,1,3990.546743
406.266276,265,3992.728519
34.872775,64,3993.289419
4.217851,34,3993.574615
505.681736,220,3995.341797
715.952875,306,3997.843699
1086.432035,482,4001.71733
488.160303,301,4004.170667
759.960662,333,4006.744667
-8.061224,1,4006.775567
14.725968,116,4007.835057
624.416811,363,4013.655665
463.545049,291,4016.308366
1086.39474,463,4020.22629
900.532028,398,4023.652292
898.985245,409,4027.467402
-8.016877,1,4027.498612
759.697433,338,4030.634562
60.535404,81,4031.393309
506.253537,207,4033.307346
901.131608,402,4039.975036
759.581133,348,4043.735574
505.763315,212,4045.882224
462.723609,304,4048.608695
15.00679,43,4048.972245
708.533869,320,4051.626539
409.328935,259,4053.787745
470.71274,294,4056.249058
314.720766,214,4058.105965
504.677453,224,4059.963276
943.130221,416,4067.132283
1086.610391,487,4071.959107
631.104555,358,4075.840344
60.035924,75,4076.706168
15.536769,39,4077.160745
97.963392,93,4078.170794
284.013229,190,4079.870096
761.879212,326,4082.652613
943.68649,426,4086.362073
506.21025,210,4092.099315
15.494225,36,4092.438431
268.893902,194,4094.137619
312.821458,206,4095.840731
62.721788,79,4096.455422
942.826005,429,4099.795408
566.824556,244,4101.727433
114.932933,110,4102.939195
423.769223,253,4105.589685
114.671193,104,4106.715094
716.220443,307,4109.970577
34.603637,51,4110.495501
760.197645,332,4113.292948
3.487129,27,4113.522571
899.826422,395,4119.955742
898.116683,407,4123.784801
710.251023,314,4126.692262
716.975824,315,4129.552463
3.183258,28,4129.816483
898.554963,394,4133.334178
899.033546,416,4137.669936
109.863312,110,4138.85841
273.891462,188,4143.311352
408.270499,259,4145.562678
296.554113,204,4147.142005
464.540155,298,4149.595137
149.943055,123,4150.664665
899.639273,402,4154.051226
759.819819,329,4156.828135
506.344791,211,4158.562494
760.719,338,4161.207235
943.43561,414,4167.200097
58.681898,77,4168.070538
70.14252,82,4169.000301
79.850365,89,4169.98346
760.89894,332,4173.53145
758.799582,339,4176.705266
70.256825,85,4177.498116
716.943813,316,4180.070419
100.667425,96,4180.876955
505.641251,214,4182.845902
568.355783,226,4185.006244
760.050172,334,4188.204582
506.661882,204,4190.116118
-8.049478,1,4190.151887
565.66767,243,4195.052522
760.849525,324,4197.717839
898.962976,394,4201.979575
716.445916,314,4205.368546
294.849769,193,4207.280526
566.333339,244,4209.297492
567.168721,244,4211.349941
1086.265942,474,4215.234756
719.189348,298,4220.275196
900.612725,399,4223.847529
899.323914,380,4227.295255
506.253097,203,4229.133493
567.969468,247,4231.757182
463.429462,294,4234.896148
57.506739,85,4235.843032
1085.190174,479,4240.521899
759.995579,332,4245.738041
59.91684,71,4246.34971
66.04968,88,4247.076312
1084.241105,488,4251.154838
715.674762,315,4253.734752
505.741105,222,4255.519022
58.369607,73,4256.114249
611.306226,366,4259.029497
446.753475,271,4261.493813
902.087857,417,4265.944656
614.002329,360,4272.982221
447.18519,300,4275.572557
632.056909,356,4278.779094
793.839584,449,4282.95039
901.82457,403,4286.720615
899.505639,411,4290.418309
759.050755,349,4297.168766
316.305849,208,4299.358861
899.523518,411,4303.32215
943.345253,421,4306.820508
59.107218,71,4307.40131
899.896518,400,4310.887554
70.242259,79,4311.601866
944.441967,436,4315.387599
567.376464,239,4317.320979
342.877972,224,4321.717155
567.62919,242,4323.944927
505.003228,223,4326.310929
1085.263265,473,4331.434097
1085.022376,488,4335.82752
717.642708,300,4338.378841
432.184371,260,4340.721873
314.736588,210,4342.785237
1084.849196,498,4350.035962
567.693604,244,4351.946036
506.719297,209,4353.578654
796.497771,431,4357.840618
1087.801404,467,4362.862779
716.446096,296,4365.658403
760.513892,342,4368.484241
759.676816,334,4373.98072
717.342385,303,4376.657904
715.160252,314,4379.295326
902.022287,395,4382.817628
506.831364,209,4384.718815
565.31223,247,4387.056705
1085.433518,466,4392.069489
1086.632361,485,4399.560471
567.879568,236,4401.624461
57.966445,63,4402.164863
416.539189,265,4404.389535
758.895357,342,4407.226152
66.023233,90,4407.949539
717.450367,310,4410.564221
715.730413,313,4412.986561
566.415459,247,4414.958161
269.279192,188,4416.44445
676.5584,388,4420.290626
465.296397,300,4426.85597
-8.066524,1,4426.889442
266.310099,190,4428.485205
899.251536,408,4431.957774
759.589749,334,4434.959268
566.544482,235,4437.237041
899.03385,405,4441.049142
759.329256,341,4444.082436
760.478298,332,4446.650782
97.903018,92,4450.427274
899.103073,418,4454.892597
615.0724,373,4458.766117
98.942568,97,4459.573583
700.389088,324,4462.237995
943.539565,428,4465.838401
899.66829,405,4469.171875
900.468883,397,4476.228569
566.632019,244,4478.136795
1086.858573,474,4482.571517
900.101501,402,4486.902665
1086.172106,494,4491.386664
295.664398,188,4493.061345
506.248248,214,4494.866225
899.572653,416,4498.787124
899.730902,417,4506.224974
-8.041627,1,4506.257971
70.147895,76,4507.007113
456.600803,274,4509.158634
471.764609,298,4511.600645
47.947794,60,4512.172346
716.125002,300,4515.220435
99.552465,98,4516.245235
357.564127,238,4518.806441
567.836312,255,4521.239803
899.978198,420,4524.759341
1087.381645,474,4531.522368
900.41812,413,4535.356644
566.453434,238,4537.574494
900.091826,392,4541.112685
1085.881275,498,4545.803424
345.542866,229,4548.160034
96.351041,95,4549.152677
-8.021852,1,4549.186169
900.826353,394,4556.49183
716.723615,315,4559.225137
491.995636,315,4561.966526
567.321504,231,4563.816359
899.676133,407,4567.157598
945.604711,434,4570.665394
1086.527432,488,4574.839843
1085.623728,498,4583.329778
272.716402,182,4584.823684
716.344509,307,4587.503942
304.462591,205,4589.347903
761.475654,346,4592.620617
566.296832,231,4594.792106
227.94219,177,4596.457404
1086.517522,480,4600.864594
409.156657,257,4606.425784
716.924366,306,4609.773335
59.409721,74,4610.4853
466.491276,296,4613.361709
70.148832,83,4614.189919
1087.329728,478,4618.223529
116.392076,102,4619.047705
715.622642,313,4621.63993
59.760718,76,4622.278495
946.790487,396,4625.444051
504.704381,208,4627.079421
1085.392997,502,4634.073331
118.169456,104,4635.018595
-16.032373,1,4635.05403
942.15573,428,4639.489127
156.405348,126,4640.870294
1085.978556,490,4645.688059
1086.057863,471,4649.596883
900.472144,413,4653.309312
901.614626,402,4658.780282
715.979675,324,4661.517063
717.057762,302,4663.879468
505.882512,209,4665.543488
900.028837,398,4669.386357
408.092854,263,4672.07785
506.28037,206,4674.240917
480.430214,309,4677.037452
943.115616,433,4683.551223
717.187537,305,4686.241612
760.929936,333,4689.36288
568.089828,246,4691.633655
70.052289,83,4692.41507
491.046957,320,4695.358205
505.497502,215,4697.319654
64.595273,75,4698.013106
506.111476,199,4699.998301
704.039093,329,4703.539288
717.43126,308,4710.170433
58.058701,71,4710.750251
1086.723123,500,4715.051941
505.26915,213,4716.747054
760.440789,332,4719.382213
58.118752,74,4719.978699
716.868188,313,4722.463585
450.745132,292,4724.803327
60.018366,79,4725.439687
93.514829,100,4726.248575
902.067845,393,4729.327869
759.634779,329,4735.562927
944.227887,406,4739.527122
1086.670901,505,4743.793012
717.946387,310,4746.61329
612.514167,366,4749.961377
445.677961,302,4752.768938
566.538102,241,4754.957226
899.736342,415,4762.19916
408.309987,268,4764.955269
943.449064,433,4769.415051
707.831159,312,4772.067571
65.508941,85,4772.790922
568.209494,241,4774.826917
760.652709,336,4777.524607
1087.626699,482,4784.637151
945.400906,402,4788.14284
506.196465,209,4790.066697
943.853048,425,4794.336969
505.415353,207,4796.557153
760.790203,344,4800.294042
899.365437,407,4803.933639
567.927367,234,4805.912288
900.399125,390,4812.417914
568.590235,231,4814.488811
505.775299,214,4816.123408
760.294513,325,4818.711261
760.862615,326,4821.276985
900.440181,395,4824.86781
717.950256,312,4828.152684
630.098495,361,4831.763613
35.526574,58,4832.244568
102.539916,93,4833.056949
505.480547,213,4838.240775
1087.346903,465,4842.656685
96.596683,89,4843.505987
1085.909166,476,4847.882963
97.893827,92,4848.717087
942.523055,423,4852.546489
1086.728613,482,4857.273478
761.030673,332,4864.377907
760.301491,344,4867.272254
761.163757,332,4870.026238
60.549364,71,4870.616543
1088.086263,471,4874.766738
900.366913,409,4878.083261
715.346616,310,4880.522608
505.60076,218,4882.289425
1085.970168,489,4890.803169
1087.435776,468,4895.623922
27.515757,48,4896.048051
66.864352,83,4896.776947
58.661532,68,4897.378947
943.258173,427,4901.046643
758.967376,346,4904.241327
759.70517,339,4907.300618
415.905392,264,4909.670004
944.09588,431,4916.993718
715.429869,310,4920.190412
506.483233,208,4922.384041
506.608907,216,4924.646037
27.270371,51,4925.147418
59.666503,72,4925.890805
899.910627,407,4929.417853
567.504743,229,4931.34953
760.397322,332,4934.071368
899.665091,406,4937.323283
1086.047375,477,4944.695009
717.254984,297,4947.390078
-16.081842,1,4947.425864
628.686947,368,4951.214961
473.729991,285,4954.290463
901.345416,401,4958.333602
68.591515,84,4959.089916
481.489598,309,4961.715969
505.727384,207,4963.447327
-8.03556,1,4963.479392
944.069412,436,4970.590759
716.275736,297,4972.932642
567.346347,239,4974.763984
944.083863,421,4978.127246
-8.034391,1,4978.162765
59.534791,73,4978.7653
505.563219,220,4980.9688
1086.457421,492,4986.201319
1086.288294,489,4990.708917
568.755161,230,4995.274261
761.263642,334,4998.445302
48.809757,81,4999.196913
1086.684531,496,5003.85604
1087.30141,484,5007.870735
900.052018,407,5011.628505
716.280867,329,5015.234736
717.276728,308,5021.58858
716.724157,322,5024.330839
507.223015,201,5026.001891
717.474582,302,5028.424657
900.887188,399,5031.641
63.732094,77,5032.278953
760.452697,323,5034.831522
506.683614,214,5036.537347
705.692131,323,5039.088957
40.608012,64,5039.611157
901.377499,402,5047.144176
901.021107,399,5051.254513
244.637459,180,5052.798595
-8.057948,1,5052.838631
184.868838,136,5054.009101
943.767052,431,5057.614905
898.491336,426,5061.58571
299.095113,198,5063.403018
94.160741,98,5064.343212
410.511514,261,5066.778131
431.984924,272,5072.390609
506.455427,213,5074.281828
342.49756,228,5076.769208
1087.177994,468,5081.836531
506.402857,216,5083.717862
94.562134,97,5084.504203
95.619707,96,5085.317521
760.849246,329,5088.050479
566.606085,248,5090.068129
758.409722,342,5092.901081
716.532008,315,5098.220209
717.384965,308,5101.091242
58.283417,80,5101.8974
717.472031,313,5104.845976
342.483718,223,5107.007941
630.420294,365,5110.882865
760.728664,338,5114.336626
288.165367,199,5116.110996
566.542452,255,5118.389214
434.92625,300,5123.632346
1086.041904,482,5127.731283
70.474311,80,5128.464212
504.093358,218,5130.138232
-16.041031,1,5130.169308
1087.249035,466,5133.844836
59.32592,72,5134.448026
715.667835,306,5137.233677
899.955576,375,5141.023279
