#{"t_start": 1777998169.765264, "env_id": "None"}
r,l,t
-8.865427,54,2.934675
1.295346,295,4.160146
4.209348,363,7.680335
-9.372764,56,8.307201
-2.122836,167,10.066177
-0.238469,222,12.423286
-2.570358,197,14.499599
-5.567352,344,17.534873
-16.063353,1,17.569397
-2.07396,690,23.091042
-6.342381,299,28.063319
-3.742634,26,28.284117
-14.328967,475,32.045707
-0.068946,74,32.617163
-43.451901,861,39.26134
-80.917216,1298,53.257332
-89.342332,1270,63.264544
-109.049314,1500,77.740587
2.157823,40,78.057299
-44.800255,600,82.746343
-12.227474,279,84.862034
-27.079698,473,88.523198
-88.442913,1200,101.486932
-26.058746,300,103.728047
-47.789631,564,108.028125
-117.830602,1500,123.242255
-48.032879,600,127.825736
-45.79861,549,132.02122
-29.040848,406,135.328692
-17.9754,256,137.358154
-57.515366,569,145.889612
-4.259635,19,146.124186
-0.98248,192,147.617816
-5.656985,29,147.866428
-42.480371,384,150.863961
-54.569504,600,155.70898
4.356515,52,156.164923
-0.10752,33,156.517749
-26.339544,300,158.947422
-2.925727,26,159.18292
-1.677916,134,160.237114
-12.769175,467,168.171332
-3.283641,86,168.852079
-2.049709,33,169.163869
-76.538583,799,175.631226
-39.488944,425,178.890238
2.270084,171,180.277154
-2.731225,21,180.475663
-4.436739,26,180.773808
-4.819059,14,180.900342
-27.424475,300,183.24415
-53.920848,600,189.724148
-65.335318,600,194.688766
-64.664358,600,199.518647
-64.199038,600,204.38579
-63.901029,600,213.197647
-55.292472,600,217.819993
-31.324819,394,220.887214
0.754072,71,221.459426
-52.432904,600,226.14323
24.922172,740,241.19526
19.720334,165,242.421239
21.247936,201,243.98369
-60.553115,909,251.834507
-42.655581,600,256.849929
4.007045,295,259.263169
63.353619,348,269.26528
34.9664,576,273.834826
-6.748904,23,274.038634
-14.600262,600,278.785361
35.100208,280,280.943937
-4.516199,600,285.493504
1.726206,600,297.158607
36.494342,128,298.131218
156.11595,1200,307.520377
37.4909,117,308.46013
-2.497126,295,310.825442
0.930317,87,311.540995
20.541294,79,312.199003
-20.572457,600,325.118018
44.396399,138,326.329229
7.642463,600,331.409598
-8.031961,1,331.444253
-10.715407,92,332.237364
-8.028475,1,332.271474
56.729678,193,333.760436
44.325528,154,334.939498
38.631093,199,336.484689
162.553966,536,340.687114
206.762662,533,352.994365
45.49696,126,353.954767
-11.645961,108,354.797687
76.271825,244,356.625114
101.002563,322,359.086752
45.7982,600,363.544642
33.295872,149,364.773314
192.811757,506,368.70093
53.580597,600,378.477367
171.715611,423,381.755691
36.091984,106,382.554571
75.459285,195,384.017973
50.246634,600,388.648477
44.236018,121,389.585637
197.518106,407,392.60937
172.001812,364,400.671213
6.634345,600,405.379855
39.206836,1500,417.024761
21.113462,76,417.636747
26.639354,75,418.221423
41.367962,96,418.979182
41.37934,98,424.106232
227.850217,592,428.715178
-10.239231,244,430.594897
59.071816,110,431.422738
2.207587,56,431.881353
-50.123474,484,435.96072
89.429601,164,437.245323
52.427566,93,437.949956
49.638651,600,442.70159
209.036003,312,447.850201
57.693077,103,448.69303
41.436185,105,449.509815
-26.566299,418,452.79637
37.495287,156,454.038811
13.468532,45,454.412343
230.107504,369,457.260314
2.704482,46,457.61647
3.442249,37,457.94368
173.779329,558,462.176938
79.101601,171,463.489004
227.97718,347,472.33326
44.470797,122,473.279054
218.794997,280,475.428053
674.941424,1044,483.63602
-8.063174,1,483.668167
72.800398,170,484.942325
115.902482,600,489.717187
-6.391803,19,489.884203
78.967964,151,491.058283
358.271785,900,501.930852
257.71077,340,504.537412
378.525152,538,508.720603
102.320205,203,510.386179
276.331381,340,512.973866
117.637277,600,523.699354
689.942993,703,529.111703
197.460958,900,535.97852
10.241152,128,536.98522
380.454208,510,544.197189
48.297822,107,545.060235
14.47193,65,545.554055
201.635001,260,547.582398
358.709406,512,551.644311
111.683988,188,553.099131
202.060236,253,555.085585
315.852836,428,558.427513
107.248997,183,559.899643
34.988076,213,561.53152
181.62354,285,567.230031
34.004446,97,567.990752
88.918497,107,568.781715
105.187708,140,569.917304
45.563915,75,570.474291
31.692376,116,571.355558
-16.063721,1,571.395378
495.536247,430,574.743273
98.397259,144,575.901645
217.139268,265,577.966393
77.938798,116,578.888484
45.622097,88,579.607257
323.863709,417,582.962651
150.920237,210,584.63177
48.607374,71,585.197504
273.1297,363,591.092182
138.138785,205,592.629086
220.575997,246,594.568902
208.57568,343,597.312298
730.379962,832,603.800235
564.84768,785,612.534483
191.59263,236,614.467408
44.605496,106,615.348427
89.116035,109,616.234063
64.730914,83,616.956177
41.062381,107,617.899371
112.072281,138,619.049314
323.69342,406,622.24614
193.638065,195,623.736641
44.497477,101,624.521287
96.29179,112,625.374245
735.630607,787,631.328316
147.558503,221,636.570655
149.026308,197,638.162166
406.096202,581,642.633018
205.353891,298,644.929407
558.027035,438,648.391493
131.588957,196,649.89563
113.197631,131,650.894531
239.828512,285,653.110913
192.49926,188,657.685547
875.48306,706,663.182102
317.595394,363,665.973236
221.72593,221,667.656695
95.408065,108,668.604408
-8.036415,1,668.63737
739.852242,709,674.196452
409.431722,524,681.529546
603.150711,729,687.138835
339.229167,401,690.382404
281.555432,279,692.590558
1050.179476,999,702.013254
-16.054005,1,702.045196
154.031096,225,703.834438
558.977718,393,706.873539
-3.068981,600,711.45291
704.963205,476,715.212579
335.970759,366,718.032791
76.150638,91,718.753491
220.329398,230,720.529163
75.345148,101,723.802945
194.64571,181,725.190165
320.437712,366,727.966661
702.508396,450,731.492987
105.074244,107,732.334932
236.386695,211,734.030646
74.176208,95,734.791446
128.153602,144,735.887039
604.466216,649,741.203503
71.095374,83,741.864109
74.461698,97,742.675192
128.696605,136,746.042706
71.066511,85,746.710505
203.69533,183,748.15125
139.461689,161,749.437195
282.277987,242,751.33944
338.79551,315,753.77394
1053.96058,933,760.900418
74.620197,88,761.605924
322.934337,308,764.014611
282.196472,273,770.745146
680.883545,758,776.670664
15.494123,164,777.953464
316.303162,305,780.386137
1057.147562,907,787.368315
108.25503,127,788.387089
69.690013,89,792.280895
407.839202,431,795.672202
80.98803,91,796.475581
688.635108,676,801.673013
106.414219,108,802.504675
116.163221,123,803.559239
323.637481,320,806.065059
21.732154,47,806.446102
80.12536,98,807.177017
58.112402,68,807.71243
-8.043203,1,807.741281
883.219614,572,816.518761
239.161199,273,818.656656
746.531045,562,823.098437
282.47529,252,824.985255
80.894033,93,825.721873
363.331027,367,828.548022
241.575768,216,830.241268
318.699576,313,832.646196
93.929074,92,833.387425
408.733663,332,837.35178
81.276965,94,838.104476
102.374279,98,838.898429
98.138012,89,839.657069
222.047789,229,841.481206
73.201611,84,842.119138
26.58677,48,842.516728
53.5433,116,843.428132
885.010317,565,847.88744
184.132392,220,849.572012
93.230778,90,850.323967
1056.044357,879,859.460629
102.067194,95,860.230557
150.392923,163,861.561603
81.930959,93,862.29779
887.01702,520,866.287346
885.160672,540,870.477417
325.596248,282,872.634379
149.816805,147,873.772031
115.672533,117,874.702266
89.075208,91,875.40019
1063.283383,782,886.35584
561.569257,334,889.102742
194.453295,229,890.915473
563.436458,306,893.363467
75.279919,81,893.984712
617.608282,581,898.599972
325.907347,278,900.841681
1067.589437,732,909.167752
707.857365,387,912.279975
63.274155,87,912.964381
258.785136,220,914.78898
43.630049,60,915.256873
751.977867,480,919.031563
58.617497,89,919.707683
49.563046,146,920.902909
112.831112,103,921.703282
45.583641,129,922.75874
54.18217,110,923.579259
708.851171,360,929.366073
-24.69651,120,930.302975
562.979345,308,932.703248
707.263159,387,935.706373
140.343778,151,936.883098
322.320096,267,938.964029
1062.967953,754,944.869028
60.601854,73,945.439968
1069.138877,682,953.113854
891.626439,475,956.813119
563.126282,281,959.063869
1068.568557,711,964.537279
889.255506,514,968.63499
503.943598,245,974.11012
46.547881,62,974.641445
503.199145,278,976.847999
320.380683,258,978.856379
503.663394,264,981.030959
57.385587,90,981.817678
891.58063,452,985.30705
563.654609,292,987.655179
258.067402,225,989.378989
711.757657,352,992.10274
-15.915236,106,992.929266
367.859855,292,998.412315
47.140664,61,998.883111
892.127848,458,1002.47978
405.391852,290,1004.724194
565.73603,284,1006.93
81.796121,108,1007.736451
151.938632,140,1008.855549
59.310249,69,1009.404173
892.918228,439,1012.834758
106.819754,100,1013.621056
1072.017556,653,1022.275739
504.520164,239,1024.099995
152.034608,138,1025.280062
117.997851,119,1026.246211
755.777021,380,1029.180311
259.766967,204,1030.772689
328.111828,282,1032.976148
125.682454,127,1033.957594
412.151028,291,1036.217279
112.956952,103,1037.089074
755.905146,386,1043.405391
114.631634,112,1044.254838
892.287008,473,1047.871345
711.70716,345,1050.535281
289.869805,222,1052.298915
59.991774,91,1052.997798
563.314586,281,1055.192365
1076.344362,593,1059.78187
55.150649,84,1060.434057
894.288286,441,1066.580279
468.936118,363,1069.392805
118.952908,111,1070.243634
58.652748,81,1070.911592
431.517333,302,1073.251815
373.41317,352,1075.965854
565.496786,272,1078.110968
712.23991,341,1080.838538
60.294043,78,1081.465387
66.259645,96,1082.246592
1075.74937,606,1090.329089
712.410165,347,1093.172207
893.762887,458,1096.807669
280.249492,215,1098.489745
709.37519,348,1101.184671
565.306507,273,1103.291625
324.837191,215,1104.968337
755.311188,385,1111.13242
754.894325,403,1114.184022
1074.002518,630,1119.003052
754.682535,413,1122.256117
279.219087,229,1124.060484
711.497626,348,1126.703248
505.672119,248,1128.677029
327.919663,226,1133.242784
371.059555,259,1135.27863
1076.295448,588,1139.855604
371.723359,260,1141.912148
332.529989,250,1144.016895
710.591391,353,1146.874709
244.995624,193,1148.476501
266.118502,201,1150.064222
504.217343,227,1151.968993
504.027246,232,1156.46668
711.652477,339,1159.235711
-4.248439,600,1164.058528
66.821965,87,1164.801876
154.844434,135,1165.837278
413.308947,278,1168.096513
3.396813,512,1172.062646
152.797312,129,1173.128866
504.152737,243,1175.069922
713.446257,332,1179.881327
1076.609541,621,1184.70345
895.575935,446,1188.149152
1078.861014,566,1192.610023
504.57474,237,1194.449037
1076.701466,590,1202.240304
60.14265,93,1202.966039
566.348267,252,1205.003983
1075.797135,586,1209.612076
506.222723,223,1211.306836
317.426472,229,1213.152987
713.61065,319,1215.640362
-23.135455,99,1216.408743
-16.050858,1,1216.449068
53.958127,94,1217.163412
565.480742,267,1219.233539
758.753062,372,1225.618445
1077.759735,585,1230.304019
564.641823,248,1232.333349
896.570217,438,1235.828954
54.506037,92,1236.534004
564.613484,246,1238.435838
894.810186,434,1241.84215
65.293411,94,1242.630942
505.913413,226,1247.435538
405.137108,274,1249.592034
755.963645,375,1252.448576
66.833033,117,1253.395184
895.930312,420,1256.658055
894.659693,420,1259.888128
412.918427,283,1262.042939
755.473541,399,1265.119154
701.518681,469,1271.039618
759.195206,365,1274.008453
504.713131,232,1275.771133
714.105273,335,1278.348514
756.073226,368,1281.407164
566.92637,244,1283.319749
15.26912,35,1283.611647
896.298645,428,1287.043463
505.216243,220,1292.430444
236.664126,177,1293.897744
755.386145,371,1296.944541
186.03198,162,1298.223197
412.801266,285,1300.399456
67.52503,88,1301.089553
897.92706,421,1304.34841
712.361455,322,1306.834859
893.6628,438,1310.188203
712.679781,321,1315.432636
1080.699849,532,1319.499323
757.091768,371,1322.437188
1079.429445,551,1326.76369
713.373794,327,1329.324671
713.308821,322,1331.842034
506.019201,209,1336.571062
141.275722,119,1337.462492
505.936511,216,1339.11767
564.650725,264,1341.358038
895.803484,417,1344.653977
1079.677447,536,1348.822924
565.309229,261,1350.820578
1081.477947,514,1355.024481
505.520335,234,1359.848423
566.044241,238,1361.759135
758.150041,362,1364.645449
566.209319,245,1366.574686
505.103238,223,1368.315108
66.457042,90,1369.049653
712.344344,335,1371.57771
714.322,322,1374.076243
1081.102562,516,1378.075332
714.0826,331,1382.471647
505.758003,224,1384.21315
506.45132,222,1385.936192
293.738544,206,1387.530462
334.434262,225,1389.307211
504.680838,223,1391.020073
1082.18975,503,1395.033544
1081.776158,514,1399.156441
713.957699,327,1404.360542
-16.07428,1,1404.39773
-8.050162,1,1404.430314
58.479583,81,1405.106336
236.992713,176,1406.559982
335.495839,220,1408.398425
669.985338,415,1411.664582
290.138397,192,1413.230417
60.011944,78,1413.864751
59.627342,75,1414.49276
565.198203,250,1416.475725
758.694134,355,1419.380462
143.314332,126,1420.414552
140.456991,119,1421.360482
1081.612448,513,1427.948557
505.624671,225,1429.658061
897.344716,399,1432.770755
715.159542,318,1435.266312
101.968237,93,1436.026664
566.219746,247,1437.871185
506.228239,219,1439.560566
413.57657,275,1441.662561
507.337635,214,1443.270685
82.087112,84,1443.950763
896.752199,403,1449.91927
58.763974,83,1450.576315
505.266001,228,1452.347707
1081.013134,518,1456.367692
712.091821,339,1458.942448
565.22082,251,1460.926714
713.944491,325,1463.393162
1080.43709,530,1469.822317
757.653248,357,1472.558086
506.207586,219,1474.28323
503.796378,226,1476.010878
505.352911,227,1477.774132
1083.649184,509,1481.671344
60.744498,103,1482.49897
288.040292,185,1483.936745
756.488412,359,1486.695979
608.868656,372,1492.602086
896.54987,424,1495.839491
207.888421,161,1497.139996
386.704714,254,1499.082783
170.480652,143,1500.192502
895.773957,424,1503.578917
759.857965,350,1506.291269
896.151084,409,1509.454148
895.834585,399,1515.616024
-16.074752,1,1515.647451
503.876466,213,1517.287413
898.212954,402,1520.390456
476.203313,317,1522.842819
896.996276,399,1525.953378
1082.128195,516,1529.862338
58.15351,107,1530.712305
329.389973,217,1532.357592
565.973158,240,1537.48956
567.116577,233,1539.264532
626.898153,390,1542.247519
414.011927,280,1544.465466
715.175974,296,1546.794967
59.07609,71,1547.327979
155.488011,127,1548.344577
1083.745629,490,1552.155118
507.249532,210,1553.796325
716.025203,310,1558.523573
407.403944,266,1560.55518
506.197489,211,1562.257576
1082.833926,494,1566.074223
1082.770249,493,1569.818566
506.046638,217,1571.505249
1083.126311,506,1575.524342
344.383052,227,1577.270078
899.079936,407,1584.010395
757.720846,356,1586.746551
899.413996,381,1589.702202
714.339652,299,1592.113541
57.966906,78,1592.722172
713.776003,319,1595.143606
757.614274,372,1598.004991
787.051832,470,1604.436619
566.147524,235,1606.241209
758.181456,341,1608.818827
565.574313,236,1610.621828
59.865939,71,1611.189785
505.514416,218,1612.86376
145.000057,119,1613.848389
759.47008,343,1616.49687
1082.753793,500,1620.410051
505.546511,219,1622.13238
413.762186,260,1627.210601
246.011989,177,1628.571287
791.111887,449,1632.066706
1082.567204,506,1636.100319
430.978798,267,1638.231393
141.482371,116,1639.290996
566.407734,249,1641.279613
1084.263644,509,1645.552587
897.694749,391,1652.52218
506.011453,212,1654.255909
141.044302,112,1655.187457
1083.750301,490,1659.25482
232.828665,178,1660.872439
941.615584,414,1664.220309
899.476808,387,1667.250158
1083.789807,491,1673.643494
759.040913,331,1676.695156
506.642121,208,1678.384673
504.181211,220,1680.079539
896.165293,419,1683.326334
1084.165523,498,1687.242869
409.473479,266,1689.427254
566.231818,237,1691.262206
477.448639,301,1696.234612
759.193019,360,1699.035648
758.071419,350,1701.804815
1082.814073,498,1705.822835
757.910268,342,1708.531185
713.81638,305,1710.862837
899.819607,380,1713.847637
714.64817,309,1718.44304
758.8522,335,1721.103048
759.384548,348,1723.80285
431.426952,265,1726.287263
896.871075,401,1729.851525
714.598512,321,1732.474176
897.268885,406,1735.615827
1081.904791,509,1742.970586
506.564599,216,1744.699642
-16.035437,1,1744.733373
506.436673,212,1746.441887
715.45245,299,1748.98604
1084.197106,479,1752.782433
1081.307205,518,1756.915662
1083.731263,484,1760.890288
759.173053,344,1766.313095
714.939262,309,1768.749002
60.298146,77,1769.36143
432.016973,274,1771.479071
714.858504,320,1773.998397
636.850067,378,1776.945448
-3.151223,13,1777.079008
897.48578,415,1780.343603
49.04271,65,1780.908389
59.409532,69,1781.436215
897.421493,398,1787.669331
1084.961916,502,1791.541246
1082.722496,512,1795.570345
444.918329,295,1798.052962
900.608686,382,1801.043764
507.709708,216,1802.694668
284.662766,192,1804.178892
566.593017,243,1806.224533
942.289234,430,1813.111111
1082.486032,504,1817.383258
59.008888,67,1817.902706
1086.120451,496,1821.806767
896.249436,398,1825.087657
209.89681,161,1826.353472
-7.996953,1,1826.399548
759.744082,339,1829.118645
716.099021,325,1835.062218
565.886089,248,1837.036128
565.41198,233,1838.801625
568.054204,241,1840.753767
63.620744,72,1841.304203
759.33367,328,1843.927147
715.980101,305,1846.348227
757.761213,353,1849.088698
1083.031054,482,1852.813846
566.695504,237,1857.408461
34.876057,54,1857.840394
506.800821,213,1859.540782
715.822556,319,1862.098854
715.463098,320,1864.623766
566.164496,229,1866.494541
716.933483,302,1868.905943
1083.18974,500,1873.038914
347.759692,241,1874.890646
714.283688,313,1880.400299
941.100359,412,1883.722385
505.103642,212,1885.436513
507.193173,207,1887.365742
1084.720852,506,1892.001062
943.117861,418,1895.354747
941.29786,417,1898.730255
1083.262111,498,1906.522249
82.16348,87,1907.245118
566.340116,238,1909.166121
713.412385,313,1911.705128
714.724247,313,1914.222082
565.958853,238,1916.100437
940.797457,435,1919.593636
898.257326,391,1922.814177
346.973944,234,1926.76406
759.807197,346,1929.572453
1085.306882,476,1933.440152
505.4866,217,1935.177037
940.330681,441,1938.748891
47.22889,71,1939.431972
1082.525598,510,1943.472331
34.88705,71,1944.096373
423.1034,264,1946.240485
760.40451,347,1952.154326
506.455754,211,1953.900848
898.244496,402,1957.225649
56.029311,70,1957.817851
899.140973,403,1961.080971
474.369586,302,1963.494783
-16.041918,1,1963.530847
1084.066004,487,1967.637689
759.403642,343,1973.461817
940.641827,422,1976.958997
942.795072,431,1980.475183
48.944066,64,1981.013675
714.239292,314,1983.567662
259.17595,188,1985.135173
505.276262,220,1986.978296
143.012858,132,1988.073193
896.806492,399,1991.360479
758.410095,341,1997.762647
715.24752,317,2000.317406
477.234945,310,2002.750135
942.601473,416,2005.98387
1082.826029,516,2010.145148
899.613065,400,2013.244056
897.911308,402,2016.436649
59.583313,70,2016.998589
567.304558,233,2021.077021
566.117994,231,2022.888211
329.429211,214,2024.600116
1083.290018,497,2028.48911
716.450264,308,2030.900821
232.602062,166,2032.237232
506.380737,219,2033.918937
-16.062012,1,2033.952027
942.302699,426,2037.314418
1082.589841,502,2044.525825
66.204157,69,2045.088091
1083.79334,497,2048.996684
566.671261,231,2050.782382
1083.045691,482,2054.522468
142.470742,115,2055.446071
507.272333,203,2057.120339
1082.558018,509,2061.168553
477.380072,312,2067.022414
479.510444,299,2069.370591
63.185531,76,2069.954471
566.019038,246,2071.852858
142.637391,114,2072.780648
942.085074,433,2076.185388
118.843036,98,2077.011929
714.092771,313,2079.429609
504.95727,211,2081.080559
1081.867434,512,2085.305732
939.539049,432,2092.035126
99.984225,95,2092.807444
1082.864462,484,2096.598289
760.63868,324,2099.10472
155.006879,124,2100.177464
898.261118,392,2103.311744
567.026709,231,2105.436019
898.746085,397,2108.848061
566.032279,233,2113.869857
58.861726,68,2114.409994
1084.353578,492,2118.85909
567.325514,235,2120.894429
758.726722,331,2123.560403
-8.045756,1,2123.593585
143.840895,112,2124.485514
465.770882,291,2126.79462
69.791881,78,2127.413891
567.642494,235,2129.217218
506.54071,217,2131.097807
59.542824,72,2131.728789
759.235344,340,2137.909708
898.634308,389,2141.068807
567.774165,232,2142.957936
474.151431,317,2145.493275
566.161284,228,2147.302258
479.662433,314,2149.737271
759.975237,329,2152.249062
567.583613,242,2154.144964
142.838137,114,2154.989652
62.203628,89,2155.669449
1085.486979,475,2163.542667
1083.881319,487,2167.354329
1085.394499,467,2170.960175
479.220585,302,2173.356175
259.085635,182,2174.709323
59.494121,67,2175.222686
1084.878531,498,2179.160511
898.783822,399,2184.498557
566.996288,241,2186.361737
69.01763,82,2187.023633
507.417388,210,2188.679037
476.503539,306,2191.161232
759.009369,335,2194.074324
407.207905,248,2196.085241
-16.032236,1,2196.119234
63.031716,73,2196.743632
715.550387,310,2199.211072
99.733538,97,2200.112856
715.581433,309,2202.767623
414.947514,265,2208.686948
144.280622,116,2209.656146
-16.07276,1,2209.687768
1084.368194,478,2213.428808
60.299884,68,2214.006892
568.313289,238,2215.875802
565.826523,234,2217.723186
568.059058,234,2219.521231
759.46767,334,2222.23095
901.103208,405,2225.38297
715.656953,301,2230.290793
900.432688,400,2233.400517
897.795442,405,2236.593023
505.251468,222,2238.36467
761.410959,340,2240.994674
1084.709951,483,2244.922384
1085.051145,479,2248.648724
899.880813,389,2255.929486
759.807156,339,2258.49881
507.122252,211,2260.12031
716.488614,298,2262.410923
759.931129,340,2264.982474
899.503515,394,2267.942267
567.704121,233,2269.740763
507.491686,207,2271.309038
506.206175,205,2275.295318
759.284224,335,2278.042783
330.954471,227,2279.906149
566.303806,239,2281.747682
1086.335192,479,2285.573104
897.686844,402,2288.732906
715.352553,305,2291.129025
475.847274,309,2293.615122
900.640642,385,2299.936438
714.457722,309,2302.33774
68.478301,90,2303.033879
567.192104,238,2304.942214
566.547571,229,2306.692908
67.152545,75,2307.315494
268.995434,185,2308.760486
505.327129,210,2310.402116
506.311064,211,2312.056888
70.344309,74,2312.63728
940.686459,418,2315.908016
567.021073,224,2320.682041
1083.231596,476,2324.375267
620.924724,370,2327.203483
1083.888346,475,2330.809608
507.642273,212,2332.380161
507.728759,215,2334.041993
568.912118,236,2335.856844
1086.164789,457,2339.342123
898.615319,399,2345.31049
759.52738,332,2347.862619
1085.74877,468,2351.605486
759.269303,341,2354.240141
758.703335,345,2356.90506
759.884596,325,2359.366965
59.312033,71,2359.947617
144.364923,117,2360.867955
942.119941,409,2366.98123
715.736868,300,2369.325021
1083.897605,484,2373.076238
758.263303,337,2375.715564
144.331161,114,2376.6208
568.159059,239,2378.517284
716.269957,309,2380.926913
64.720967,79,2381.539481
70.536848,77,2382.165071
901.344077,383,2387.635164
943.786153,413,2390.803589
716.347261,294,2393.115293
50.798694,59,2393.565008
759.651306,345,2396.260845
505.773294,196,2397.780522
941.793805,417,2401.082792
149.913211,118,2402.01525
49.216243,64,2402.569
759.830487,333,2405.170347
36.976099,50,2405.665812
567.192195,235,2410.265959
760.750051,321,2412.850998
1085.364936,486,2416.68106
506.223048,212,2418.432268
706.533088,314,2420.871663
898.754869,404,2424.113882
345.537739,210,2425.797241
62.403327,72,2426.365241
1085.735315,470,2432.623851
1084.428738,471,2436.285446
478.545432,301,2438.675501
900.675351,385,2441.642935
718.398252,293,2443.922321
506.497049,209,2445.536069
63.333304,82,2446.187802
505.365943,202,2447.829335
45.719985,55,2448.256958
1083.806792,492,2454.384887
476.106749,310,2456.77386
760.156959,332,2459.333867
565.373233,252,2461.311541
144.468759,113,2462.175919
759.928798,341,2464.806401
119.593558,104,2465.61011
901.051579,381,2468.553995
715.607909,303,2470.900065
717.156741,305,2476.404144
1087.718753,484,2480.13432
716.432985,294,2482.46056
898.830559,397,2485.492506
759.278676,335,2488.062459
715.997331,306,2490.453241
900.549737,405,2493.553812
899.385656,392,2499.49477
715.414518,304,2501.841492
-16.066589,1,2501.938334
760.892184,332,2504.491438
898.778531,395,2507.481012
714.460565,303,2509.829844
1085.925991,476,2513.439783
899.665098,382,2516.376471
481.469136,297,2521.616216
567.360827,232,2523.404903
759.295868,326,2525.934711
760.683521,321,2528.392164
943.654448,413,2531.602988
50.670155,62,2532.145227
716.17837,296,2534.441395
944.64519,399,2537.694192
479.482861,312,2543.374905
710.421644,321,2545.904302
942.629311,415,2549.079948
761.95196,321,2551.558611
716.779095,298,2553.856022
1086.079273,474,2557.517637
156.253374,120,2558.419977
567.610737,238,2560.231788
567.072968,229,2561.991076
474.482515,309,2567.136016
897.346766,412,2570.316093
101.175068,95,2571.031096
1086.004642,482,2574.756741
356.273808,223,2576.479661
565.760944,238,2578.309671
81.315924,88,2578.975442
59.837103,76,2579.607344
900.031609,386,2582.544953
715.802688,314,2588.034052
289.081946,182,2589.453028
567.854082,234,2591.295293
67.16137,80,2591.901038
567.621374,233,2593.746007
899.93936,375,2596.644434
716.714506,306,2598.986164
760.019509,324,2601.519246
759.181604,328,2604.126323
58.583507,77,2604.728167
942.191763,417,2611.366653
506.111971,213,2613.070086
760.114858,328,2615.591789
760.87981,318,2618.034042
115.877723,99,2618.840903
69.445294,73,2619.396061
942.502236,422,2622.591069
1086.052897,488,2626.476009
474.937089,298,2628.83081
759.536127,332,2634.649632
1085.739458,486,2638.554405
469.467771,301,2640.851182
47.300823,58,2641.325462
759.031483,333,2643.861274
760.746765,325,2646.355844
565.598841,235,2648.147726
409.526785,255,2650.177487
943.347341,416,2656.702523
715.259677,295,2658.998725
760.73445,324,2661.581244
759.684305,338,2664.18244
116.786408,110,2665.080661
568.461729,230,2666.814361
942.473671,421,2670.011924
760.672898,328,2672.56817
760.336671,323,2674.993426
1088.945613,451,2682.086267
760.277463,325,2684.502726
942.356264,403,2687.577851
900.535389,380,2690.550494
459.155704,286,2692.747809
146.148946,111,2693.592342
116.901562,110,2694.503628
759.791015,323,2696.907586
1086.244907,461,2703.61375
416.634346,247,2705.534346
15.736235,38,2705.848552
567.726414,229,2707.594068
56.332662,81,2708.185409
70.501303,78,2708.802236
567.608268,230,2710.554102
567.815583,237,2712.424126
899.885684,397,2715.365859
1087.674472,469,2718.919341
92.074709,91,2719.60653
463.83121,278,2725.441653
258.998481,195,2726.9382
715.543119,309,2729.272482
566.416165,241,2731.079086
143.663744,111,2731.900352
901.300072,375,2734.724116
506.682633,214,2736.340528
715.36994,308,2738.618734
942.29678,424,2741.804307
46.84018,61,2742.311045
1086.444492,481,2748.655107
507.242799,209,2750.266972
1083.908287,487,2753.876695
900.689926,385,2756.843144
760.039133,318,2759.406799
759.71022,336,2761.904983
900.598384,403,2767.5674
941.706411,417,2770.787141
1085.102529,482,2774.454817
715.879964,306,2776.706914
568.013488,225,2778.427542
759.771906,332,2780.898816
47.14579,64,2781.374515
899.549584,410,2784.434243
566.421482,230,2789.43758
679.39549,382,2792.427076
899.463326,381,2795.306243
66.579438,86,2795.984245
60.098854,71,2796.579318
942.663647,402,2799.633625
57.426083,66,2800.157714
566.781005,233,2801.913365
481.527416,315,2804.332281
566.644289,238,2806.16631
1085.761258,466,2812.469489
1085.885064,452,2815.961345
567.438029,240,2817.794696
347.178164,213,2819.464682
900.566761,410,2822.631595
942.694618,404,2825.738143
942.02637,420,2829.057316
901.216925,389,2835.675825
339.968778,220,2837.460113
567.036198,232,2839.442865
760.029364,340,2842.265979
942.501004,414,2845.713573
1085.99489,484,2849.643074
1084.437381,480,2853.454513
506.458924,210,2858.461563
57.521611,68,2858.974483
944.289113,405,2862.138893
48.076601,65,2862.674524
477.084766,300,2865.089194
64.249821,81,2865.719151
760.377976,329,2868.206019
716.975848,293,2870.414377
566.41739,232,2872.241438
504.467759,218,2873.90426
1085.648425,482,2880.516294
265.86363,187,2881.980854
1084.65238,486,2885.706957
943.011791,420,2889.002255
716.79043,298,2891.301358
899.075396,385,2894.258438
44.420808,68,2894.801636
899.508856,395,2897.843357
-16.07968,1,2897.864208
49.939596,73,2898.44919
1084.027538,473,2905.528837
566.627159,240,2907.370972
464.673394,294,2909.65621
145.910996,111,2910.521595
900.346123,386,2913.472972
46.727169,63,2914.000879
62.443921,74,2914.564431
66.90933,80,2915.200363
899.225218,410,2918.33406
507.169168,202,2919.86648
505.426415,212,2921.508278
567.270926,239,2925.798596
899.305129,405,2928.912283
478.605392,305,2931.220594
760.335047,334,2933.791613
760.957594,329,2936.354169
506.339516,204,2937.94373
47.08936,59,2938.394084
507.049679,210,2939.947392
97.224658,99,2940.775416
945.081725,401,2943.807892
566.782801,231,2948.234915
900.925999,374,2951.105115
507.759221,211,2952.736114
567.236453,234,2954.5327
760.259882,329,2957.076643
57.178078,60,2957.554222
50.35945,65,2958.069844
567.105207,234,2959.841141
943.762555,411,2962.987662
716.199729,303,2965.255836
57.034581,65,2967.86011
760.084927,345,2970.606356
899.877409,401,2973.670439
146.972156,116,2974.581419
1084.965867,463,2978.190325
900.210767,384,2981.180635
58.420167,68,2981.705051
156.38649,122,2982.72018
759.59047,329,2985.748846
794.732275,418,2993.227072
717.223762,305,2995.713152
1084.888915,483,2999.723387
342.712213,224,3001.560431
259.799087,187,3003.116145
716.682463,303,3005.525453
50.520954,62,3006.013032
57.925008,65,3006.575579
95.112948,83,3007.228217
760.471366,322,3009.787512
1085.394291,472,3015.968217
899.46838,392,3019.11779
505.448165,209,3020.74373
715.614601,308,3023.352779
1085.008161,469,3027.09492
900.161324,394,3030.268758
473.174013,320,3032.881364
761.180272,336,3038.584363
505.79364,195,3040.392854
942.600821,409,3043.862227
900.936375,376,3047.228563
1084.858568,463,3051.465026
479.270234,295,3053.900214
899.459643,400,3057.283362
1084.422898,473,3064.517847
901.833972,380,3067.513092
49.128091,64,3068.105
27.437171,51,3068.592595
901.302152,393,3071.795718
760.729024,320,3074.350267
506.899051,204,3075.928605
57.089221,66,3076.481341
505.620662,203,3078.123697
506.08007,203,3079.750519
941.9994,413,3083.139791
479.203867,303,3088.79967
459.014382,294,3091.321312
566.051973,238,3093.282138
943.947699,400,3096.445844
567.841485,232,3098.294293
760.744296,334,3101.029614
1084.789431,474,3104.828585
901.509662,380,3111.215736
716.45793,304,3113.789912
65.516137,76,3114.459386
944.011006,397,3117.743738
506.722655,205,3119.512511
566.68286,230,3121.310392
1085.163262,464,3125.150497
505.228362,212,3126.818114
623.634507,354,3129.705196
761.442883,319,3135.1981
409.284526,245,3137.155015
333.124044,218,3138.919677
568.282335,234,3140.790076
715.770533,309,3143.319043
717.22212,306,3145.849475
68.297219,78,3146.503787
899.176547,393,3149.769149
152.081255,124,3150.82454
97.910634,97,3151.65422
1086.048352,467,3159.717688
1085.018397,474,3163.941842
305.589802,201,3165.677101
507.543058,196,3167.291141
505.168103,210,3169.025322
901.458095,376,3172.174631
716.956069,305,3174.697516
462.475098,288,3177.5253
613.672081,352,3184.477262
60.018427,65,3185.093664
901.091975,377,3188.43588
383.30931,245,3190.4541
1084.876755,481,3194.405152
760.352091,317,3196.933295
219.155245,150,3198.148304
58.436507,70,3198.759661
759.453283,329,3201.460396
59.995096,68,3202.021224
567.14526,232,3203.844661
717.069602,293,3209.968708
715.405309,306,3212.420687
1084.882888,487,3216.332641
760.392776,322,3219.238343
761.409754,323,3221.940559
898.943656,403,3225.309237
1083.705243,485,3232.313709
1084.783534,471,3236.49347
57.705387,63,3237.033918
567.246022,234,3238.98446
483.137433,299,3241.628463
462.419333,287,3244.220024
568.455235,230,3246.238212
899.522303,381,3249.443823
716.49224,310,3252.109206
485.765002,313,3257.927429
46.426445,68,3258.528218
506.212756,208,3260.241999
942.2812,408,3263.959141
507.067738,207,3265.844306
567.137864,234,3267.817061
1086.661896,451,3271.488845
717.024705,304,3274.080604
760.246091,328,3276.860053
1086.67662,461,3284.306086
1084.817971,464,3288.194643
498.474219,300,3290.743181
482.867323,298,3293.228894
1087.474383,477,3297.193235
760.388989,339,3299.936295
1087.653246,460,3307.000089
384.034992,251,3309.034803
568.449308,243,3310.998545
59.888485,62,3311.521445
716.315294,308,3314.153995
314.169773,199,3315.831691
507.61604,201,3317.526591
305.012079,198,3319.211777
100.190871,101,3320.074784
505.640086,204,3321.841684
709.507231,308,3324.435978
57.853746,67,3324.99849
505.320861,206,3326.884177
566.741221,237,3332.287713
60.067257,71,3332.930144
717.298685,300,3335.450074
1085.146462,458,3339.406573
717.026392,308,3342.018084
505.198692,206,3343.630274
257.631371,190,3345.194418
-16.059528,1,3345.225004
568.082085,230,3347.097323
61.06876,66,3347.624134
15.53954,34,3347.930652
58.729057,70,3348.491174
463.119794,283,3350.747277
56.527512,65,3351.263769
504.922529,202,3355.958112
1085.176457,482,3359.901225
479.610958,315,3362.441504
566.554838,234,3364.327351
129.140566,107,3365.173668
716.549602,294,3367.554871
506.102648,208,3369.269398
899.845212,395,3372.395814
113.428266,97,3373.162344
943.515784,411,3379.468566
717.562198,304,3381.847131
566.996762,237,3383.839286
248.357276,172,3385.180968
406.443436,253,3387.277163
458.981026,283,3389.547629
565.529878,233,3391.441054
565.895433,235,3393.307296
760.538947,331,3395.895528
899.813831,391,3401.596398
716.066979,303,3403.970257
901.026244,387,3406.99419
1086.03027,463,3410.64742
761.519017,333,3413.298296
900.535826,384,3416.274343
567.404672,232,3418.097214
705.741326,319,3423.031052
40.345013,54,3423.528965
56.053991,73,3424.141128
945.439811,395,3427.319804
510.092929,307,3429.821454
899.563512,390,3432.977969
1085.821684,487,3436.895226
435.196096,260,3438.985509
760.866306,329,3441.612115
717.375571,304,3447.376722
717.272323,302,3449.807405
942.63022,414,3453.171043
944.280445,408,3456.369478
43.386331,60,3456.860291
481.561666,294,3459.198075
466.857818,293,3461.821361
615.232711,359,3464.84221
567.449505,224,3470.089583
761.002936,330,3472.833256
716.690657,306,3475.286559
113.488678,103,3476.155007
717.868577,298,3478.605144
759.41071,334,3481.411737
57.152837,94,3482.163564
717.180225,291,3484.578792
717.737262,303,3487.034437
476.809154,292,3489.418852
506.52375,199,3494.898138
901.564476,372,3497.981883
58.754972,63,3498.516623
716.833274,292,3500.982154
901.651948,401,3504.329463
567.114795,239,3506.340869
-8.021938,1,3506.372522
901.079047,388,3509.546253
51.420745,67,3510.114366
-8.050192,1,3510.153477
900.553972,394,3513.367075
1085.744786,460,3521.065385
715.989241,306,3523.600141
714.686847,314,3526.18325
342.040728,219,3527.954444
405.979022,244,3529.966946
506.379206,203,3531.638563
105.405426,89,3532.405927
566.710657,237,3534.36629
1084.53852,483,3538.350098
1084.779325,476,3546.115347
899.342948,404,3549.504856
565.505123,241,3551.570567
902.461308,397,3554.94915
505.683172,215,3556.782978
902.067297,387,3560.059371
58.584188,73,3560.776707
717.862002,296,3563.540505
943.161413,411,3570.69457
60.711839,70,3571.335678
1085.376886,475,3575.189181
63.341259,73,3575.761726
471.825349,298,3578.464828
712.985684,304,3581.549265
467.440852,287,3584.368344
760.906015,322,3587.488137
1085.852966,451,3594.019505
408.499647,248,3596.226721
1087.144758,463,3600.553594
759.371866,335,3603.681984
504.901229,211,3605.678504
761.229227,320,3608.688605
461.828523,284,3611.733267
567.356225,233,3614.151897
296.806761,187,3615.977299
267.073971,196,3620.512078
942.748911,404,3624.070259
900.902747,393,3627.376211
944.647866,403,3630.732275
505.927904,208,3632.505445
761.685191,331,3635.190003
506.055072,207,3636.825216
1087.092103,452,3640.952215
899.508753,408,3648.589316
761.262763,320,3651.385908
-16.035578,1,3651.416546
60.271512,69,3652.093215
42.053634,56,3652.680256
1085.249348,479,3657.021336
900.449962,396,3660.7002
266.534028,187,3662.484032
566.466397,232,3664.710227
298.281548,195,3666.48834
567.106649,235,3671.988047
760.713284,334,3675.64241
901.423353,389,3679.615725
901.912179,389,3682.843317
943.245918,419,3686.358943
900.851916,390,3689.555015
717.59797,304,3692.020654
505.579608,213,3693.917967
717.04301,310,3699.682218
943.359609,397,3703.862419
58.67516,71,3704.653929
1084.261893,475,3709.91191
507.245817,198,3711.83166
1085.322951,480,3716.004693
51.32473,71,3716.617618
567.813584,236,3718.869631
711.39102,303,3721.758765
406.184077,254,3726.896778
-8.008745,1,3726.930217
1085.306274,484,3730.882613
901.450457,389,3733.963856
901.857922,390,3737.106776
505.409044,213,3738.71482
943.164098,393,3741.819599
315.857499,205,3743.450787
567.67908,237,3747.244444
567.257915,240,3749.112923
759.543609,338,3751.83636
714.853989,302,3754.270213
505.636867,207,3755.951828
901.608221,381,3758.895926
716.380316,300,3761.401371
944.013116,410,3764.619058
1085.109355,480,3771.218045
942.481042,400,3774.341144
1085.249884,481,3778.188433
716.385961,311,3780.774382
1084.332926,477,3784.563273
506.468476,202,3786.254004
1085.503923,467,3792.877073
506.276036,208,3794.505251
566.414039,241,3796.540937
98.579495,99,3797.332068
46.716026,64,3797.830975
477.558585,297,3800.267186
62.20409,70,3800.877304
565.882196,231,3802.810912
761.158418,331,3805.571777
901.78732,393,3808.789284
705.180723,312,3811.261295
506.292721,196,3812.89186
65.248459,87,3816.184902
292.142199,191,3817.748895
-8.058732,1,3817.782302
247.571608,173,3819.224612
901.210193,406,3822.505028
37.865199,53,3822.930929
902.110217,394,3826.208772
46.751185,67,3826.767455
944.176477,408,3829.991205
762.044807,320,3832.549281
762.000933,316,3835.063201
98.701914,95,3838.613468
219.891367,157,3839.920127
761.292539,333,3842.660688
532.736621,313,3845.744215
901.629074,401,3849.368493
568.176585,222,3851.222241
945.384131,394,3854.389846
566.895629,238,3856.433754
760.729368,337,3859.199592
461.984152,290,3865.031292
943.928139,409,3868.367337
567.769382,234,3870.245422
100.670318,94,3871.023547
1085.835316,478,3874.981857
901.870542,384,3878.079396
942.476066,411,3881.382217
507.507883,209,3883.123457
716.224511,300,3888.852006
505.813003,215,3890.574302
761.668498,324,3893.262639
900.599354,397,3896.655757
717.458365,307,3899.158598
761.292486,326,3902.112324
63.394058,74,3902.8705
900.25442,392,3906.879749
476.882476,286,3912.317297
716.019701,301,3914.880147
1084.928918,486,3919.015498
1086.440357,463,3922.99119
60.426146,73,3923.583639
793.103573,450,3927.446714
900.45881,377,3930.706632
505.846285,194,3932.383599
761.273835,318,3937.991507
298.679998,189,3939.62875
901.360742,379,3942.797498
759.751481,334,3945.564931
267.82994,195,3947.234795
761.447574,334,3950.031546
491.794073,311,3952.552215
710.136496,311,3955.172977
901.480022,389,3961.340186
566.310495,237,3963.290707
1084.84117,478,3967.296994
716.057911,291,3969.693642
717.279867,304,3972.197329
759.909135,345,3975.061028
50.318079,59,3975.540997
478.703439,300,3978.048046
902.724599,366,3983.589805
760.291299,332,3986.332872
568.158452,228,3988.25655
146.234866,117,3989.229856
505.309583,209,3991.041349
568.197465,241,3993.027487
567.942459,243,3995.117902
432.584873,259,3997.340076
899.881855,383,4000.638796
944.466417,404,4004.075894
942.589059,408,4010.472916
566.646712,232,4012.507134
504.621966,205,4014.232569
59.076885,67,4014.791868
944.066014,402,4018.171238
72.593683,90,4018.910061
139.969821,117,4019.894345
717.512453,300,4022.402212
52.863543,62,4023.031221
505.800073,211,4024.785187
213.068243,160,4026.125458
760.205008,333,4032.017431
760.935209,333,4034.778964
716.991111,295,4037.258201
505.298677,208,4039.021966
899.873335,383,4042.140743
760.641008,337,4044.991045
566.465434,229,4046.901452
507.978413,210,4048.705891
566.795744,228,4050.585081
50.292027,64,4051.167844
759.558371,324,4057.591466
46.684311,69,4058.162904
57.53896,66,4058.754442
900.589221,383,4061.945685
58.298537,70,4062.537745
566.024124,240,4064.578407
49.7659,59,4065.119452
408.016923,254,4067.314001
943.604534,412,4070.809264
902.786223,378,4074.013842
942.928811,405,4077.372839
901.214975,378,4084.105977
61.257296,75,4084.720025
716.481001,307,4087.252083
1086.651023,456,4091.050591
1087.369864,465,4094.935508
124.610724,105,4095.815199
761.254199,320,4098.522916
566.981168,237,4100.469172
569.526168,233,4105.759724
760.407689,324,4108.488459
717.463993,306,4111.044689
59.36632,69,4111.61897
900.707354,392,4114.864188
60.990927,72,4115.460834
716.690479,304,4117.999545
718.088986,301,4120.531111
288.842361,185,4122.079064
104.659615,102,4122.985876
944.372551,410,4129.898681
568.110543,231,4131.82929
899.727849,392,4135.121119
716.599089,305,4137.65701
1086.294817,480,4141.725528
805.191513,437,4145.385769
900.066112,397,4148.66328
1088.026652,486,4155.857621
1085.170005,490,4160.038531
944.993198,412,4163.457001
760.396871,328,4166.149082
760.359798,323,4168.816592
718.527026,305,4171.337693
568.200795,227,4173.19829
59.615529,68,4173.784241
67.413171,89,4174.505053
761.90401,326,4180.485891
567.486563,239,4182.468662
717.567169,302,4184.941908
505.718951,215,4186.761044
70.508228,82,4187.477344
759.899129,335,4190.240292
567.643754,235,4192.205862
900.243322,397,4195.421484
707.790565,312,4198.033525
708.540459,320,4203.49343
568.823087,235,4205.553945
716.52173,299,4208.116356
57.96938,68,4208.685185
58.136868,65,4209.235435
716.508782,293,4211.713067
717.258572,308,4214.199225
1085.83615,475,4218.283761
568.098155,234,4220.185485
901.38588,394,4225.525896
761.288535,325,4228.241204
717.071886,313,4230.861054
1085.62422,479,4234.949698
718.035696,306,4237.519171
1085.366239,476,4241.470656
760.395914,332,4244.248466
59.583872,70,4244.818262
760.276354,345,4250.862184
567.253701,233,4252.836575
507.96981,216,4254.568497
507.540813,213,4256.394591
717.681104,297,4258.874563
717.218837,302,4261.297697
1087.594649,448,4265.137895
568.371127,232,4267.089276
479.153652,299,4269.68287
1086.751882,475,4276.915946
568.355542,231,4278.950719
114.31615,101,4279.81995
567.333914,236,4281.919921
944.567475,411,4285.319469
716.744025,304,4287.895357
945.290848,411,4291.284318
761.09354,341,4297.159417
566.506186,235,4299.121824
761.492017,345,4301.960173
59.052555,73,4302.564515
1086.481766,467,4306.451258
707.408004,312,4309.062488
59.158202,70,4309.673617
566.734718,251,4311.758215
424.13552,257,4313.93765
505.180979,204,4315.59918
761.386319,323,4321.764408
944.052406,406,4325.111447
346.016785,227,4327.03558
568.163259,230,4328.975655
717.580591,301,4331.444942
761.113471,343,4334.280519
568.048456,240,4336.279579
761.554721,325,4339.17499
504.411996,213,4341.027098
717.351596,298,4346.438353
-16.031563,1,4346.481539
898.763202,385,4349.760002
761.121907,324,4352.480732
900.051142,400,4355.799675
718.345319,311,4358.403957
760.452403,328,4361.265096
944.213009,415,4364.72346
717.089253,303,4370.439392
477.223518,302,4373.078753
944.232564,402,4376.340007
71.035921,83,4377.097976
943.49412,412,4380.975719
57.305693,77,4381.698191
1085.065496,486,4385.880441
903.37491,382,4388.89112
944.063261,414,4395.94402
718.066855,307,4398.435684
120.896693,103,4399.253049
567.949159,235,4401.166882
566.495881,239,4403.091051
344.87723,229,4404.88706
718.11576,310,4407.37645
761.063259,338,4410.065686
902.328795,391,4413.224513
-8.040421,1,4413.255075
59.303506,62,4413.794227
507.375113,211,4418.444637
717.023747,308,4420.924539
104.46168,90,4421.640866
566.229305,243,4423.632747
717.44521,314,4426.139217
710.922797,310,4428.600666
437.044729,270,4430.727783
475.194924,309,4433.196962
901.102138,385,4436.173776
56.825079,70,4436.746698
60.202646,73,4437.374226
144.422835,115,4441.932945
715.615745,306,4444.310974
900.859189,381,4447.302941
901.887508,380,4450.288538
60.284051,75,4450.925463
945.646003,412,4454.134008
761.663781,323,4456.644223
506.190678,213,4458.326856
506.844575,215,4459.990554
1087.350785,471,4467.518874
1087.544805,445,4471.163442
116.9653,101,4471.948828
1087.471214,459,4475.562844
505.483417,203,4477.229095
760.943269,318,4479.812513
1085.346013,477,4483.73467
-16.059368,1,4483.77492
505.932606,210,4488.540187
717.080557,302,4490.981019
568.322009,233,4492.845384
900.646905,387,4495.970055
59.883578,67,4496.606155
717.058881,313,4499.050267
478.370812,309,4501.497842
506.53154,213,4503.1921
761.575951,324,4505.731782
507.004308,209,4507.411346
47.707821,64,4507.902528
760.956329,331,4513.442315
791.086456,428,4516.821881
901.051061,382,4519.834037
505.077402,212,4521.515663
760.697367,340,4524.200447
716.710841,304,4526.616265
761.752577,328,4529.284428
1085.635848,476,4535.570018
1086.560422,476,4539.33204
56.798366,72,4539.905604
761.079123,329,4542.509705
99.812536,101,4543.292292
97.848038,92,4544.061876
59.046305,71,4544.663497
718.488901,311,4547.147941
944.698586,417,4550.588607
506.632657,219,4552.314288
1085.611675,486,4559.220224
762.511019,324,4561.836931
566.544792,235,4563.690622
57.312191,69,4564.229668
57.449598,70,4564.81177
1086.01898,482,4568.679445
506.684892,201,4570.303289
946.310808,408,4573.498274
945.206374,407,4580.270076
57.951672,88,4580.954736
900.238721,404,4584.145807
1085.203233,486,4588.067321
567.693881,231,4589.930001
901.745219,388,4592.97095
411.74218,264,4595.084219
506.801148,207,4596.750663
796.630304,434,4603.587787
506.604297,199,4605.18856
902.071985,397,4608.351147
75.612525,75,4608.958786
629.682653,361,4611.791825
50.446832,64,4612.296687
761.369418,320,4614.826089
567.371614,243,4616.712033
567.373632,234,4618.553436
80.587895,85,4619.287836
567.106644,234,4621.129382
944.184881,413,4627.257959
943.797063,413,4630.554597
506.442471,202,4632.081126
707.571502,328,4634.63729
479.914782,299,4637.039371
409.055516,247,4639.049799
479.47626,296,4641.373743
945.802494,404,4644.559569
945.217927,398,4650.818666
943.931525,401,4654.052069
113.379561,101,4654.868994
1085.552099,479,4659.05566
944.257883,410,4662.424713
-8.026057,1,4662.452677
506.235737,205,4664.112249
568.138597,225,4665.968485
507.414759,202,4667.588315
