#{"t_start": 1778053452.848507, "env_id": "None"}
r,l,t
-18.933071,300,23.286714
-44.993149,600,23.94316
-16.007154,1,23.97433
-3.901954,600,24.688486
-30.262984,300,25.056848
11.132835,66,25.149511
9.64568,121,25.302273
-33.708932,600,25.966853
8.504748,153,26.168442
-20.546439,300,26.499827
-40.621263,600,49.717145
-24.70111,600,50.3146
-40.970271,600,50.964842
-46.101823,600,51.578858
-34.541192,600,52.292559
-19.476434,300,52.672207
-20.965351,300,53.072859
-38.774644,600,53.803949
-38.450634,600,54.541135
-41.269705,600,55.259172
-16.163028,300,79.367825
-19.378607,300,79.664496
-21.394064,300,79.953354
-16.33729,300,80.247419
-25.109004,300,80.57514
-23.242483,300,80.876906
-23.087454,300,81.168726
-37.232308,600,81.736249
-24.515011,300,82.046858
-20.603085,300,82.342052
-16.283728,300,103.796974
-25.482018,300,104.178037
-20.549602,300,104.569147
-19.574836,300,104.963526
-29.824657,300,105.354788
-25.900165,300,105.686077
-17.954211,300,106.054599
-24.593265,300,106.481429
-22.034153,300,106.839352
-19.457521,300,107.218457
-15.527785,300,129.747035
-39.180124,600,130.282207
-21.078672,300,130.630177
-19.245738,300,130.980405
-56.51029,600,131.719987
-23.293763,300,132.095683
-40.783927,600,132.749853
-16.050642,1,132.777444
-40.877491,600,133.499878
-52.629809,600,134.226111
-27.087723,546,156.231717
-30.517081,600,156.786604
-31.074463,900,157.594027
-27.321397,600,158.165919
-53.138307,600,158.762404
-21.360406,600,159.295345
-51.448649,600,159.94571
-6.017573,21,159.985627
-35.186516,900,161.024016
-8.547587,600,161.734876
-36.136673,900,186.771109
-16.042948,1,186.797995
13.969217,589,187.336404
-19.715321,300,187.613829
-32.243222,600,188.159407
-29.074674,872,188.959701
-13.841763,429,189.363179
-49.45539,600,189.963679
-50.933758,600,190.57709
-50.268683,600,191.178676
-24.932722,300,213.891685
-8.022545,1,213.914756
0.391913,900,214.815827
-33.276794,600,215.365875
-24.565687,300,215.654691
-25.512834,600,216.249326
-35.494543,600,216.807
6.59761,900,217.627182
-53.136496,600,218.195489
33.16923,1200,219.299952
-16.018988,1,242.938856
-2.846967,900,243.837495
164.857987,1500,245.452804
-27.792577,300,245.755283
9.643044,1500,247.22012
-23.079482,300,247.551053
-19.264721,456,248.020803
24.742784,938,248.94758
-27.90496,300,249.239206
-10.386112,417,249.662611
17.437618,600,272.538893
-24.108863,600,273.182918
31.622658,1200,274.566828
-41.680227,600,275.265888
-42.243996,600,275.898827
31.14942,740,276.617109
15.62554,600,277.222412
16.860072,900,278.077162
-17.143053,459,278.50758
12.091485,169,278.686205
41.908703,1200,303.630008
82.47973,551,304.263475
40.107305,292,304.583671
10.501968,111,304.717958
-34.652217,900,305.675603
40.177404,295,305.990169
-49.267718,600,306.61386
-16.128113,600,307.176697
37.348567,1200,308.376067
11.595684,119,308.514124
27.815722,600,331.388208
27.577824,600,332.052083
64.132245,382,332.45936
82.156847,417,332.908147
11.445735,90,333.02652
11.699064,88,333.140885
80.68926,417,333.612558
-20.486354,900,334.544188
-20.653937,900,335.537012
81.437214,414,335.989787
36.630674,298,359.792195
1.92164,900,360.686361
55.696609,244,360.932084
55.168353,247,361.223766
14.331523,538,361.793697
114.770201,1200,363.174358
56.060881,248,363.464388
184.683038,886,364.352107
11.81565,900,365.292669
54.653181,238,365.558959
33.185477,900,388.729222
141.150193,1200,389.911274
33.249507,600,390.527652
-41.403101,600,391.146259
127.674096,1200,392.32093
33.579133,900,393.223571
144.43456,1200,394.434292
35.778481,900,395.321227
123.527512,1200,396.534215
126.335397,1200,397.70555
27.749862,900,421.999741
36.405427,900,422.891165
32.351294,600,423.51003
-49.885825,600,424.11147
116.606062,1200,425.258663
29.304083,900,426.152588
122.713129,1200,427.252953
30.733792,600,427.826464
13.150599,600,428.395186
131.931739,1200,429.537942
15.175718,600,452.040083
221.41001,576,452.586237
63.457765,600,453.192528
192.105615,457,453.63951
110.225615,332,453.970882
93.227158,270,454.292507
162.764744,900,455.19462
13.174473,90,455.306811
13.637088,600,455.875497
48.179565,144,456.028158
50.321779,600,479.914754
-45.684464,600,480.506206
50.917608,600,481.188713
169.539974,900,482.085426
39.705073,600,482.665014
50.097186,600,483.395638
-19.613953,600,484.022958
48.669647,131,484.179567
144.967947,900,485.16992
44.107668,600,485.872391
152.556275,900,508.88687
14.252149,600,509.477255
251.491737,1500,511.029154
45.763151,114,511.156712
138.671388,900,512.138672
56.493855,600,512.8806
55.775464,600,513.599564
45.758994,113,513.723212
45.691805,113,513.867306
45.383126,116,514.006284
46.265291,109,538.051121
23.150405,600,538.619485
109.42309,900,539.567869
46.115152,109,539.691264
24.421704,600,540.269758
288.360437,547,540.828192
71.982963,900,541.731121
143.085176,900,542.638651
283.317288,556,543.314365
49.591509,116,543.472575
224.163427,390,565.969637
110.0327,600,566.751366
46.545598,101,566.864609
14.633892,55,566.944871
14.56766,48,567.013155
45.60085,113,567.14017
14.510314,53,567.206376
74.93798,600,567.790093
14.691544,57,567.8587
393.780361,753,568.638076
-16.059767,1,591.683895
225.654053,900,592.83042
49.248331,114,592.996875
45.502294,108,593.148151
76.759008,600,593.924351
341.318899,1200,595.545871
342.112527,1200,597.108396
809.181909,1500,599.126181
89.320384,600,599.838048
93.365921,600,600.471399
55.657018,145,620.308325
1028.813639,1374,622.106581
496.259624,556,622.799656
143.190052,271,623.238799
55.897129,145,623.421964
1032.793853,1343,625.218246
554.865837,627,626.034545
87.581548,600,626.810886
1038.954593,1306,628.431284
330.306532,522,629.059656
551.408591,717,652.579965
151.199325,900,653.580113
493.409696,622,654.319829
549.130605,745,655.204627
106.827033,246,655.486392
1030.159704,1451,657.302945
56.516053,133,657.464247
1035.300524,1416,659.278167
493.155885,618,660.015631
224.239317,365,660.461112
394.61759,641,681.850349
-16.068995,1,681.878714
215.522033,296,682.171759
256.522012,415,682.612888
147.886042,900,683.622311
394.898033,644,684.41486
695.545612,704,685.277879
57.018064,119,685.433346
393.708234,648,686.216506
102.258373,207,686.447039
604.190689,952,711.373375
191.889108,228,711.612879
185.689502,238,711.838754
-8.036398,1,711.871736
371.371545,550,712.454056
57.891697,117,712.578291
57.861462,118,712.706569
553.852293,562,713.221919
554.63211,548,713.746327
220.303763,280,714.047296
113.611821,164,736.41102
498.12292,975,737.359397
95.34525,174,737.527739
95.968974,176,737.716933
95.621587,144,737.882025
88.496895,141,738.024025
93.96837,185,738.213713
189.996287,257,738.486082
95.474322,190,738.671706
55.920287,92,738.783447
57.858948,118,763.50558
699.699579,594,764.051852
193.438412,216,764.269373
194.527445,212,764.492401
700.685419,595,765.07097
701.55036,586,765.621357
139.109382,236,765.869678
190.419997,224,766.112537
274.926365,351,766.460116
151.420078,253,766.713289
290.877557,342,788.804498
276.500692,329,789.139923
-16.044233,1,789.162611
1047.09796,1057,790.257283
334.499141,403,790.688168
275.659922,330,791.034312
47.040026,69,791.132829
270.66327,400,791.523302
46.911315,73,791.619612
504.238254,767,792.445674
291.820428,341,817.369637
745.099382,817,818.227054
152.837106,246,818.488587
747.065236,793,819.312365
57.193291,145,819.471353
1056.363584,1057,820.588059
745.546271,816,821.420039
236.974833,343,821.758747
236.746192,346,822.094934
409.349998,474,822.599205
706.245655,503,844.408125
885.100863,650,845.20171
883.450516,670,846.051474
887.44177,643,846.855591
705.815577,505,847.457904
1055.67465,1033,848.532037
402.941221,486,849.036092
150.243096,206,849.261437
705.468884,517,849.78475
262.232041,438,850.2524
46.032453,127,873.599489
279.581982,288,873.948978
559.92137,400,874.443273
282.372674,268,874.78351
258.338885,382,875.285745
277.808151,287,875.693951
283.04221,272,876.015755
47.14946,124,876.156676
69.760391,91,876.280685
153.179901,194,876.510411
1061.035354,970,898.755071
706.907539,471,899.216096
744.538739,713,899.93519
197.456531,173,900.120615
340.867208,378,900.539749
223.930815,203,900.821744
561.797541,417,901.327458
706.746093,468,901.944141
38.327187,208,902.208923
405.082884,459,902.828932
-5.855237,12,926.203806
172.741463,194,926.419656
3.345363,600,926.961503
198.405563,175,927.147313
68.313314,90,927.252141
67.875585,91,927.359474
354.089298,360,927.752949
200.308089,173,927.941277
890.151255,557,928.48684
70.923516,79,928.577027
70.979165,94,951.984354
97.581493,107,952.118496
890.308151,611,952.780881
354.443588,386,953.299129
56.253915,137,953.470757
71.224031,97,953.600735
563.601627,412,954.056998
891.516696,616,954.752171
200.066183,181,954.96004
562.325072,411,955.403822
890.264687,515,980.308258
68.087177,90,980.407715
9.571786,600,980.989515
238.958878,202,981.212045
70.392692,80,981.306872
46.718437,61,981.388093
100.620144,104,981.514379
410.51949,350,981.85983
286.184059,252,982.158211
281.521162,250,982.434604
1059.016055,972,1005.733196
708.914797,459,1006.185942
206.819582,900,1007.072293
4.700569,600,1007.668994
150.923502,194,1007.88318
154.018938,200,1008.102139
708.143276,471,1008.564439
405.652237,426,1009.002776
503.163975,366,1009.368721
561.37756,414,1009.787224
153.763166,202,1033.763229
560.676834,427,1034.234982
833.733394,1008,1035.423808
845.711723,984,1036.492298
6.84605,600,1037.071953
502.44673,363,1037.435489
844.373248,992,1038.475997
892.143137,607,1039.123769
408.115359,444,1039.594212
408.679852,442,1040.055258
502.263476,379,1062.088833
1060.880925,1010,1063.265635
502.422873,390,1063.748136
560.727957,439,1064.276406
6.995018,600,1064.959452
202.312454,900,1065.961948
560.358315,440,1066.399567
561.421169,441,1066.82885
501.70155,383,1067.201333
5.933768,600,1067.776428
891.160426,555,1090.603418
1060.010261,943,1091.756691
226.852582,307,1092.118854
217.347991,247,1092.409768
13.121107,600,1093.099539
217.46568,249,1093.425617
190.836306,900,1094.437224
710.265576,445,1094.94943
50.015977,66,1095.036086
1056.236387,940,1096.233822
711.149989,456,1117.684266
11.359234,600,1118.207207
286.377967,259,1118.482306
212.450353,240,1118.777493
195.545089,900,1119.845402
200.613732,900,1121.015075
281.043347,279,1121.404303
746.977816,652,1122.225905
217.57721,257,1122.578078
394.297771,371,1123.075274
1062.792708,871,1145.952135
893.169747,515,1146.475823
564.103474,358,1146.819755
748.495109,587,1147.411783
217.806742,235,1147.649118
233.735627,600,1148.243079
7.048326,600,1148.891224
14.784335,33,1148.958994
748.240543,600,1149.741496
892.511185,528,1150.400837
392.971468,354,1173.893579
210.239273,900,1174.76598
-8.045243,1,1174.791814
216.14084,238,1175.025088
14.858981,34,1175.08438
930.856959,657,1175.754383
890.390461,544,1176.292839
212.620088,241,1176.529422
748.098528,622,1177.174841
291.743155,275,1177.472128
1061.710044,793,1201.50573
932.108762,591,1202.158974
1061.934833,793,1203.074067
842.099503,806,1203.912287
893.6938,471,1204.391128
931.189453,580,1204.964355
232.393,280,1205.254822
102.432872,101,1205.375982
894.358339,468,1205.842611
212.841912,222,1206.058198
750.999977,591,1229.173091
209.094065,900,1230.128761
894.592986,484,1230.660499
504.154354,320,1230.982569
750.898065,611,1231.665958
6.129239,600,1232.339481
208.893491,900,1233.329573
1066.150477,852,1234.225914
1064.646313,855,1235.107964
894.063817,508,1235.606483
711.380311,450,1259.530411
892.057406,545,1260.102631
749.672054,634,1260.772558
8.788911,600,1261.384969
928.91748,655,1262.067782
564.204406,375,1262.424481
7.946171,600,1263.016232
747.952097,630,1263.705505
5.902788,600,1264.292378
503.973943,323,1264.60314
9.086499,600,1287.479584
9.530844,600,1288.076757
894.393616,455,1288.562425
1067.62907,717,1289.33576
5.408018,600,1289.954188
564.44089,310,1290.275343
449.259988,468,1290.755331
854.190255,692,1291.462049
1069.138268,725,1292.225729
505.365694,280,1292.519498
228.346561,222,1316.898041
935.569218,544,1317.424849
238.465657,229,1317.654971
1070.15785,712,1318.400079
35.497863,51,1318.466611
243.249878,231,1318.700414
714.246941,359,1319.070764
292.546267,267,1319.380674
249.63237,210,1319.590996
897.071516,447,1320.068792
713.519324,379,1343.490742
753.14785,546,1344.104459
564.750042,296,1344.407375
895.576014,457,1344.875321
565.250278,307,1345.185973
448.68124,450,1345.651594
565.910727,310,1345.957168
753.261742,546,1346.535295
65.251761,76,1346.619329
454.667286,462,1347.084362
936.11,509,1370.726164
713.373731,363,1371.125342
713.138915,352,1371.547387
936.543333,506,1372.116706
-16.087703,1,1372.14152
755.520729,517,1372.757474
144.183516,146,1372.919645
47.10379,60,1372.996514
1074.766274,659,1373.778874
235.558497,236,1374.046801
567.763383,259,1396.28388
568.312822,250,1396.522157
233.758857,180,1396.781429
898.493205,398,1397.262928
758.457059,375,1397.739741
455.774907,354,1398.170476
452.573351,322,1398.566393
280.849265,222,1398.847633
939.559406,438,1399.401512
716.227199,312,1399.795276
231.434192,203,1422.698729
714.602555,347,1423.029465
566.90386,278,1423.292144
504.628678,265,1423.548247
518.214823,458,1424.002995
144.301477,133,1424.155243
143.890888,138,1424.304126
896.7435,437,1424.734982
250.298346,208,1424.941867
1076.900767,609,1425.572544
60.631629,72,1449.424557
900.521155,399,1449.821966
898.779394,399,1450.243586
-8.06804,1,1450.266547
715.454407,315,1450.641764
940.432873,438,1451.14488
465.152668,321,1451.627795
568.711153,249,1451.900502
940.840092,431,1452.336842
758.294662,370,1452.710019
453.621016,356,1477.287532
343.034553,229,1477.531321
507.402469,237,1477.778601
714.196788,322,1478.158381
523.495195,326,1478.519703
714.570944,320,1478.890927
506.425175,235,1479.162696
715.698501,318,1479.529596
1079.795801,532,1480.231384
507.010412,231,1480.481264
715.930095,306,1503.895026
344.423679,265,1504.173548
-3.384807,79,1504.266665
716.461862,314,1504.581177
143.995953,125,1504.716754
715.58641,318,1505.049796
16.100592,35,1505.104089
1082.428422,490,1505.639232
-0.833049,72,1505.72401
152.193534,134,1505.875984
473.680277,351,1529.502002
120.628379,102,1529.662943
713.65389,321,1530.077384
493.715061,300,1530.482764
-0.358077,80,1530.601832
714.648414,313,1531.002236
1078.907729,509,1531.708015
1079.910295,529,1532.426265
755.751683,387,1533.016379
344.613805,225,1533.34433
715.941726,305,1555.653865
506.61903,240,1555.883386
715.820322,307,1556.183554
58.530977,87,1556.288123
900.048152,388,1556.812276
59.789406,86,1556.949152
940.019207,426,1557.508004
900.008618,396,1558.028978
507.615305,241,1558.341821
507.321103,222,1558.626694
899.148022,388,1581.828932
1081.521532,492,1582.394155
507.05236,229,1582.622536
507.417838,224,1582.856117
566.821976,257,1583.118908
59.465844,75,1583.208524
756.704411,398,1583.622242
756.488461,392,1584.017343
-8.036269,1,1584.043887
1079.13838,524,1584.581211
58.355922,74,1607.691975
717.790132,305,1608.009193
716.549616,308,1608.350567
758.404486,373,1608.756183
1084.557781,463,1609.336309
568.179133,255,1609.620727
568.035335,252,1609.938638
568.250552,256,1610.27254
942.979084,436,1610.751311
346.655893,253,1611.030039
759.251576,369,1635.018935
56.234445,69,1635.095105
-16.045843,1,1635.127198
940.921,431,1635.565125
942.877094,418,1635.983975
507.506403,227,1636.205092
508.217628,221,1636.444071
5.061576,70,1636.529526
902.873889,383,1636.925424
478.907569,326,1637.27365
476.976642,318,1657.021019
61.591875,70,1657.103349
717.548272,317,1657.425947
346.474307,220,1657.735334
903.292564,394,1658.12852
61.978207,74,1658.215027
60.905958,70,1658.290239
903.128256,395,1658.703711
61.064215,71,1658.793966
1083.254009,485,1659.334053
472.822945,343,1679.126907
60.160836,78,1679.205904
898.717577,397,1679.6017
757.082294,389,1680.001281
58.82323,79,1680.090392
898.514752,423,1680.529143
1081.504636,479,1681.045339
704.426603,374,1681.43191
1080.607584,471,1681.939135
59.380533,77,1682.03347
83.33686,86,1701.227546
1083.395085,478,1701.717634
90.334381,97,1701.825783
58.033426,80,1701.917076
943.164824,418,1702.337953
-8.04525,1,1702.366431
569.252282,257,1702.614819
900.6673,390,1703.026486
943.098495,400,1703.452784
717.13508,286,1703.746843
345.339426,213,1723.81526
346.559095,216,1724.037503
1082.804166,462,1724.520046
57.967417,82,1724.615184
568.618611,250,1724.869737
707.0708,321,1725.204511
451.935228,290,1725.525146
569.738358,240,1725.775925
-4.370858,79,1725.870766
942.328184,400,1726.290275
-16.059102,1,1745.169792
507.281058,225,1745.387544
416.570552,249,1745.643611
507.607488,219,1745.864044
476.251687,307,1746.183691
507.213778,212,1746.401273
901.272164,400,1746.811562
348.250355,217,1747.05131
759.630186,341,1747.411362
942.291246,403,1747.84395
760.7536,335,1767.116992
507.322086,212,1767.32451
902.642748,382,1767.692489
1085.362542,471,1768.190091
568.564694,246,1768.443966
507.881372,219,1768.662446
507.622045,224,1768.88721
1083.279283,481,1769.401291
901.878328,384,1769.793666
473.367113,313,1770.116809
568.789237,243,1788.934532
36.359287,49,1788.994866
570.205658,237,1789.219237
902.643817,377,1789.595935
760.867765,334,1789.933032
901.060737,391,1790.339456
942.518964,411,1790.773908
478.394269,313,1791.093699
1083.343522,484,1791.624466
760.01154,338,1791.981913
569.088311,250,1810.882943
67.147712,83,1810.980273
66.906166,82,1811.072442
65.329637,82,1811.164809
65.278188,81,1811.253873
941.476034,414,1811.679429
-16.043554,1,1811.723147
416.502214,253,1811.997212
900.378718,384,1812.395606
760.56289,340,1812.749614
901.261841,400,1831.784565
901.074205,384,1832.168585
68.607658,76,1832.253084
760.340153,330,1832.596881
716.393214,293,1832.886566
945.22645,384,1833.295386
1084.519667,473,1833.815542
507.362342,205,1834.022332
1084.520627,469,1834.535006
1085.615299,454,1835.020265
900.3136,395,1853.887237
759.686199,359,1854.250491
66.133686,81,1854.344437
67.626037,75,1854.43236
943.060715,408,1854.856695
61.878684,74,1854.948618
759.298442,372,1855.335927
900.142281,401,1855.742388
758.868359,366,1856.123451
943.178986,408,1856.552481
900.882415,387,1875.426976
568.062204,226,1875.652312
901.208953,378,1876.025019
759.618457,329,1876.364724
759.241282,337,1876.724516
506.425445,210,1876.934222
568.231199,230,1877.163348
568.563131,238,1877.415806
506.890217,208,1877.623719
942.149534,390,1878.043082
568.993616,238,1896.644025
1085.863382,477,1897.13612
475.888683,293,1897.427784
903.833449,379,1897.810745
903.963104,376,1898.208346
761.032157,343,1898.571561
568.537596,235,1898.814004
568.823308,232,1899.05154
1084.446623,476,1899.560241
1085.288254,474,1900.066317
943.673579,402,1918.876331
59.567654,64,1918.957218
60.359705,68,1919.039882
509.128843,201,1919.232852
902.790221,370,1919.608865
59.593682,64,1919.690573
760.627881,343,1920.048976
471.923023,295,1920.356895
434.688262,257,1920.638102
507.548249,209,1920.851055
719.018153,295,1939.697194
760.790585,331,1940.096882
507.622101,206,1940.294411
1084.086746,456,1940.786841
901.279522,388,1941.172924
717.418588,300,1941.4725
474.70586,304,1941.794181
761.576872,328,1942.13896
60.418718,63,1942.221024
900.989808,389,1942.614596
59.596128,66,1962.006473
59.123139,68,1962.108496
508.651317,205,1962.356225
718.71821,291,1962.657878
508.649802,210,1962.942998
944.636806,392,1963.407073
718.501248,298,1963.828051
508.908585,210,1964.092122
59.721517,70,1964.187001
347.087616,214,1964.450906
61.865413,75,1985.653794
1086.786148,450,1986.138971
507.515903,207,1986.381443
902.195853,398,1986.814622
901.336235,392,1987.254996
1084.045833,474,1987.823328
508.602155,206,1988.055046
901.707301,376,1988.472386
60.6079,71,1988.581639
942.808896,412,1989.042809
1086.621535,450,2011.037077
903.330155,380,2011.455813
570.311242,239,2011.691226
761.531434,330,2012.051378
59.580982,66,2012.134738
509.070366,199,2012.347362
568.928148,230,2012.594473
570.547271,231,2012.859811
761.782433,334,2013.259696
474.553749,301,2013.592727
1085.556174,464,2034.738356
1084.872043,477,2035.297828
59.520305,67,2035.388789
423.537266,251,2035.763379
759.703197,333,2036.171836
718.093937,292,2036.499078
59.073915,67,2036.58345
1084.267864,480,2037.175673
902.704423,394,2037.616259
759.61452,334,2038.003502
66.109517,80,2058.673527
717.231064,293,2058.986023
1086.22303,459,2059.506642
903.789531,370,2059.932857
944.812671,397,2060.405448
902.377964,368,2060.852721
902.021477,373,2061.278126
66.182996,81,2061.403026
761.720489,336,2061.867942
901.091759,373,2062.306332
759.57442,327,2083.143529
758.707385,338,2083.526082
1085.03736,450,2084.023453
66.462425,82,2084.123053
900.773854,374,2084.506062
942.219161,396,2084.954356
944.547162,388,2085.434
509.007976,211,2085.653219
758.987657,338,2086.045237
716.888466,293,2086.37004
508.961772,204,2108.315412
569.642104,236,2108.582563
569.214761,234,2108.857295
507.084498,213,2109.063405
1085.437153,460,2109.58446
718.934887,292,2109.895245
718.005819,308,2110.234784
569.975875,238,2110.514799
943.735072,399,2110.981006
60.033728,71,2111.147516
480.576179,304,2131.563311
760.000283,337,2131.922904
760.66363,334,2132.323059
1086.873057,445,2132.84673
943.64997,392,2133.314797
508.807136,208,2133.555095
760.668388,336,2133.921037
759.855449,334,2134.284124
718.856211,290,2134.6141
60.679291,72,2134.70154
60.115142,70,2156.357368
942.776992,411,2156.841951
1086.482005,468,2157.434922
508.445887,199,2157.640136
1086.729938,465,2158.14466
425.063768,246,2158.437594
902.185872,382,2158.841799
901.8729,385,2159.259993
718.638292,296,2159.608492
1086.817066,472,2160.123806
67.802685,85,2181.054668
945.087362,414,2181.520904
943.699246,402,2181.972134
900.892652,396,2182.468312
68.894804,77,2182.566831
68.530231,82,2182.693725
470.074051,294,2183.01575
483.08393,289,2183.34169
509.047649,203,2183.571042
508.046762,199,2183.802767
900.099035,380,2206.059446
477.231954,300,2206.380002
761.145968,320,2206.814622
51.888213,62,2206.895445
569.592423,236,2207.178654
901.342073,376,2207.608417
717.022588,300,2208.001289
349.167128,216,2208.273639
760.745388,330,2208.67567
761.314674,321,2209.048116
760.32373,319,2231.753039
70.766388,74,2231.84414
507.797368,203,2232.046376
901.442926,384,2232.476074
709.371992,309,2232.837859
903.096339,391,2233.270473
569.753474,227,2233.554526
507.366468,207,2233.777193
569.551662,228,2234.020333
944.036315,405,2234.452602
903.495547,383,2257.302603
482.348867,304,2257.671416
508.639416,198,2257.89917
902.547794,381,2258.297749
945.946565,390,2258.812857
433.326243,253,2259.108001
902.87374,388,2259.543004
66.513845,79,2259.644617
1085.932019,451,2260.126304
902.297724,384,2260.544165
716.472639,299,2282.323246
942.754488,398,2282.737466
65.482224,82,2282.851184
65.67894,83,2282.978244
508.400089,203,2283.216485
508.879884,198,2283.462754
568.236225,235,2283.731517
569.132828,235,2284.028772
630.528189,345,2284.413553
461.070425,292,2284.758377
569.740652,230,2307.014957
944.351917,407,2307.442621
-16.046951,1,2307.46925
1085.024473,480,2307.993063
760.134179,323,2308.346668
1085.159383,468,2308.847631
761.078128,325,2309.21829
59.650178,66,2309.304045
760.773242,327,2309.740646
760.253989,322,2310.084081
1086.087354,464,2331.795138
759.896657,314,2332.20376
717.31793,304,2332.567582
507.20707,203,2332.854229
1086.860471,449,2333.378663
570.108185,233,2333.626678
64.609432,71,2333.723876
-8.048444,1,2333.747717
718.744532,295,2334.10613
717.222446,301,2334.496977
569.350059,232,2355.899432
570.303058,218,2356.159332
717.509402,300,2356.474164
718.441813,297,2356.797366
1085.618538,472,2357.316268
945.653136,401,2357.757837
709.260878,306,2358.167985
902.344156,374,2358.633847
943.802827,391,2359.122647
902.315613,378,2359.583689
482.154659,293,2381.134323
902.588441,383,2381.547568
902.347358,399,2381.981209
943.217981,413,2382.429055
506.523024,206,2382.633222
943.350017,399,2383.102059
718.696365,298,2383.414623
60.053376,68,2383.503328
567.952548,229,2383.74627
569.150909,229,2383.985674
483.888005,287,2404.808286
568.911949,222,2405.072594
508.267825,204,2405.284003
411.166159,243,2405.561839
903.035809,382,2406.051219
945.62056,392,2406.50603
717.806092,295,2406.852123
902.955556,387,2407.278625
944.302267,392,2407.728542
719.47115,284,2408.041916
762.317012,317,2429.36887
507.63308,199,2429.582052
902.811144,390,2429.994563
902.321182,381,2430.394155
902.646954,375,2430.790851
1088.176385,464,2431.401077
904.159729,393,2431.82432
902.610533,367,2432.261562
1086.219816,470,2432.81695
902.503532,372,2433.250819
508.581172,201,2455.389247
60.54129,72,2455.473268
943.720773,410,2455.903153
482.137705,300,2456.229213
494.514448,301,2456.55954
1087.158925,445,2457.039391
60.152437,69,2457.121687
903.52371,388,2457.533413
507.994189,203,2457.751457
944.529272,393,2458.188406
761.413487,329,2479.014184
943.278673,408,2479.538667
1086.640898,458,2480.084942
718.368898,296,2480.448138
718.282696,300,2480.783294
718.940021,292,2481.083526
760.23456,327,2481.447404
760.217557,323,2481.806085
717.255326,298,2482.130291
717.809852,291,2482.434839
508.47682,204,2504.26168
60.336823,69,2504.344746
507.471758,195,2504.562374
569.138128,226,2504.815431
-16.054626,1,2504.838233
1086.646012,466,2505.451227
507.24659,202,2505.677026
760.788494,321,2506.07022
509.058158,199,2506.324507
508.790004,202,2506.571654
718.4032,300,2528.800144
717.43654,292,2529.087303
761.343486,325,2529.486054
1088.99277,460,2529.998286
943.620596,394,2530.45636
760.68573,324,2530.819437
903.798983,384,2531.218729
944.700036,390,2531.666464
1087.97717,460,2532.193995
1087.685969,451,2532.719246
508.826044,196,2554.929837
569.243264,230,2555.166192
492.529854,300,2555.511894
901.300046,394,2555.944983
569.046803,230,2556.207159
569.53783,220,2556.449708
903.702813,375,2556.862252
568.548533,228,2557.096235
507.681027,204,2557.334601
-16.064974,1,2557.360767
717.65118,304,2579.911931
944.311557,409,2580.335011
508.534279,202,2580.555148
901.791145,395,2580.969882
1085.597934,455,2581.497812
709.63111,315,2581.876917
901.154836,393,2582.281543
761.338174,322,2582.634676
58.348418,69,2582.720054
759.297723,330,2583.082058
60.762022,80,2604.479016
718.283724,294,2604.777894
903.220834,389,2605.169772
717.962476,307,2605.491994
718.77643,300,2605.800396
903.157432,386,2606.208916
760.060736,332,2606.677867
507.609398,204,2606.897135
761.282179,318,2607.287786
943.555973,396,2607.770055
943.319563,397,2629.677571
760.391287,329,2630.110216
569.259892,232,2630.36552
569.063759,237,2630.636182
760.774732,327,2631.002087
900.948545,386,2631.41015
60.785272,71,2631.501043
61.074866,71,2631.587697
1085.631144,447,2632.146241
900.667467,392,2632.556271
-8.025862,1,2654.478469
62.183536,78,2654.589918
1087.504339,456,2655.152001
569.596336,225,2655.447416
1087.863213,443,2656.022824
718.592193,297,2656.391215
481.223744,279,2656.73889
569.553242,223,2656.9755
569.410004,229,2657.264059
901.550999,391,2657.706529
47.244749,56,2678.97267
1084.629923,478,2679.461245
568.825299,221,2679.688812
508.377052,204,2679.895655
760.495762,316,2680.270182
507.617449,199,2680.477162
-8.015256,1,2680.49322
717.889219,294,2680.830174
570.526754,231,2681.084052
568.74623,231,2681.344129
508.671551,209,2702.386389
508.896917,204,2702.609625
762.208783,316,2703.040961
59.335553,61,2703.125123
491.316384,296,2703.437952
1086.352321,442,2704.0031
761.268667,322,2704.42639
-8.071823,1,2704.449419
717.999117,298,2704.759238
792.380109,423,2705.229874
508.528852,194,2726.735735
479.948641,290,2727.068836
760.918048,326,2727.448536
424.517166,241,2727.742864
507.951246,197,2727.959787
796.393873,418,2728.44481
509.222419,199,2728.649917
-8.07141,1,2728.671493
568.927794,229,2728.966357
709.430449,303,2729.360391
494.247385,289,2751.046644
901.86198,374,2751.445943
568.153001,229,2751.685395
57.799571,79,2751.790601
760.899866,322,2752.144351
902.126292,373,2752.540083
762.240604,316,2752.895735
145.314589,112,2753.042319
717.547104,299,2753.354381
716.96923,299,2753.683931
61.736366,83,2774.179408
507.45213,205,2774.404058
943.535117,400,2774.845191
57.864631,81,2774.937933
1087.938381,451,2775.501534
902.785597,371,2775.940052
760.148795,329,2776.319479
944.036835,404,2776.804531
717.913754,293,2777.146626
569.475307,231,2777.408739
1087.16196,463,2798.300952
59.151505,64,2798.375508
718.341763,303,2798.702431
569.344031,224,2798.959146
904.124213,383,2799.387318
60.784546,76,2799.474249
944.025586,389,2799.987492
759.731996,319,2800.381479
569.664093,222,2800.687176
507.175199,199,2800.938222
718.12648,294,2823.307533
902.253746,378,2823.690165
710.485752,293,2824.055159
59.825913,68,2824.139728
1086.519052,447,2824.62107
760.849182,324,2825.020283
507.674124,200,2825.228873
146.458462,111,2825.362201
717.663178,296,2825.672178
567.527286,236,2825.944351
760.753508,325,2848.413468
1086.715117,476,2848.961934
946.199155,392,2849.396273
59.664783,76,2849.475317
569.067057,227,2849.727802
507.112846,199,2849.951082
62.364568,72,2850.035389
1087.085722,461,2850.616475
902.896852,370,2851.045518
1086.658488,472,2851.638796
61.841586,72,2873.23518
266.384831,192,2873.444744
-16.080206,1,2873.467587
410.947498,238,2873.71527
760.857587,317,2874.054302
268.598124,182,2874.248756
761.713113,318,2874.660597
903.025229,388,2875.063348
506.133985,205,2875.298398
901.820061,368,2875.704667
1087.177417,444,2898.988373
60.444854,64,2899.088604
903.827081,377,2899.514549
508.168748,206,2899.721544
494.187063,297,2900.081886
96.25093,90,2900.211338
943.841589,406,2900.651939
717.772961,293,2900.976198
1086.991899,446,2901.522463
761.164686,311,2901.865807
1086.686968,452,2924.386209
1086.669128,457,2925.021659
761.128586,319,2925.409042
508.754332,210,2925.635395
61.15649,64,2925.725029
945.087935,396,2926.223393
761.754861,333,2926.654849
762.111331,323,2927.025722
509.763922,202,2927.260252
904.275598,369,2927.706332
570.543986,216,2949.683716
570.224345,224,2949.933866
944.581112,385,2950.340712
508.499606,201,2950.567387
1087.472928,464,2951.106535
902.863907,378,2951.540693
903.812931,368,2951.981945
568.212255,223,2952.287216
902.934271,381,2952.740484
568.200023,229,2953.01323
718.852684,286,2973.817733
489.681491,289,2974.120245
943.97671,394,2974.561385
569.759882,230,2974.83357
60.016879,64,2974.920251
568.237794,233,2975.19948
760.8968,320,2975.547649
1086.195823,477,2976.101108
1086.911624,445,2976.59711
1086.735575,457,2977.107412
903.715508,379,2997.693921
490.727503,294,2998.025069
903.615185,383,2998.470478
717.857111,294,2998.796325
1085.376616,459,2999.309134
297.148507,191,2999.550821
507.750131,199,2999.794317
762.154295,330,3000.198178
944.871394,391,3000.648775
718.953781,295,3001.003231
902.991773,365,3021.689413
761.689019,317,3022.021601
719.516641,293,3022.330042
509.333369,200,3022.537341
903.330057,371,3022.93061
945.803137,385,3023.354908
904.727903,376,3023.737046
569.144346,228,3024.009554
151.488133,110,3024.167303
569.324054,229,3024.401219
409.654696,247,3045.022857
507.710855,198,3045.218091
1086.169286,466,3045.719557
711.879679,294,3046.050181
762.370927,324,3046.397503
1086.863618,437,3046.951071
760.899367,316,3047.330141
760.583843,320,3047.708043
945.808726,395,3048.180498
1086.321481,470,3048.717117
903.9926,364,3069.775585
451.041572,267,3070.096681
945.403186,395,3070.548853
568.605142,230,3070.845231
718.910643,290,3071.178605
568.297861,229,3071.496995
568.102874,227,3071.742963
712.438206,296,3072.077176
508.177619,199,3072.365058
946.831753,380,3072.841447
507.439604,205,3092.784788
762.86787,316,3093.111447
902.690886,375,3093.521983
1088.698242,449,3094.034452
718.988347,291,3094.342969
60.768834,62,3094.418534
718.337271,289,3094.749584
508.568911,202,3095.015876
70.835709,77,3095.141431
1087.799558,461,3095.733314
761.671367,311,3117.783891
1086.773185,457,3118.283384
485.283054,300,3118.601592
1087.245724,451,3119.124806
569.980743,223,3119.360682
710.627979,295,3119.675333
508.140721,200,3119.881852
760.616012,328,3120.234284
507.479731,204,3120.480861
762.304724,330,3120.898262
717.555723,294,3143.250676
65.794067,78,3143.350554
65.092418,72,3143.442089
944.446708,397,3143.891601
507.288171,194,3144.102089
453.421243,276,3144.42335
1087.818265,448,3144.935364
719.544632,298,3145.287443
711.16963,302,3145.633896
63.714909,73,3145.731269
1088.201799,441,3167.85299
508.018694,201,3168.052052
1087.584614,462,3168.585913
17.492889,93,3168.69856
904.06183,382,3169.101801
904.708247,371,3169.515078
944.372878,403,3169.965965
718.943756,294,3170.311413
569.616792,226,3170.551167
945.645811,388,3171.039468
719.631633,293,3194.085287
762.22282,317,3194.41848
507.037066,198,3194.640823
509.371109,198,3194.873871
903.393854,370,3195.264484
903.971038,370,3195.672214
1086.982998,462,3196.171919
945.197954,386,3196.714229
507.701671,201,3196.924119
718.865914,293,3197.232445
119.922575,94,3219.12103
943.870126,399,3219.561777
944.369037,391,3220.046268
762.581735,332,3220.409252
569.476458,227,3220.680194
760.671948,317,3221.086198
508.467966,211,3221.388415
762.399267,315,3221.834682
944.113221,390,3222.356476
507.997385,198,3222.589616
760.472579,330,3244.066982
568.666224,232,3244.292089
945.496519,378,3244.691482
717.881773,304,3245.017111
944.595418,400,3245.462827
902.833733,382,3245.877614
706.775614,296,3246.239898
761.616863,323,3246.621418
903.610831,386,3247.053
1087.750318,456,3247.626226
1085.652357,460,3268.523967
710.062965,295,3268.889692
424.348197,243,3269.187725
71.357478,72,3269.289319
568.769427,232,3269.610678
568.793887,221,3269.852449
507.959843,207,3270.065896
903.140367,380,3270.473956
569.107511,226,3270.762445
708.707073,315,3271.085711
762.359124,322,3291.703994
310.047412,230,3291.95897
508.122575,197,3292.153619
508.420459,202,3292.378887
508.787,206,3292.630899
944.719626,397,3293.134845
717.970877,290,3293.459124
1086.754097,460,3294.075047
569.637455,223,3294.364948
718.425011,298,3294.721014
761.0826,313,3315.229408
1086.321323,451,3315.692842
144.506307,109,3315.8161
493.085057,285,3316.149676
-16.03688,1,3316.173732
61.655069,69,3316.25388
60.861193,66,3316.344215
85.435546,81,3316.444444
902.649901,373,3316.858926
711.677736,287,3317.174984
718.442812,296,3337.235488
903.145533,379,3337.726025
708.47267,295,3338.067954
509.422451,205,3338.274975
1085.931922,446,3338.766363
718.284473,299,3339.09186
710.521191,301,3339.444972
18.123949,92,3339.551589
1088.341869,449,3340.063071
717.498301,298,3340.413108
68.890302,79,3360.71199
567.967976,223,3360.972947
507.487072,195,3361.173652
66.781402,79,3361.257555
60.108467,72,3361.355585
1086.575985,445,3361.904426
902.569194,370,3362.378052
943.901859,404,3362.826272
105.443525,113,3362.97275
717.695198,288,3363.288157
761.476867,313,3384.199323
508.48919,207,3384.411676
901.714115,383,3384.881169
718.702486,301,3385.24356
508.346369,208,3385.476626
903.506342,366,3385.933482
762.061432,324,3386.283669
902.481344,394,3386.733168
60.630539,74,3386.823201
507.969396,206,3387.038621
902.493284,382,3409.182006
717.959598,289,3409.465748
507.37262,204,3409.6718
568.586789,229,3409.927185
508.198794,201,3410.144482
1088.308722,453,3410.641602
945.895278,385,3411.084515
508.087814,196,3411.294245
568.385044,225,3411.531341
1086.886759,467,3412.060004
943.998599,392,3434.388958
717.054373,283,3434.70042
508.880737,200,3434.911702
1087.239684,460,3435.453811
718.082419,298,3435.841941
943.672804,395,3436.34122
24.584237,88,3436.452634
709.708426,295,3436.854042
507.903266,202,3437.085857
1087.725416,454,3437.616505
509.322521,206,3460.150584
760.692808,321,3460.501415
904.033394,389,3460.940958
944.984071,386,3461.365248
508.248192,199,3461.568251
761.326968,314,3461.953696
760.640596,322,3462.324256
569.726484,228,3462.577843
717.912851,293,3462.883028
709.407038,298,3463.249701
569.236316,229,3485.299156
903.97302,380,3485.712295
709.539001,297,3486.03779
1085.544018,459,3486.620476
470.071216,287,3486.919755
569.192963,232,3487.175406
945.95926,396,3487.606438
945.572616,394,3488.039437
707.327429,294,3488.396402
903.422042,371,3488.780295
569.855829,224,3510.713439
717.149689,288,3511.046737
508.243716,193,3511.263001
568.956461,222,3511.511252
1087.32694,462,3512.141026
509.490973,199,3512.377337
761.780478,319,3512.784277
944.034411,394,3513.305451
569.684278,230,3513.557828
944.245683,400,3514.042791
903.441815,376,3535.97471
451.183467,284,3536.270327
85.417102,85,3536.374489
904.16726,396,3536.801727
-16.011587,1,3536.826646
570.893562,225,3537.063419
945.832197,385,3537.536243
945.852363,390,3537.994311
718.233588,295,3538.315228
902.864757,378,3538.699354
761.855115,308,3559.273631
946.085842,400,3559.736931
507.94419,197,3560.002392
901.898704,393,3560.401921
708.620513,299,3560.730502
1086.615269,457,3561.240964
903.015716,392,3561.64566
1085.67222,463,3562.157132
707.955278,292,3562.463637
717.306154,302,3562.817596
84.031172,86,3583.770421
1088.163583,448,3584.282062
569.399724,230,3584.516984
944.120208,397,3584.981448
568.605441,226,3585.214197
944.442207,389,3585.696088
507.434316,206,3585.900913
903.918389,376,3586.301718
61.986943,66,3586.392732
717.465497,289,3586.784696
902.918603,362,3607.80458
902.420331,381,3608.17887
67.96767,73,3608.271367
945.099498,397,3608.73122
507.723516,202,3608.997552
945.144334,392,3609.43
717.512087,294,3609.735914
568.524188,223,3609.975312
708.944475,296,3610.281239
903.554946,387,3610.7544
904.549922,375,3631.694935
944.461453,389,3632.130519
569.368259,224,3632.379107
903.039102,382,3632.802996
1089.338662,441,3633.344949
507.363735,198,3633.55072
762.425145,323,3633.89625
509.668648,196,3634.10388
719.136201,286,3634.428916
904.260531,374,3634.822961
569.160973,220,3656.811459
61.022213,70,3656.916805
762.785878,308,3657.277521
762.270553,330,3657.643676
717.975085,283,3657.999846
719.657246,298,3658.353862
901.817222,373,3658.799621
903.235162,376,3659.206376
901.811345,386,3659.678548
761.885779,330,3660.087437
945.296938,403,3681.482549
569.73227,227,3681.707172
945.320758,404,3682.125969
762.866472,316,3682.458602
567.986667,226,3682.689143
945.343953,400,3683.125627
1088.592677,438,3683.681717
568.051664,230,3683.977061
507.841775,203,3684.216678
1087.538956,455,3684.753621
903.342444,375,3706.790053
47.233183,56,3706.859087
1087.531816,448,3707.358336
903.502618,375,3707.754302
719.288461,293,3708.0818
717.70674,292,3708.372988
1088.120515,440,3708.849837
568.001559,228,3709.085621
59.901874,65,3709.163495
567.998013,219,3709.383652
507.84623,202,3730.999219
1086.183501,472,3731.530889
944.153256,397,3731.974339
483.511346,297,3732.304477
507.763049,202,3732.58832
712.066593,305,3732.92971
508.319666,205,3733.179897
1087.202979,455,3733.719088
482.135539,300,3734.100733
508.252066,201,3734.350879
-16.032141,1,3756.411221
944.463363,390,3756.829302
568.601283,224,3757.059718
718.818505,282,3757.359178
147.992849,106,3757.51966
569.172637,227,3757.744619
568.199574,219,3758.02273
569.455561,218,3758.282087
507.440405,205,3758.565631
761.90553,312,3758.924913
508.252749,201,3781.038254
717.246513,299,3781.349768
490.989915,300,3781.677934
96.013423,90,3781.796676
509.69712,201,3782.008422
102.616011,90,3782.095085
507.80119,204,3782.313998
-16.031631,1,3782.335935
902.183522,381,3782.727709
-16.031557,1,3782.752028
567.8142,225,3804.956145
762.628132,324,3805.288565
59.977842,67,3805.39586
902.005513,383,3805.826612
761.535055,321,3806.185267
718.372634,289,3806.481399
717.711498,290,3806.857919
1087.799041,441,3807.400371
762.600422,311,3807.792215
709.379783,311,3808.168856
761.163401,322,3829.983431
46.865273,56,3830.046803
718.203917,297,3830.365169
718.817165,300,3830.679761
945.052031,406,3831.10604
42.098412,53,3831.174464
1088.229455,446,3831.649004
1087.847099,475,3832.155936
904.262069,380,3832.590065
718.673358,297,3832.891242
719.090356,299,3854.855669
1087.9269,457,3855.409329
946.737618,388,3855.841872
568.771592,224,3856.084322
903.371074,389,3856.58264
717.482171,304,3856.887099
1088.219788,451,3857.366421
568.170722,223,3857.602157
568.151941,228,3857.860384
1088.49461,455,3858.37231
945.698717,402,3879.371021
1090.285206,441,3879.940405
707.594068,303,3880.320929
946.227393,399,3880.794359
1088.333922,440,3881.394125
509.540089,196,3881.604268
761.935599,322,3881.963543
509.34227,205,3882.217523
1090.041376,455,3882.788284
945.378094,404,3883.243983
569.695534,227,3904.467923
1089.006243,462,3904.954164
58.81815,63,3905.020643
945.81456,390,3905.458652
945.571156,387,3905.897168
1088.933098,455,3906.391735
569.764789,221,3906.629821
1090.113137,444,3907.121748
719.310145,296,3907.439652
761.760775,321,3907.853018
60.20635,65,3928.138235
710.80981,303,3928.469197
569.699256,229,3928.723096
710.331941,300,3929.064585
718.72087,299,3929.375392
902.850361,394,3929.820318
507.530154,208,3930.047227
568.229935,231,3930.289573
946.197825,414,3930.760268
761.955598,316,3931.091865
508.035959,199,3952.283972
761.309846,324,3952.706973
1088.875683,476,3953.251697
568.671686,223,3953.575558
-16.025503,1,3953.59533
157.259758,118,3953.741549
709.307598,304,3954.128971
60.319234,66,3954.220041
61.125993,68,3954.327044
508.801921,199,3954.574997
509.583318,199,3975.784254
27.819607,44,3975.850069
711.605411,298,3976.170872
946.093917,400,3976.584505
945.985911,404,3977.033311
508.61503,209,3977.249932
948.028584,392,3977.690539
28.006124,45,3977.756465
507.380033,200,3977.976438
945.66047,402,3978.42189
61.326707,65,3999.733973
902.513405,370,4000.138808
710.970707,297,4000.474138
568.134945,220,4000.702312
718.617296,289,4001.040643
945.596041,390,4001.51162
719.187445,286,4001.805327
-6.280988,17,4001.838538
944.536035,392,4002.267784
568.478627,218,4002.509541
903.715217,365,4024.286646
95.971295,89,4024.3823
946.968881,399,4024.867098
717.569699,296,4025.207985
761.431424,317,4025.641483
761.20681,310,4026.017018
509.233234,195,4026.225783
762.163223,329,4026.602235
902.799684,366,4027.075372
902.729291,383,4027.545213
760.063314,330,4049.172178
567.399128,226,4049.392997
567.976084,226,4049.646695
902.393471,373,4050.059634
712.131912,300,4050.42509
1089.437332,460,4050.939427
495.553528,292,4051.259078
569.455182,225,4051.515663
567.365909,223,4051.757273
567.828784,227,4051.990657
59.621729,67,4074.212853
760.672197,320,4074.571984
1088.229384,460,4075.101173
1087.853231,438,4075.584979
761.022901,325,4076.014715
718.264676,285,4076.368198
944.794653,402,4076.840001
105.317652,102,4076.974151
108.456197,103,4077.089214
718.545532,290,4077.40576
508.593856,209,4098.97175
61.617367,109,4099.120962
761.568436,322,4099.494226
107.706362,99,4099.611106
108.358142,99,4099.726702
-16.02351,1,4099.751192
710.265222,304,4100.099732
107.924436,101,4100.224756
901.536394,393,4100.674247
719.286709,281,4101.03496
901.218444,388,4123.459543
67.666781,75,4123.547407
482.517913,283,4123.86141
568.245733,219,4124.079255
717.748692,293,4124.394834
479.057489,291,4124.708194
59.663992,69,4124.821506
762.321776,306,4125.142349
60.795477,67,4125.248518
1086.833323,450,4125.776131
1087.782813,448,4148.345747
60.329548,65,4148.421623
944.786034,401,4148.858883
718.414973,291,4149.162217
507.285261,204,4149.377608
59.739362,68,4149.468739
70.536875,77,4149.577515
568.462811,227,4149.853001
945.187365,402,4150.290382
711.797702,298,4150.629071
481.368523,284,4172.984681
718.786464,289,4173.280967
762.108929,307,4173.635264
101.516763,97,4173.746079
712.337001,295,4174.087264
568.717823,225,4174.333678
712.139566,301,4174.679426
60.540888,71,4174.776919
945.931654,382,4175.212911
902.759976,369,4175.639892
709.060658,310,4197.366556
105.831999,110,4197.49693
1087.954483,457,4198.008781
717.300038,297,4198.338425
471.414684,295,4198.687507
507.900607,206,4198.913221
944.938331,402,4199.354317
569.147161,230,4199.593248
507.744244,204,4199.798486
709.426036,300,4200.158744
1090.695177,459,4221.534943
946.214911,406,4222.065426
904.626902,378,4222.469669
1088.625333,459,4223.000763
70.527132,87,4223.118005
945.267934,402,4223.606407
719.649415,299,4223.963991
569.262696,233,4224.216729
568.991141,230,4224.463718
762.770007,317,4224.849047
946.755948,381,4246.033398
507.643665,199,4246.236667
-16.035725,1,4246.263226
717.977928,283,4246.557106
902.641239,374,4246.981641
507.238165,196,4247.196326
1087.839873,468,4247.738395
718.005008,293,4248.076719
508.146609,192,4248.29502
717.626116,291,4248.64941
904.962914,366,4269.842932
945.276029,398,4270.260709
569.635493,228,4270.492241
763.06866,307,4270.827501
507.507712,206,4271.062763
718.269727,286,4271.369489
507.939939,192,4271.60771
568.889771,219,4271.881039
711.649178,301,4272.203033
18.064132,96,4272.324601
568.891824,221,4293.827665
507.382982,204,4294.045325
717.831455,295,4294.329153
59.514004,71,4294.412242
945.045907,400,4294.86721
718.629067,291,4295.176749
568.813282,228,4295.442825
901.85157,389,4295.868335
569.665137,225,4296.149859
903.605224,383,4296.57897
944.791822,394,4318.832733
60.93836,70,4318.915352
70.918154,80,4319.041918
408.984096,242,4319.308251
1085.760274,446,4319.789016
567.980257,229,4320.03073
567.787728,223,4320.298295
759.727526,321,4320.663906
75.236522,80,4320.763562
760.463673,322,4321.107836
901.902116,375,4342.275224
567.274294,227,4342.551116
762.842797,304,4342.924672
108.03698,108,4343.043126
109.313138,103,4343.172299
45.921603,114,4343.331887
760.612139,313,4343.726975
145.643881,111,4343.863673
269.168661,186,4344.060107
718.236338,297,4344.404686
75.115887,85,4366.143504
483.30223,278,4366.426423
716.952917,298,4366.735118
718.631288,293,4367.129938
717.4725,294,4367.475671
568.441988,222,4367.748069
902.842036,374,4368.167916
482.819739,278,4368.493001
717.12939,299,4368.793776
760.885306,322,4369.210521
60.781258,70,4391.435715
-8.026028,1,4391.45417
946.348308,382,4391.847809
762.311792,315,4392.19478
719.186631,286,4392.496444
761.419092,313,4392.916753
760.880913,320,4393.276771
60.824737,68,4393.361128
901.967064,383,4393.757762
147.369067,105,4393.924525
1090.208545,453,4416.658108
61.376918,67,4416.752686
1089.216973,437,4417.266701
903.970682,374,4417.711972
761.281706,310,4418.058986
761.905912,313,4418.447512
1088.279001,446,4418.9862
509.290418,192,4419.22262
1087.599952,460,4419.737405
720.226981,284,4420.061308
508.894314,196,4441.991056
903.327484,369,4442.389324
106.767228,101,4442.51025
712.266633,297,4442.882178
760.77279,316,4443.271372
945.178843,388,4443.680303
761.090208,314,4444.047903
902.726,371,4444.52902
944.816048,398,4444.948844
1089.339057,444,4445.506205
761.387797,318,4468.514197
945.346086,384,4468.900566
761.559523,314,4469.262684
714.294046,289,4469.569222
713.12919,293,4469.934544
904.387387,366,4470.314981
508.85168,201,4470.518909
61.371933,73,4470.623919
718.999222,299,4471.016832
903.299165,378,4471.418397
902.288755,381,4493.380053
1088.347321,466,4493.984476
903.195028,377,4494.399194
60.973603,65,4494.511343
903.390554,373,4494.968256
60.970523,67,4495.044691
903.874743,374,4495.44545
1088.6301,457,4495.977943
60.638379,66,4496.062676
760.527747,315,4496.412473
568.765612,222,4517.014181
945.486208,402,4517.462569
902.786034,372,4517.90147
569.329643,229,4518.171484
710.743743,296,4518.541262
709.719986,309,4518.874991
508.560687,202,4519.108008
1090.860622,441,4519.636673
720.17293,288,4519.969779
761.482837,316,4520.378285
-8.043548,1,4540.641014
59.369314,68,4540.73162
1087.349811,464,4541.242505
717.734515,300,4541.561423
718.655242,288,4541.862653
568.700766,229,4542.094477
1088.35772,457,4542.597847
762.009361,312,4542.971441
1088.793363,448,4543.496078
507.589707,197,4543.698151
-16.040911,1,4564.241794
1089.504183,451,4564.719457
507.790713,193,4564.919274
568.14215,220,4565.140128
569.493668,220,4565.41754
360.280199,228,4565.674425
762.10365,315,4566.036486
1091.558346,452,4566.594351
568.164903,221,4566.854158
710.23713,294,4567.217115
761.061253,312,4587.570431
507.530593,196,4587.811104
60.355926,73,4587.921533
508.713753,200,4588.119195
508.468872,197,4588.314945
60.033345,68,4588.393672
-16.039389,1,4588.422452
-8.039799,1,4588.445371
60.365492,66,4588.527247
508.877015,199,4588.742482
75.520667,77,4608.760185
903.493892,370,4609.1483
905.243045,366,4609.537497
74.30442,81,4609.633075
1088.979387,461,4610.165075
-16.040154,1,4610.193944
945.250881,399,4610.627548
570.03101,229,4610.866188
945.899669,397,4611.343436
569.376799,223,4611.569152
70.754734,75,4631.746696
902.028123,382,4632.183254
706.599161,304,4632.491084
708.097444,306,4632.882298
944.330263,404,4633.332147
760.151603,329,4633.745119
761.68401,317,4634.080449
479.927803,290,4634.491574
760.644025,319,4634.85414
1087.443811,448,4635.399683
569.171226,225,4657.183836
946.238973,392,4657.607852
719.293433,285,4657.888124
944.002843,400,4658.318344
61.215343,72,4658.405673
568.310239,219,4658.633817
902.620207,368,4659.013475
507.765596,199,4659.274716
568.757217,221,4659.534329
568.111761,234,4659.799902
717.999528,287,4682.058715
568.3637,226,4682.325249
762.14909,312,4682.691669
762.429677,308,4683.106548
719.056201,290,4683.436771
1089.567159,444,4683.954311
471.950513,283,4684.268367
761.710507,323,4684.612241
717.999675,289,4684.907023
709.981272,299,4685.22289
60.466901,78,4707.393641
492.062206,299,4707.704732
904.330986,378,4708.101353
717.930927,291,4708.449741
1088.23177,455,4708.948432
710.213299,299,4709.324629
507.994829,201,4709.556796
711.258169,302,4709.929934
1087.954551,436,4710.440472
718.923251,299,4710.757254
761.058695,312,4733.521383
718.47794,284,4733.81095
507.653861,197,4734.002082
760.62175,316,4734.333162
762.196376,323,4734.714184
494.548039,298,4735.055172
569.558094,225,4735.288539
493.896624,298,4735.618836
1089.856324,448,4736.184012
719.186887,297,4736.496183
718.249872,300,4758.757929
507.288766,198,4758.954197
59.466998,62,4759.033129
762.086193,311,4759.362323
762.799722,311,4759.700918
1089.435123,452,4760.250779
1090.037468,448,4760.741923
761.063785,316,4761.118872
569.180206,225,4761.361501
945.440458,409,4761.800586
1088.046534,470,4784.390105
568.787855,222,4784.689441
61.074372,71,4784.769798
491.695627,298,4785.134487
568.249559,222,4785.387893
75.709569,78,4785.506803
945.195985,403,4786.028672
902.263617,390,4786.494845
508.164573,204,4786.727459
1088.383382,457,4787.29368
75.900256,81,4807.9705
719.043766,291,4808.256007
761.428378,318,4808.579189
1089.124714,453,4809.065693
947.180416,390,4809.482376
492.771853,289,4809.845297
762.072272,314,4810.230262
1089.699932,456,4810.795367
760.747387,321,4811.176835
902.971486,390,4811.656854
1089.362122,446,4832.294672
944.790236,396,4832.7264
1090.539252,457,4833.28145
1088.836047,457,4833.801669
718.67806,298,4834.113945
762.785199,310,4834.446464
60.526619,70,4834.545912
947.389583,398,4834.970465
147.023778,109,4835.133109
1088.686451,445,4835.62661
632.594916,347,4856.268089
761.795298,328,4856.664358
718.542409,280,4856.970868
719.059931,292,4857.271149
507.20993,200,4857.466834
945.3592,403,4857.982128
719.446869,284,4858.285154
60.820356,64,4858.388342
902.889219,385,4858.859351
424.589845,254,4859.1454
761.07717,319,4880.386317
60.856119,71,4880.468337
903.691908,369,4880.858607
760.531173,318,4881.20048
1088.2315,447,4881.700519
568.804456,228,4881.941915
568.507559,230,4882.228561
718.210029,296,4882.547674
718.594191,303,4882.882775
710.48673,295,4883.204558
902.593998,378,4904.534046
944.843426,396,4904.96715
567.731081,221,4905.192969
761.56888,311,4905.531533
760.414208,329,4905.88695
508.318882,200,4906.091348
-8.0514,1,4906.114162
60.182008,68,4906.198894
718.240474,298,4906.516235
146.976384,110,4906.647517
-16.034542,1,4927.40676
719.604295,298,4927.747761
569.114194,216,4928.024895
719.278411,280,4928.308776
709.891102,299,4928.6748
712.141505,297,4929.057791
762.020037,310,4929.474679
509.866769,198,4929.703856
945.460762,404,4930.159705
508.443217,198,4930.365501
711.104143,299,4951.746128
1087.192209,466,4952.227704
903.33913,368,4952.614502
707.657616,300,4952.932163
718.25941,289,4953.221913
945.024232,399,4953.696859
760.770926,323,4954.102729
717.744873,286,4954.398714
509.36997,196,4954.600889
569.336367,235,4954.850445
74.654154,78,4977.044293
1087.880633,446,4977.534028
903.97367,389,4977.948204
568.523079,231,4978.188116
902.469122,382,4978.581629
1087.672633,456,4979.074721
568.308512,226,4979.315554
1088.465097,444,4979.811935
508.411732,203,4980.078587
507.410747,203,4980.301786
568.518568,221,5002.144826
509.374601,207,5002.377997
569.290042,227,5002.645334
106.65304,99,5002.754789
762.325902,310,5003.095468
1089.371029,450,5003.671376
-16.039044,1,5003.695407
761.618763,321,5004.04945
-16.027716,1,5004.072402
570.022286,224,5004.327945
761.523565,309,5026.584285
761.863899,314,5026.91732
491.881476,285,5027.241647
568.332836,228,5027.482858
61.591859,75,5027.573998
762.623412,312,5027.906132
718.601543,289,5028.188956
61.637265,70,5028.286933
718.639551,283,5028.607167
1088.928742,458,5029.107326
947.266074,400,5051.070481
60.217352,67,5051.171499
568.668987,222,5051.402807
763.416855,319,5051.767783
945.77134,398,5052.21436
720.498126,289,5052.58057
508.255727,193,5052.832043
508.666115,197,5053.032051
720.354414,294,5053.401189
946.910479,410,5053.842851
