#{"t_start": 1777916507.940593, "env_id": "None"}
r,l,t
-54.294026,600,20.075087
33.736902,196,20.28863
-32.183101,600,20.906198
-7.894828,900,21.83694
-17.116202,900,22.766373
29.073178,375,23.208708
-38.058208,600,23.830588
-20.740241,300,24.143976
-71.147687,600,24.839766
-35.587522,600,25.452454
-23.233502,300,46.527066
-18.823492,300,46.875639
-19.732472,300,47.239967
-22.617001,300,47.583348
-19.240063,300,47.914864
-27.523216,300,48.246932
-16.042191,1,48.271362
-18.056115,300,48.590607
-22.351886,300,48.912542
-17.92262,300,49.24792
-23.73113,300,72.435133
-32.383123,300,72.751555
-16.92409,300,73.046202
-17.192211,300,73.358322
-18.416627,300,73.667792
-45.929548,600,74.342256
-21.090901,300,74.678366
-28.588707,300,75.051249
-24.579801,300,75.392307
-27.566576,300,75.720404
-21.405425,300,97.97653
-28.371924,300,98.269958
-19.781199,300,98.57343
-24.748319,300,98.878997
-3.379034,28,98.937474
-174.456462,436,99.379395
-22.058134,300,99.687915
-3.425977,30,99.736166
-6.174745,24,99.780879
-22.809924,300,100.106465
-19.540797,300,123.216492
-22.700881,300,123.604927
20.642075,457,124.17972
-2.246329,183,124.400215
7.132408,411,124.877432
-5.562409,301,125.240372
1.797164,255,125.630348
-16.253346,255,125.951104
-8.074153,1,125.985878
1.646498,479,126.571005
-29.24506,600,147.425346
-14.110353,709,148.049335
-21.052032,300,148.332434
7.219865,304,148.633834
19.125268,355,149.017455
-18.319753,300,149.365431
-1.498149,170,149.573874
-0.434504,147,149.756363
-0.353717,197,150.001443
-1.191991,187,150.224933
-59.892617,1500,174.801638
-13.035025,600,175.406443
-8.065696,1,175.432134
-17.515717,600,176.057391
12.041406,383,176.456434
58.444526,592,177.108218
-7.083517,600,177.701689
56.588771,593,178.31352
-16.069468,1,178.345119
-59.966418,600,179.002539
60.773125,526,198.725778
-30.204915,600,199.291589
3.227298,89,199.396275
-18.120709,900,200.274734
-25.83074,600,200.876486
60.171346,526,201.444243
-0.790946,46,201.520666
-12.098144,600,202.126208
3.384276,88,202.23663
21.628182,242,202.490753
8.518527,406,223.477499
-5.614958,32,223.528659
-20.880649,360,223.882475
-1.578862,92,223.98803
-33.798195,437,224.435105
-1.363844,80,224.534811
-3.09975,189,224.741771
-7.120884,25,224.781336
-13.365343,253,225.047188
-2.111911,85,225.207959
-5.874143,70,245.34567
-20.186236,359,245.719031
-5.236206,237,245.983353
-7.41476,259,246.261191
-4.572828,29,246.319117
-6.496808,18,246.361205
-4.346332,209,246.594419
-1.732144,86,246.715891
-2.134349,74,246.815758
-5.321302,44,246.89199
33.553048,304,266.891906
67.037607,411,267.334366
-4.077137,194,267.525101
29.49941,265,267.806463
16.467816,217,268.03734
-54.090418,600,268.659092
17.462501,264,268.959736
29.517011,266,269.255428
14.06108,590,269.913074
27.430766,319,270.253993
34.144785,900,291.133168
12.173776,283,291.415346
-0.820527,178,291.615183
73.327487,332,291.977832
38.531822,600,292.661543
1.655208,900,293.659517
32.530855,900,294.679248
2.979378,106,294.819245
11.617526,493,295.360904
33.051832,900,296.377382
-38.797064,600,316.96219
11.398245,105,317.091331
58.310579,600,317.79979
55.99445,238,318.056998
54.623168,247,318.325954
-41.838797,600,318.923705
94.720435,450,319.422654
92.692638,393,319.876025
23.61012,202,320.090893
14.610513,65,320.178379
103.403059,560,340.128682
-39.183449,600,340.751654
43.59559,282,341.059788
-27.011162,600,341.682603
14.688572,217,341.978989
64.669594,900,342.954322
45.732237,270,343.247995
45.751581,256,343.520615
2.470913,51,343.587751
3.443938,38,343.645628
7.481498,454,363.431348
44.66709,600,364.013302
30.829096,600,364.613496
37.038231,619,365.254249
-42.460676,600,365.863552
-38.978435,600,366.463189
72.945557,319,366.815873
73.268492,316,367.165731
73.873002,303,367.507701
35.707948,104,367.647801
85.756081,486,387.349604
57.861577,456,387.803792
40.723056,228,388.037035
77.864004,588,388.651321
51.30603,523,389.202824
112.517007,900,390.173237
88.321747,248,390.452878
48.011255,576,391.053621
87.570492,246,391.325079
121.759683,900,392.299233
89.313663,387,412.377452
62.77827,600,413.131759
68.625356,600,413.797197
41.834228,199,414.000433
203.845848,480,414.509191
62.212608,600,415.163875
58.096137,370,415.57688
92.631399,315,415.937127
203.850257,493,416.477383
86.954548,289,416.780348
18.986682,600,440.831743
385.355743,734,441.721844
96.175002,295,442.072531
3.849682,26,442.127491
52.195286,600,442.802574
16.723809,600,443.450938
3.352007,32,443.506289
-8.007144,1,443.534528
17.916441,600,444.169956
17.900209,600,444.817658
15.881863,36,464.872899
148.603915,290,465.188015
771.278911,1201,466.467709
338.974077,555,467.107804
21.743146,58,467.189663
340.609559,543,467.806447
200.005828,331,468.189513
26.203043,52,468.267608
374.405272,598,468.950922
15.529139,41,469.011582
125.670837,271,489.353854
130.999787,266,489.652926
190.035703,303,489.985684
-16.052066,1,490.019091
189.84999,314,490.403698
15.382381,41,490.470149
190.318788,306,490.984749
204.970039,330,491.439123
264.052117,422,491.93883
169.364946,296,492.25988
203.228132,339,513.857581
203.898194,339,514.243321
202.254633,408,514.697199
201.700944,413,515.140038
171.535884,299,515.456108
169.24292,347,515.88746
161.40769,323,516.2764
203.035027,347,516.666958
201.584899,424,517.130838
48.451824,96,517.246881
213.367072,332,538.305233
25.796179,57,538.382687
177.718581,285,538.687736
184.850304,308,539.01093
203.479451,294,539.338169
207.996683,333,539.70392
-16.02883,1,539.731564
45.500124,106,539.855008
239.818435,383,540.249473
204.564063,348,540.633141
48.276757,76,561.52653
61.952578,101,561.642784
202.913832,315,561.997179
15.737393,41,562.059069
202.081418,280,562.363719
206.738164,298,562.700533
61.721234,100,562.815945
18.384505,40,562.876965
93.652879,158,563.047612
47.325834,75,563.149972
79.235374,126,584.289362
186.536754,238,584.58254
93.674787,151,584.752931
193.723603,259,585.114206
45.820439,84,585.218654
46.203262,80,585.317557
191.420758,263,585.622911
34.016572,85,585.728441
63.678842,109,585.852581
59.936017,105,585.974576
47.113085,72,607.021125
147.002466,193,607.246051
33.505488,89,607.356227
47.003273,72,607.456409
186.917349,233,607.737606
45.640033,77,607.834267
47.313476,73,607.933902
47.062981,74,608.034286
96.581357,130,608.187362
34.054844,75,608.283737
49.349163,80,629.168053
77.979081,112,629.314096
46.983423,75,629.414361
46.512578,72,629.502648
188.592607,216,629.767476
48.499929,77,629.865203
790.091083,890,630.845381
194.334363,210,631.079649
15.546851,36,631.154316
106.559626,136,631.324183
110.632829,161,652.283326
228.046909,294,652.614883
80.495047,128,652.772867
95.964198,126,652.916642
152.807905,229,653.172567
14.319499,37,653.240088
-16.01042,1,653.26766
48.630329,89,653.374907
133.132848,198,653.598636
15.657602,33,653.735
62.911428,101,674.72959
193.580157,228,674.986538
94.222249,141,675.140369
194.026817,223,675.377867
241.71138,319,675.706228
35.312377,71,675.802649
154.320917,205,676.024487
96.168607,126,676.182064
241.627889,327,676.535458
93.764803,130,676.675584
74.807342,119,697.151494
45.940497,80,697.251126
114.066,124,697.404821
73.867217,113,697.529039
229.611653,303,697.835734
105.556341,147,698.007936
182.077697,600,698.63949
195.932257,240,698.9079
257.893343,340,699.259952
193.875164,223,699.502297
259.718769,361,719.778074
259.416266,363,720.154479
557.259127,520,720.676274
192.803298,229,720.931758
193.961126,226,721.194232
845.169331,1044,722.322136
228.067876,349,722.67377
45.369272,88,722.790161
555.853442,539,723.342815
572.729635,701,724.128703
154.354969,203,744.083421
45.34092,88,744.188952
228.8989,312,744.511301
110.180072,166,744.68585
45.753054,92,744.795687
283.669793,361,745.196759
284.626942,362,745.603618
154.611092,200,745.832113
1070.943771,986,746.899039
46.481453,84,747.00719
278.730753,325,767.663803
747.680699,673,768.355344
106.381143,152,768.520265
282.051458,331,768.874908
559.631819,452,769.346654
153.83249,201,769.574942
705.542961,561,770.221126
501.81439,380,770.615943
235.829752,309,770.951891
48.820471,90,771.065812
-2.127302,180,791.218953
284.032755,330,791.582348
234.844876,311,791.890467
103.598774,123,792.044759
260.566016,307,792.37805
706.204793,525,792.913917
234.914807,297,793.224327
281.935814,301,793.551888
707.450646,521,794.07466
407.213575,459,794.586771
750.478869,639,815.305691
95.362378,115,815.442695
251.758397,293,815.763743
559.779617,420,816.187889
50.027098,88,816.289531
46.852324,73,816.379982
235.780647,306,816.693696
886.253466,671,817.397326
519.490917,655,818.113398
1072.392879,934,819.109135
1073.622723,842,839.766295
502.183662,345,840.117557
283.011917,272,840.417688
281.294293,275,840.715363
195.097222,186,840.927802
502.364632,338,841.273173
-8.021392,1,841.298569
748.620173,611,841.948727
267.697905,280,842.26843
279.878954,291,842.599102
749.431191,585,863.32445
49.038103,71,863.421366
97.153954,103,863.543594
153.747943,176,863.743955
341.911145,344,864.13127
707.397473,470,864.606166
561.952652,380,864.986515
520.406816,584,865.629425
267.146714,283,865.941307
259.912883,274,866.248523
410.159456,412,886.677894
503.481253,338,887.026837
272.420129,292,887.339416
708.844321,492,887.847252
503.946312,337,888.182947
708.821204,475,888.668977
890.130985,584,889.270598
562.11592,382,889.680045
46.493507,81,889.77873
452.363951,510,890.327551
505.868209,309,910.766648
565.209305,338,911.114657
60.147983,65,911.208198
63.306865,70,911.302194
504.27126,303,911.612089
-8.05161,1,911.639118
505.750951,289,911.935046
60.92413,66,912.025279
564.594065,343,912.375962
58.086509,94,912.487276
59.179524,98,932.995943
271.298478,213,933.256314
275.643406,245,933.526626
-22.701185,149,933.691237
430.261786,365,934.092663
1083.891352,704,934.840791
47.084649,71,934.930977
565.413992,310,935.256966
757.113249,493,935.778965
505.814726,279,936.079753
567.107569,286,956.246538
59.664642,109,956.376758
505.98374,268,956.653842
506.193949,269,956.92919
275.090691,236,957.187413
756.347596,468,957.684875
60.790536,69,957.775107
104.387382,94,957.907514
242.29906,222,958.161241
102.69081,89,958.280797
62.879043,72,978.62228
46.997884,67,978.778183
442.22874,371,979.178637
102.97402,93,979.302459
430.468599,330,979.669863
507.41586,256,979.931564
895.299543,456,980.398924
62.277294,104,980.524279
47.139469,65,980.609938
51.681919,80,980.714885
-8.01074,1,1000.93407
713.512035,344,1001.287735
714.027283,351,1001.645994
102.705215,94,1001.768183
506.767943,240,1002.008659
152.879318,141,1002.176937
567.27176,262,1002.456414
507.544113,236,1002.711841
431.147712,317,1003.071975
282.645161,235,1003.34997
388.497502,257,1024.18725
568.611121,244,1024.44447
26.753196,45,1024.506984
294.946185,198,1024.731849
199.372203,146,1024.895584
146.382685,124,1025.043632
715.77616,333,1025.391339
508.116451,241,1025.640497
716.978554,333,1025.988178
274.38572,184,1026.213833
1082.78934,594,1047.872467
287.381316,201,1048.101011
248.646192,168,1048.304285
114.429187,108,1048.445701
712.490975,351,1048.826936
266.669233,194,1049.077486
715.175426,344,1049.4494
61.429853,110,1049.580493
264.614379,197,1049.882291
274.657272,212,1050.139565
1083.055562,629,1071.89456
506.213428,251,1072.161441
304.672217,210,1072.401105
1082.777186,624,1073.10296
521.848249,350,1073.501697
1083.319211,632,1074.221066
60.085552,86,1074.332765
414.650402,294,1074.683572
714.719346,351,1075.079352
567.117581,275,1075.392151
757.140592,444,1096.510735
566.98919,289,1096.8068
711.816573,382,1097.191223
566.978743,300,1097.499995
897.272155,441,1097.967194
-60.304944,145,1098.131405
287.009787,201,1098.363635
712.951444,373,1098.759736
1079.423544,693,1099.527488
66.596896,79,1099.634964
897.82014,427,1120.193947
60.070056,80,1120.293372
759.302949,410,1120.734515
568.145785,269,1121.018588
279.637715,248,1121.289293
758.435161,410,1121.722077
898.361854,417,1122.166372
810.593598,549,1122.781544
506.785411,244,1123.038143
715.644626,335,1123.39646
568.47129,241,1143.641822
431.553374,276,1143.940905
249.015413,169,1144.126462
142.376941,120,1144.269744
269.349915,209,1144.50666
759.705297,383,1144.917491
279.390126,212,1145.144154
714.807071,324,1145.50152
569.308329,237,1145.758386
-8.042431,1,1145.848858
761.827075,374,1166.34994
716.482797,324,1166.689315
716.414544,333,1167.027716
567.84324,253,1167.292207
900.018865,412,1167.728611
900.889385,402,1168.189254
1085.529331,529,1168.806684
716.609577,321,1169.172982
508.005406,235,1169.422225
716.99132,329,1169.777768
288.010451,182,1189.619892
45.110281,105,1189.728671
406.383296,250,1190.02868
57.174949,96,1190.139215
56.737372,103,1190.254962
548.710415,353,1190.620828
569.202402,248,1190.886632
717.458417,305,1191.208663
274.508552,177,1191.409982
-16.053852,1,1191.431367
352.106902,226,1211.098458
251.003002,190,1211.298549
761.478843,376,1211.687969
508.16777,235,1211.922472
119.636818,107,1212.055254
65.877736,107,1212.179461
548.107073,372,1212.58774
296.31313,201,1212.822386
761.175537,373,1213.236415
283.446866,217,1213.47755
58.69804,97,1233.139857
568.266017,247,1233.404818
1087.090723,517,1233.956549
762.362789,355,1234.329867
509.022819,228,1234.566785
-24.132398,600,1235.169755
102.998426,97,1235.295537
567.569946,249,1235.563952
942.841478,432,1236.024997
1086.632988,534,1236.62459
718.187353,307,1256.569839
260.391292,199,1256.773708
1087.49761,503,1257.298631
292.692555,189,1257.51703
246.514519,190,1257.717281
93.393227,123,1257.860618
70.143515,89,1257.962219
284.13286,201,1258.195963
60.479514,76,1258.283136
262.171142,195,1258.494199
717.81353,322,1278.333771
717.263071,319,1278.662961
432.989744,264,1278.957654
508.190028,224,1279.173642
568.469207,241,1279.425022
59.865373,80,1279.583546
1089.306795,504,1280.158207
347.322999,218,1280.401419
761.187484,362,1280.80087
1089.115144,496,1281.380718
508.656372,223,1301.100598
944.475543,446,1301.548831
568.286415,238,1301.805051
58.050957,78,1301.897232
346.662351,228,1302.143115
274.807078,202,1302.382285
760.513758,366,1302.787423
251.106827,181,1302.975235
900.227043,403,1303.408329
716.917696,328,1303.772711
284.756224,199,1323.410239
760.521488,348,1323.784163
188.026831,144,1323.94293
762.255089,359,1324.317534
47.170239,60,1324.406769
569.655629,244,1324.651287
568.07748,245,1324.917277
70.913514,87,1325.017002
945.247355,423,1325.482994
245.486059,187,1325.682962
568.787142,247,1345.369059
116.214389,105,1345.484865
-16.064203,1,1345.504791
568.990176,239,1345.749561
902.313044,394,1346.153297
568.537823,243,1346.385762
761.917938,358,1346.787231
142.72191,115,1346.92308
144.437474,119,1347.074181
943.997572,429,1347.535009
901.191215,391,1367.69035
760.694414,353,1368.083475
508.877429,212,1368.308743
117.629567,104,1368.433536
901.565683,411,1368.868517
570.173234,235,1369.113729
1088.23662,512,1369.732276
144.35479,120,1369.878048
1089.300042,490,1370.421687
717.344411,314,1370.737197
763.30594,355,1390.861952
1088.535792,499,1391.404805
509.740753,212,1391.613405
509.406901,212,1391.82753
508.87918,204,1392.035542
569.280367,237,1392.294701
508.849577,224,1392.526191
293.898846,185,1392.742405
1088.531765,482,1393.299862
453.344675,288,1393.608067
288.154022,204,1415.098331
943.124204,447,1415.54546
508.441357,224,1415.762656
944.242593,465,1416.240317
900.903213,444,1416.701773
568.223448,254,1416.967177
508.088431,231,1417.201506
717.512128,348,1417.564484
942.18732,478,1418.058953
569.258878,261,1418.324165
327.441148,211,1442.033086
902.813749,392,1442.412026
115.226008,104,1442.521695
57.997294,70,1442.609115
317.418979,208,1442.816905
902.140807,389,1443.202991
48.395957,64,1443.293671
1089.075031,481,1443.833724
120.371264,102,1443.962949
120.552599,101,1444.102877
333.829868,205,1466.874522
717.952899,301,1467.170366
718.562939,305,1467.475325
104.624049,126,1467.604241
569.643845,230,1467.864152
945.965393,412,1468.367896
141.680608,112,1468.51251
328.36571,199,1468.747591
509.33985,201,1468.982932
1089.517655,488,1469.563147
568.414601,231,1493.785188
507.142238,212,1494.015128
296.550398,191,1494.240916
944.673779,440,1494.695614
570.065272,244,1494.966083
946.00368,417,1495.438458
16.489408,568,1495.998481
294.772828,189,1496.212981
616.089043,362,1496.616391
260.982293,187,1496.821252
290.300701,181,1518.545486
902.459188,394,1518.978529
762.435366,338,1519.353621
508.106475,214,1519.578249
59.879715,90,1519.7019
347.736047,218,1519.968188
762.257617,343,1520.350363
59.945324,71,1520.450788
570.157473,236,1520.714291
68.183815,94,1520.841167
763.42189,340,1543.897507
1089.054527,482,1544.37985
761.974337,329,1544.703365
902.001677,380,1545.078061
144.725314,117,1545.232725
902.912222,388,1545.687475
904.211851,374,1546.126156
59.353612,70,1546.229663
568.288798,248,1546.555822
288.350495,185,1546.819902
634.19432,367,1570.033253
902.075967,404,1570.427516
718.254542,304,1570.731447
902.095688,403,1571.174402
508.941888,206,1571.380125
1090.593663,471,1571.8933
281.696179,189,1572.105103
762.650687,329,1572.459487
408.335865,260,1572.748718
1089.868353,479,1573.270747
408.927396,239,1597.252697
902.607973,381,1597.641654
719.019518,295,1597.976812
902.508072,377,1598.417148
1091.351405,461,1598.984844
568.086017,236,1599.285499
508.716417,207,1599.530791
473.686635,285,1599.893536
717.728938,298,1600.244405
57.100585,70,1600.336997
761.945674,335,1623.306623
568.416521,239,1623.590962
-19.220536,600,1624.294933
56.99724,76,1624.399086
762.932741,336,1624.825332
903.260428,389,1625.288142
1090.574119,465,1625.885984
60.018684,67,1625.984631
146.704736,115,1626.143016
60.452035,71,1626.254395
719.170488,289,1650.99701
719.728153,289,1651.291409
903.517031,368,1651.659387
67.313759,80,1651.757089
945.50836,411,1652.267976
507.753556,208,1652.484569
719.233086,296,1652.808907
905.14968,377,1653.205515
945.628085,411,1653.666491
508.601582,207,1653.877356
60.298998,71,1675.577248
901.7283,406,1676.109064
901.963348,396,1676.640989
763.548988,351,1677.132569
901.021913,403,1677.685649
189.227459,140,1677.888499
97.633697,92,1678.01681
143.655042,118,1678.203684
901.682054,401,1678.735807
121.748077,98,1678.900289
143.426066,115,1700.949023
507.436174,213,1701.174313
718.250792,313,1701.496912
902.162234,412,1701.976658
762.59627,344,1702.440244
509.04266,217,1702.737814
508.108821,211,1703.00023
570.261084,245,1703.324942
59.026671,77,1703.44354
944.851044,427,1704.023958
718.359335,305,1727.043961
719.123233,302,1727.35193
292.971828,184,1727.554249
902.023104,403,1727.970978
100.988361,97,1728.081604
64.887025,76,1728.174696
417.520408,257,1728.456661
347.397559,224,1728.705146
569.072663,240,1728.961227
632.373818,369,1729.35895
1090.589489,464,1754.019059
1091.403587,468,1754.601474
569.789259,229,1754.911893
481.581101,303,1755.293433
903.851401,375,1755.735047
508.548524,216,1755.971427
902.36373,389,1756.376617
718.728739,299,1756.710677
904.392936,383,1757.129379
569.622204,240,1757.386686
944.164974,416,1780.489542
1089.429796,460,1781.04582
717.549178,296,1781.359458
145.426931,112,1781.522026
901.279136,376,1781.953383
570.327402,231,1782.208426
717.523676,292,1782.540505
569.377557,230,1782.799675
508.729921,203,1783.02628
507.392412,214,1783.259061
903.293888,378,1807.783954
763.613059,333,1808.141278
1090.002858,480,1808.660148
118.584029,99,1808.782371
144.677441,109,1808.915447
1091.127878,467,1809.425821
1090.611746,460,1809.940357
50.887877,61,1810.022357
945.025723,408,1810.470602
763.807856,331,1810.835759
508.081105,221,1833.048738
634.442043,359,1833.48111
479.098678,317,1833.875355
50.816045,62,1833.973816
507.883452,219,1834.231252
144.479732,111,1834.391373
761.88498,353,1834.843263
1089.921046,476,1835.484256
1090.623688,453,1836.096737
1090.476758,462,1836.643671
569.359513,234,1859.427095
718.646058,308,1859.787072
221.128073,159,1859.999335
1089.749055,488,1860.574823
508.062967,206,1860.790929
146.883749,112,1860.94609
904.258245,389,1861.442137
902.436882,396,1861.97754
903.199894,391,1862.520664
719.038869,304,1862.885711
945.43522,431,1885.384536
1089.690771,497,1885.884865
718.290482,316,1886.190726
290.945155,177,1886.383732
157.737262,119,1886.529603
508.531252,221,1886.754623
1090.454508,500,1887.287235
58.428763,69,1887.371431
58.559741,74,1887.458735
48.078069,58,1887.53131
333.973909,215,1911.933088
268.882044,190,1912.139822
106.256617,91,1912.262797
142.041508,111,1912.397463
1087.629637,481,1912.961811
64.225463,80,1913.056169
120.927978,97,1913.18763
506.453932,211,1913.433791
903.404443,380,1913.876168
343.777323,224,1914.132786
143.892465,112,1936.873113
508.025979,216,1937.091731
446.587177,289,1937.405964
903.857186,382,1937.798297
763.264203,347,1938.200315
1090.305926,478,1938.753277
904.381865,394,1939.192831
569.308852,246,1939.474145
719.256138,302,1939.846658
60.960444,74,1939.93925
1088.456793,482,1964.732033
570.176739,237,1964.957653
615.737642,349,1965.333923
1088.249928,478,1965.846327
718.168818,295,1966.159986
717.071996,308,1966.484296
902.701837,400,1966.904875
146.085663,112,1967.040932
718.316875,306,1967.364099
944.418608,432,1967.83544
568.861376,231,1989.697597
1089.164937,463,1990.302819
568.756142,246,1990.626067
509.099237,212,1990.914211
904.304956,385,1991.428158
503.193992,291,1991.823089
717.722724,300,1992.221606
717.996376,294,1992.611413
1090.075444,450,1993.231445
944.802599,403,1993.71106
719.86649,289,2016.307029
417.789958,250,2016.631752
478.058345,298,2017.029697
509.253558,207,2017.297544
478.025706,302,2017.708977
66.759018,75,2017.829347
62.268505,75,2017.944952
946.998406,407,2018.47853
100.47913,95,2018.614458
903.333199,387,2019.108631
1090.525944,456,2041.742238
762.172747,334,2042.074988
717.651377,304,2042.367287
946.232796,416,2042.796064
60.279474,73,2042.891571
944.929996,408,2043.316442
944.9516,406,2043.761333
1090.763013,484,2044.282813
902.732509,383,2044.662373
56.404673,67,2044.747212
904.589475,382,2069.458157
718.311272,292,2069.795204
507.593274,209,2070.021514
903.046904,380,2070.502027
569.116871,233,2070.792581
1088.373957,476,2071.440377
71.159843,75,2071.604939
220.500993,150,2071.775026
1090.076903,458,2072.272843
1089.663878,466,2072.784701
469.158732,298,2095.749419
570.176679,226,2096.016515
569.106488,226,2096.276966
944.687691,409,2096.780061
476.167896,296,2097.170633
1090.360652,469,2097.770948
507.678849,205,2098.030318
903.66928,387,2098.488048
68.443572,79,2098.610913
507.841738,206,2098.865932
507.900525,214,2122.860575
718.218242,297,2123.163038
1089.24594,467,2123.683406
1090.237119,466,2124.200793
568.155737,232,2124.439535
1088.892525,464,2124.969202
569.033517,232,2125.224634
568.351759,238,2125.478726
718.938642,301,2125.813815
761.580969,332,2126.174816
144.992727,111,2148.454081
59.265453,71,2148.566724
568.967375,237,2148.869588
902.352491,393,2149.416552
945.318447,426,2149.997931
482.918977,315,2150.421264
945.177331,419,2150.904465
761.388513,343,2151.302145
60.917938,72,2151.393361
717.675487,305,2151.716625
508.802089,205,2174.415152
943.996168,401,2174.916041
901.430448,386,2175.422444
902.38238,389,2175.884924
507.697971,217,2176.15375
718.908583,295,2176.516873
614.781721,336,2176.959665
83.928174,88,2177.067408
902.587924,387,2177.521796
717.883622,297,2177.913854
146.093149,114,2200.053922
508.014533,211,2200.249863
719.317604,303,2200.536443
569.209338,225,2200.757637
903.366895,391,2201.134924
1090.558834,453,2201.619021
1089.799359,472,2202.133183
947.572624,408,2202.555226
1089.75922,478,2203.060571
902.518573,380,2203.45122
142.794738,111,2227.494449
509.277584,208,2227.707941
568.778584,232,2227.953785
761.990373,330,2228.314139
762.170871,325,2228.659779
568.105189,236,2228.903853
338.073431,201,2229.131553
144.857216,112,2229.255952
66.35411,77,2229.344947
616.66838,343,2229.727251
1088.358131,473,2252.827887
120.709754,102,2252.949463
510.242483,200,2253.149745
347.666136,213,2253.385171
762.305055,330,2253.786175
479.103976,290,2254.152893
568.767273,244,2254.413512
718.635981,291,2254.730021
761.929229,326,2255.097398
475.248289,306,2255.445264
62.549133,76,2279.455069
717.609504,301,2279.740505
718.317489,296,2280.037865
719.769495,296,2280.349401
17.356871,34,2280.395418
58.390195,70,2280.48366
568.98144,238,2280.725738
1088.174064,467,2281.244251
943.569302,408,2281.690359
568.572557,234,2281.935295
64.995347,76,2303.800878
943.997693,418,2304.285119
349.488382,213,2304.543656
476.941041,304,2304.942178
509.416853,204,2305.192442
762.837027,336,2305.641946
67.403393,82,2305.763215
65.79887,78,2305.879203
251.220917,174,2306.114852
417.689166,246,2306.458771
570.42898,224,2329.465547
763.598525,331,2329.798619
1089.988436,466,2330.285872
67.433233,81,2330.384099
946.317446,397,2330.84615
568.571701,235,2331.120003
946.121657,397,2331.609581
762.777173,333,2332.002579
902.0696,382,2332.407169
1091.126469,462,2332.952812
63.472659,82,2354.780951
762.198632,327,2355.103343
1090.492366,461,2355.580623
70.56979,80,2355.667637
629.389738,363,2356.046114
59.204772,69,2356.136879
718.358193,308,2356.443804
22.032095,92,2356.5453
903.519933,378,2356.930877
718.453705,295,2357.233135
347.606261,215,2380.994553
71.02991,92,2381.098343
718.786407,285,2381.39636
717.996808,296,2381.692164
1090.942833,468,2382.254611
64.288719,74,2382.356375
902.233932,387,2382.796369
36.553001,49,2382.881607
718.407102,292,2383.205691
36.363959,50,2383.282303
568.148698,236,2405.977869
85.025195,89,2406.080191
296.868456,188,2406.291959
568.578177,241,2406.543757
508.146038,214,2406.770951
945.651646,407,2407.234051
-8.058956,1,2407.259729
568.087803,237,2407.549838
761.43974,329,2407.926508
145.40851,109,2408.070647
1090.657024,461,2432.459726
901.962089,380,2432.865411
569.16556,233,2433.109137
470.29538,290,2433.43126
509.311028,205,2433.648177
763.176303,327,2434.009309
903.713164,375,2434.419229
508.881139,202,2434.631764
116.567874,94,2434.763588
480.72166,293,2435.08894
144.648083,110,2456.291342
762.50513,318,2456.692158
717.672826,297,2457.095219
82.832309,85,2457.220303
569.447652,231,2457.50404
945.815304,403,2458.021838
508.551233,198,2458.283591
944.786192,407,2458.833401
493.1165,294,2459.190578
716.852246,288,2459.532089
762.054124,319,2482.87049
901.922806,380,2483.273725
904.182126,379,2483.667903
59.080843,67,2483.749042
61.470591,69,2483.831887
570.185223,234,2484.076619
488.225761,297,2484.394258
902.376341,373,2484.846352
762.284825,322,2485.179577
718.431794,290,2485.555032
1089.577146,465,2508.329312
717.3263,296,2508.630136
946.243092,407,2509.0711
718.9656,289,2509.369214
1089.316627,480,2509.889218
763.921156,321,2510.244165
568.837228,230,2510.484419
568.928745,237,2510.724002
944.905782,407,2511.16815
569.015348,227,2511.405626
763.603953,331,2535.435533
-16.051266,1,2535.463366
945.299691,409,2535.947017
47.285245,58,2536.04162
902.064875,386,2536.515138
717.551909,306,2536.873101
764.821371,341,2537.311662
481.851725,305,2537.692737
568.816285,231,2537.993799
83.488206,90,2538.124826
570.836062,237,2561.050909
509.12633,206,2561.258269
355.900795,238,2561.506171
571.064039,228,2561.744884
1091.854294,475,2562.267323
1090.580227,455,2562.803782
60.544636,66,2562.885809
904.052526,379,2563.342619
1090.348734,468,2564.003171
902.962093,379,2564.487424
632.445517,353,2589.440809
719.528952,286,2589.739463
493.35416,292,2590.058573
507.663164,201,2590.280118
717.602731,290,2590.591253
261.183848,179,2590.788032
59.869114,69,2590.870871
477.24956,288,2591.185759
903.001165,367,2591.576377
946.650463,391,2591.990201
57.907268,70,2613.150997
213.082911,146,2613.330728
762.151065,331,2613.744877
945.188531,411,2614.24915
719.200394,300,2614.607253
762.512372,334,2615.036061
762.485391,340,2615.469818
903.385929,392,2615.971339
569.895454,239,2616.274608
306.19948,187,2616.522693
508.395172,200,2639.40434
569.43448,233,2639.625856
1090.607775,478,2640.095061
717.571473,292,2640.392115
900.930126,387,2640.785199
417.862516,258,2641.086993
569.69368,232,2641.322371
451.658394,281,2641.629212
762.050727,329,2642.004213
478.283744,301,2642.358242
945.601146,414,2665.413864
900.606821,388,2665.774096
-8.057379,1,2665.805202
569.199186,227,2666.032853
143.993012,111,2666.159305
64.955932,72,2666.247475
-8.037435,1,2666.271614
1088.206319,474,2666.801531
569.246949,221,2667.028732
568.525825,232,2667.254427
-16.047499,1,2691.091139
144.284302,108,2691.215581
945.313479,406,2691.638423
762.913677,337,2692.022983
900.257277,389,2692.470605
900.588097,373,2692.911673
485.032026,298,2693.291484
259.029889,160,2693.503229
718.455048,296,2693.830196
899.964241,375,2694.251236
569.83361,227,2717.312705
482.308082,286,2717.603346
507.890301,206,2717.812789
145.738844,109,2717.936834
943.805135,408,2718.361263
1090.202826,469,2718.878333
717.771033,299,2719.207135
59.380948,66,2719.290654
-16.073261,1,2719.313546
899.772462,378,2719.714034
343.673772,217,2744.139587
945.127729,411,2744.684722
358.856736,258,2744.989969
762.259721,330,2745.409735
946.761046,402,2745.926332
71.984625,80,2746.013855
1090.619855,452,2746.538117
283.142003,177,2746.727212
68.995127,76,2746.819772
763.259132,319,2747.152844
568.458539,231,2768.083774
717.986633,299,2768.432937
945.596352,384,2768.866054
568.530986,231,2769.154942
944.92709,403,2769.653428
945.533069,385,2770.126696
719.314236,285,2770.483298
474.993012,295,2770.866706
249.301328,161,2771.09115
466.710461,286,2771.476389
709.176862,312,2795.446627
70.560243,74,2795.525007
901.0645,382,2795.900069
1089.198357,475,2796.38963
945.403733,405,2796.808225
60.203256,67,2796.897892
476.757471,285,2797.191514
762.422122,333,2797.534953
568.354527,234,2797.772321
569.203162,229,2798.007324
719.183318,290,2821.035444
763.586185,313,2821.403506
946.865758,399,2821.894289
-16.048225,1,2821.919378
56.718076,74,2822.014517
61.721757,70,2822.079091
52.28895,58,2822.17253
1089.125546,466,2822.773335
70.208608,78,2822.88091
1090.795702,470,2823.474839
568.967762,235,2847.526346
146.774318,112,2847.6609
507.166633,206,2847.872255
508.295742,199,2848.088629
1088.425519,458,2848.667133
567.461767,224,2848.951256
507.223509,205,2849.180969
717.018867,301,2849.565394
-8.052452,1,2849.59737
59.892602,68,2849.695313
900.60868,374,2873.092764
59.302776,63,2873.164198
1088.664098,464,2873.650285
1092.176238,451,2874.125098
68.8657,73,2874.205677
761.673053,321,2874.538498
762.656155,322,2874.879982
568.190837,225,2875.10871
60.258169,64,2875.211583
567.756744,226,2875.448393
903.85961,372,2899.666351
1090.175627,444,2900.294713
718.493878,296,2900.678562
1090.061673,459,2901.379933
568.534985,236,2901.696974
509.382508,200,2901.957758
719.2676,290,2902.346673
762.251258,324,2902.776248
718.450928,295,2903.160026
483.933359,299,2903.564736
946.718999,396,2924.632645
902.89912,362,2924.997774
1090.483521,463,2925.477279
946.092423,406,2925.898259
570.160185,231,2926.153303
508.324944,202,2926.362222
161.808252,115,2926.491543
762.084073,315,2926.925806
509.323891,208,2927.189485
1089.792616,461,2927.833987
36.561538,51,2951.464647
1090.96661,448,2951.984028
65.91888,72,2952.079621
507.723581,200,2952.312241
903.291124,364,2952.714476
945.158876,397,2953.171992
717.020971,297,2953.491263
632.176557,353,2953.883784
1088.677863,457,2954.418562
903.759637,373,2954.85089
1089.220987,449,2979.43059
343.373493,216,2979.739324
716.358553,286,2980.055783
763.092679,322,2980.412922
36.392375,51,2980.479706
902.001115,369,2980.94591
764.149891,310,2981.303621
447.321189,268,2981.637228
104.728311,85,2981.770427
900.870856,370,2982.18563
77.235268,93,3005.689054
568.894389,225,3005.954753
568.104277,230,3006.211844
902.066767,367,3006.611947
945.239662,390,3007.073951
569.459257,228,3007.366414
945.242661,410,3007.84224
717.106169,290,3008.215634
717.909385,300,3008.556713
343.156454,209,3008.85877
65.063675,72,3031.678585
1090.096015,448,3032.168282
717.396314,289,3032.46216
147.109115,111,3032.595734
259.147266,178,3032.785428
567.844091,230,3033.041792
716.755595,292,3033.383802
141.883579,106,3033.534291
712.421405,308,3033.901245
762.813438,326,3034.297859
567.851997,235,3057.754353
65.888317,69,3057.846259
59.250551,64,3057.94063
567.951727,231,3058.214573
568.30131,230,3058.4654
-8.049785,1,3058.497745
1087.984087,465,3059.048077
467.963441,280,3059.35846
902.285605,373,3059.763512
568.352527,235,3060.0338
220.116257,148,3082.899129
58.796206,71,3082.99211
27.610079,46,3083.056571
507.092902,205,3083.34717
944.705672,399,3083.79637
947.349376,384,3084.237801
1089.438185,453,3084.746764
481.227456,290,3085.083032
58.187939,72,3085.172033
27.604514,41,3085.246761
717.102209,295,3107.898424
761.235757,314,3108.288625
761.358077,315,3108.643062
-8.075813,1,3108.670862
717.656194,286,3109.003568
507.008732,195,3109.222781
717.238147,289,3109.550868
508.031412,193,3109.785548
717.269252,292,3110.150581
1087.820893,458,3110.793697
1090.389666,457,3132.492365
900.314526,384,3132.910078
717.007139,299,3133.233268
718.097035,288,3133.56975
68.9376,75,3133.665146
763.339265,312,3134.079516
58.929663,72,3134.168669
1091.025562,461,3134.729515
901.102053,375,3135.185263
945.315089,391,3135.631407
711.787251,311,3156.742658
1089.362139,472,3157.281096
509.231181,206,3157.500453
717.216469,288,3157.826519
507.179824,210,3158.046852
459.887868,288,3158.366095
60.192369,67,3158.451653
902.600802,368,3158.865085
902.288191,377,3159.30054
904.179501,362,3159.697858
761.958855,329,3181.247751
493.645457,298,3181.595351
57.291318,71,3181.749829
59.38377,63,3181.828629
36.482775,50,3181.895189
947.233422,388,3182.314847
944.646032,393,3182.791667
762.152252,324,3183.16019
509.473851,197,3183.391329
717.511404,293,3183.72668
475.830202,294,3206.151075
220.178537,148,3206.339065
716.793266,291,3206.641335
1089.682237,460,3207.176721
763.295,309,3207.537592
632.337565,347,3207.93776
900.644044,385,3208.396584
507.806196,194,3208.623741
59.648842,65,3208.705062
1088.909343,450,3209.241894
65.159467,76,3230.792511
568.211998,231,3231.042213
251.304216,175,3231.225359
718.195112,287,3231.559552
796.76103,424,3232.039083
945.404591,387,3232.489692
717.563225,297,3232.815633
901.859021,366,3233.239925
717.425873,288,3233.55563
944.212794,403,3234.037641
507.957377,195,3256.727755
717.83299,299,3257.049252
903.333356,383,3257.458644
568.592295,230,3257.69823
507.444816,202,3257.923982
568.533498,235,3258.177383
508.106009,202,3258.408118
507.630392,202,3258.632295
480.685073,281,3258.95656
902.336725,379,3259.389522
57.614718,65,3281.615968
568.766605,222,3281.859068
69.490601,70,3281.944283
1089.033511,451,3282.479571
1088.954245,441,3283.008585
762.700934,313,3283.437579
761.674249,319,3283.832858
493.325646,292,3284.166049
1088.761094,452,3284.706678
145.45521,112,3284.851696
569.706017,222,3307.474033
944.431815,399,3307.906681
718.042972,292,3308.219208
711.84624,300,3308.550968
480.780523,292,3308.887838
58.227519,65,3308.985837
762.581027,322,3309.365833
901.691622,367,3309.784773
509.071642,199,3310.017457
900.832482,373,3310.426981
508.299554,198,3332.550462
472.614122,289,3332.867078
-16.042875,1,3332.895714
717.785869,298,3333.201761
717.581824,288,3333.516953
900.9214,371,3333.925276
716.67708,293,3334.241811
1088.563804,461,3334.81135
902.390618,390,3335.233806
901.267223,369,3335.649374
569.011266,230,3356.907518
477.701316,286,3357.219867
495.410397,291,3357.557287
1089.425339,454,3358.091841
718.180275,295,3358.452025
901.633224,389,3358.888792
946.265378,403,3359.383607
763.349593,314,3359.768816
763.338444,321,3360.157752
719.009939,295,3360.474453
508.272476,212,3381.838257
901.242803,370,3382.234111
902.356334,370,3382.659842
59.006292,64,3382.745453
567.677,224,3382.978583
507.472609,205,3383.242983
568.72773,228,3383.491584
1089.285273,454,3384.05404
469.674158,284,3384.400611
901.10812,381,3384.87138
718.757019,288,3406.289131
568.346024,234,3406.532484
259.800765,182,3406.735384
1089.651733,446,3407.296891
568.787289,234,3407.556757
508.761738,205,3407.786736
1088.92347,472,3408.346364
567.859908,231,3408.612671
568.813368,226,3408.855865
509.299273,200,3409.096446
763.461288,320,3430.660328
900.55556,381,3431.085098
244.550376,160,3431.271633
944.876355,396,3431.733701
901.778027,391,3432.150977
568.11942,229,3432.419926
59.376844,65,3432.501453
27.785166,43,3432.574327
568.980069,223,3432.815838
59.504356,60,3432.900488
1088.500018,469,3456.615775
901.604923,385,3457.057798
60.235451,63,3457.14704
142.978356,108,3457.286299
58.191269,66,3457.381448
568.861319,236,3457.662591
1088.968029,460,3458.21056
946.445002,399,3458.688745
507.026372,197,3458.902948
762.998674,325,3459.290876
568.733196,237,3484.19049
1088.636987,463,3484.742379
900.353708,387,3485.214163
71.188137,72,3485.312708
762.064601,311,3485.66157
567.805844,228,3485.914788
1089.266454,462,3486.427186
60.062281,71,3486.522688
452.662247,280,3486.8294
901.125823,374,3487.280957
717.149264,285,3510.954808
60.115564,64,3511.042431
716.591194,296,3511.372972
797.449624,432,3511.898761
902.006271,385,3512.356068
792.969051,418,3512.934318
464.076327,283,3513.288223
1088.4541,469,3513.884416
717.067723,298,3514.225132
568.545551,230,3514.481955
144.980058,106,3538.221035
717.085878,299,3538.537939
508.446085,199,3538.753063
762.321566,324,3539.121157
-16.077,1,3539.15988
764.01486,324,3539.516673
508.607176,206,3539.733861
717.161654,304,3540.094688
717.577682,292,3540.412809
945.835466,414,3540.8804
60.11683,63,3564.682745
761.703524,327,3565.040359
900.148397,378,3565.457779
763.052211,322,3565.813405
716.787762,289,3566.146195
507.596469,201,3566.393876
945.942578,400,3566.882118
568.128602,226,3567.145897
1087.991658,468,3567.725597
567.730375,231,3567.980762
898.520833,393,3590.333432
568.148729,226,3590.601647
144.864188,109,3590.725461
120.538582,93,3590.858897
59.507569,62,3590.954494
761.43109,322,3591.369439
121.843398,98,3591.50705
145.556878,111,3591.672182
-16.068279,1,3591.695766
319.75645,214,3591.922633
1088.922682,450,3614.480137
506.110378,202,3614.696681
146.144472,106,3614.830812
146.269271,110,3614.963414
717.879088,287,3615.270792
716.463151,291,3615.631222
762.085001,314,3616.031633
507.619291,201,3616.282063
59.295584,66,3616.370091
902.015793,377,3616.815413
343.674965,215,3638.279643
144.547749,107,3638.412917
1087.336535,469,3638.945625
718.430042,302,3639.278368
57.915368,69,3639.368137
65.004866,72,3639.454815
762.526398,311,3639.811615
568.323984,237,3640.07485
-16.047359,1,3640.099883
719.03587,286,3640.441355
65.380223,77,3661.656877
762.322194,310,3662.029535
570.334381,226,3662.287096
945.370627,389,3662.718863
410.579531,241,3663.007692
1088.809301,471,3663.568058
60.642683,62,3663.65265
449.561507,282,3663.98702
507.646704,203,3664.227022
242.6035,152,3664.421723
904.328657,374,3686.125829
717.197241,295,3686.458856
508.329104,201,3686.670888
717.617827,294,3686.979322
718.354395,288,3687.32126
717.753233,283,3687.65636
762.059958,325,3688.03898
946.027533,389,3688.507317
762.357943,326,3688.898868
59.913288,69,3689.006421
900.862451,364,3711.12524
717.549678,290,3711.47014
506.978256,208,3711.700449
568.715655,229,3711.931317
178.50734,121,3712.073511
58.51401,63,3712.146725
106.134468,90,3712.271483
568.838473,231,3712.530577
568.556293,233,3712.785725
70.890276,74,3712.945282
568.774684,237,3734.550999
1089.136056,458,3735.077139
507.6537,202,3735.306283
1091.398995,454,3735.810057
903.20169,367,3736.210784
716.813949,298,3736.567947
945.22455,392,3737.027342
60.106924,64,3737.112122
569.404472,232,3737.403451
718.132787,288,3737.784437
947.514931,391,3759.851218
1090.08899,457,3760.380634
718.556984,291,3760.680334
508.223128,196,3760.89548
711.794011,303,3761.256191
569.777552,235,3761.527575
1089.20181,442,3762.100541
1088.776003,471,3762.677027
146.812423,107,3762.834975
904.047938,370,3763.293318
570.134278,235,3785.427908
717.428321,303,3785.751723
902.658021,380,3786.172082
903.955833,370,3786.579628
417.738588,244,3786.866033
507.09442,212,3787.118836
569.080845,226,3787.390903
417.751482,248,3787.70387
763.714356,326,3788.089207
410.382678,237,3788.379903
903.09131,390,3811.85031
945.699349,384,3812.261312
506.860568,205,3812.476797
902.102572,377,3812.869113
718.290286,295,3813.17666
902.785193,372,3813.55902
1091.037052,472,3814.075925
718.082707,298,3814.40517
903.65166,373,3814.825406
1091.44054,447,3815.381829
568.211728,222,3835.72203
901.961182,380,3836.183738
569.505287,225,3836.40879
146.04829,106,3836.541522
508.495164,198,3836.745936
568.760762,223,3836.975182
904.520633,370,3837.380008
1091.067046,454,3837.887666
507.685286,199,3838.10919
904.144899,377,3838.537699
902.151506,381,3859.83295
1089.357515,449,3860.346617
508.336369,202,3860.583815
944.414621,410,3861.041163
507.723491,201,3861.274357
569.59271,226,3861.542795
507.680906,196,3861.781848
945.576055,394,3862.266891
508.238391,195,3862.526952
60.531707,67,3862.633643
718.263566,303,3884.957424
568.943614,226,3885.205054
762.846122,324,3885.577553
507.200219,200,3885.789922
762.120758,323,3886.161217
945.01631,408,3886.674701
718.652367,300,3887.008896
762.42951,328,3887.395255
901.392565,385,3887.8265
1088.385082,474,3888.412363
1091.40717,443,3910.105309
70.632742,82,3910.211583
719.308298,288,3910.529451
763.620118,312,3910.915528
762.820276,319,3911.291632
570.214215,227,3911.558723
569.07495,226,3911.8551
569.675565,224,3912.148206
902.941784,373,3912.579323
764.461838,309,3912.95387
59.286635,68,3934.029419
435.354484,261,3934.322818
945.892728,391,3934.746416
763.692386,319,3935.146595
508.353232,206,3935.365505
1090.205721,450,3935.996364
1089.836359,460,3936.606455
59.030724,64,3936.681855
946.904767,390,3937.158064
1089.901484,447,3937.712931
57.523446,63,3958.443536
506.58935,207,3958.656579
506.828513,209,3958.874474
506.784481,204,3959.080142
242.601338,158,3959.279699
471.667371,283,3959.58473
945.3561,400,3960.037433
1089.648596,448,3960.555871
568.748065,227,3960.816523
506.517921,201,3961.032661
508.450415,200,3981.604759
902.62131,371,3982.037488
945.161794,393,3982.494047
762.678073,305,3982.855466
903.940023,372,3983.302098
762.843292,312,3983.686536
1089.565216,458,3984.262035
1089.103947,458,3984.812385
59.22402,64,3984.900836
762.765483,322,3985.284837
71.428122,78,4006.360611
463.567183,284,4006.65425
569.199462,231,4006.892369
944.033016,395,4007.340401
718.113914,288,4007.651273
904.481019,375,4008.069982
568.589772,233,4008.33838
508.559233,199,4008.59247
945.079396,392,4009.059439
707.652156,312,4009.486355
60.149176,70,4031.274282
763.676355,321,4031.616887
719.55465,290,4031.914626
434.496292,252,4032.204439
506.785343,204,4032.425747
1088.773983,465,4032.969123
903.513221,373,4033.484214
718.807384,288,4033.789406
569.008544,235,4034.063622
59.877761,65,4034.150127
568.325556,231,4056.079462
902.304944,366,4056.491463
569.84963,228,4056.738603
1088.877217,449,4057.298414
945.613624,402,4057.772464
904.04567,378,4058.199487
473.12023,283,4058.544504
483.59095,285,4058.910153
506.693215,208,4059.139982
717.760975,294,4059.46155
719.49994,287,4082.468861
507.502991,196,4082.698533
72.040497,74,4082.794863
717.854234,294,4083.119199
1089.729249,454,4083.657897
762.537094,312,4084.034341
60.366896,66,4084.121358
1088.831871,469,4084.689404
568.840197,225,4084.933442
1089.296742,455,4085.471776
719.56709,297,4107.66449
763.944162,318,4108.010475
1089.031161,457,4108.503828
903.222837,375,4108.932656
60.719019,74,4109.041452
506.664474,200,4109.262608
84.770173,86,4109.386856
59.153955,64,4109.487939
568.012498,225,4109.744007
718.349541,300,4110.07763
763.693795,315,4132.231277
59.240559,67,4132.318223
1089.191025,462,4132.869668
903.591218,376,4133.272478
944.965379,405,4133.765718
902.740369,371,4134.171154
718.781359,292,4134.488177
508.109505,198,4134.722573
60.107729,70,4134.821491
763.598575,315,4135.191897
946.085314,401,4157.757752
471.108625,284,4158.081085
52.697607,56,4158.158378
59.65958,67,4158.250098
945.199835,415,4158.77395
945.068369,409,4159.275213
89.052067,85,4159.43249
1087.744584,474,4160.056242
762.354739,320,4160.450171
946.693326,407,4160.914748
948.06774,395,4182.1017
58.836397,66,4182.191388
764.169724,309,4182.534509
1089.861545,441,4183.060905
902.290472,383,4183.471933
904.573869,387,4183.893512
762.218343,329,4184.272065
-8.041412,1,4184.297688
1089.25601,440,4184.810076
1089.499558,439,4185.349524
417.773957,245,4206.559309
61.322089,71,4206.652319
762.092361,324,4207.005721
244.617792,154,4207.181211
763.114932,319,4207.557855
945.152492,398,4208.01158
718.826302,283,4208.324555
71.342931,81,4208.428768
902.29667,379,4208.86934
506.995145,201,4209.108122
60.570978,65,4230.194546
507.047883,198,4230.400572
59.0758,65,4230.484517
1089.522058,452,4231.017482
507.03345,202,4231.238425
761.231613,320,4231.644325
507.688564,199,4231.917464
903.842117,382,4232.381535
719.372248,286,4232.740079
-16.059755,1,4232.765944
718.339764,291,4254.110857
41.087266,54,4254.193681
717.945893,293,4254.514943
763.151135,321,4254.891154
903.729024,382,4255.387079
568.772969,230,4255.673866
507.697729,201,4255.917906
506.474654,196,4256.140874
157.384703,121,4256.289354
718.435322,292,4256.633224
903.372035,380,4278.36926
902.3673,388,4278.81571
763.268597,318,4279.196214
946.749643,409,4279.710988
947.335034,397,4280.157897
762.326235,332,4280.554402
506.659528,200,4280.782228
466.850997,279,4281.100213
65.328625,72,4281.206131
100.50749,96,4281.316309
121.724783,100,4303.059601
1089.460042,465,4303.647063
1089.07524,474,4304.23856
902.997044,391,4304.737406
1088.357772,474,4305.339753
1089.829584,447,4305.927268
1089.949349,453,4306.483921
762.8072,324,4306.896768
506.916647,198,4307.119931
761.928954,326,4307.521215
567.683398,230,4330.044405
712.234596,295,4330.365266
761.979419,321,4330.7355
1087.888326,460,4331.274503
508.03537,202,4331.489351
567.893087,224,4331.740833
762.331382,326,4332.196858
1088.034032,466,4332.761376
472.032682,288,4333.112688
1089.055678,470,4333.714829
1087.67607,476,4356.448012
-16.048563,1,4356.478061
901.555521,387,4356.884172
506.735043,211,4357.104018
716.879486,298,4357.416009
761.163458,327,4357.797145
944.620205,410,4358.248545
945.277433,397,4358.701339
718.059392,294,4359.020167
-6.18761,17,4359.061847
716.950591,291,4381.673218
568.47008,237,4381.931689
507.721431,198,4382.163197
1088.572272,450,4382.668417
507.557439,207,4382.896941
26.834743,43,4382.962914
1088.587932,471,4383.55044
507.188899,199,4383.776868
154.318745,115,4383.94654
945.227626,410,4384.429029
762.120007,320,4406.78264
58.845456,66,4406.87861
1088.113348,468,4407.400302
508.702307,198,4407.64044
99.676705,90,4407.759762
763.969246,322,4408.129251
1088.672491,448,4408.727821
57.780326,64,4408.807266
763.621991,321,4409.207028
481.969049,290,4409.521343
507.21677,207,4432.002583
902.009843,387,4432.38915
902.28843,388,4432.818179
902.274254,394,4433.248301
101.729144,95,4433.364819
1088.468275,472,4433.926062
1089.594043,472,4434.554207
1088.827747,475,4435.111169
762.961657,329,4435.502192
1088.4905,477,4436.067707
482.980365,301,4457.579185
711.762718,305,4457.935595
216.347404,149,4458.144848
98.025895,95,4458.274067
763.318794,323,4458.680175
569.147732,230,4458.977532
763.027936,325,4459.394618
214.029436,148,4459.587167
99.223694,94,4459.706385
568.457583,229,4459.979947
59.605871,64,4480.87901
763.335388,323,4481.233042
61.012565,68,4481.329725
904.255676,378,4481.743902
762.592594,324,4482.084003
357.910433,242,4482.373459
567.931591,231,4482.616674
719.771658,288,4482.956429
719.895317,293,4483.325618
903.350133,365,4483.726476
719.664775,286,4504.850624
267.612488,186,4505.054756
1088.655125,470,4505.571629
719.197743,289,4505.875764
902.495948,382,4506.301054
719.307552,292,4506.608219
506.458798,207,4506.83487
568.239935,227,4507.080437
718.080673,297,4507.414809
945.279823,397,4507.869976
1087.822818,463,4529.171041
569.230805,219,4529.413665
146.838858,112,4529.551964
1087.937311,466,4530.144415
60.876117,62,4530.221887
1088.449536,461,4530.796483
719.190908,296,4531.13962
902.38095,379,4531.574247
901.823793,378,4532.019226
71.269852,75,4532.183871
762.20645,324,4553.399519
902.809018,374,4553.794154
945.897408,397,4554.254906
1088.682324,470,4554.820588
762.642271,321,4555.199418
718.924706,290,4555.558043
507.624697,195,4555.789264
945.930596,391,4556.253682
508.155465,203,4556.47479
1091.781144,435,4556.983082
764.093315,323,4578.220777
506.833989,204,4578.438979
903.615255,374,4578.854844
69.353255,77,4578.951804
60.200146,65,4579.044813
902.626871,373,4579.480093
481.198269,292,4579.819293
945.714815,410,4580.312755
946.241396,405,4580.767041
903.070602,394,4581.229891
1089.014894,456,4603.533229
567.77969,227,4603.816236
508.868897,201,4604.052545
1088.209508,479,4604.662321
718.590736,301,4604.999336
568.499687,225,4605.270444
408.842767,242,4605.56706
60.155957,62,4605.665864
60.704469,69,4605.755184
718.382586,287,4606.068866
763.562712,319,4628.04775
763.509388,322,4628.450486
718.024365,283,4628.744689
945.239026,404,4629.237583
144.687557,107,4629.395946
946.30508,391,4629.86822
1089.436265,454,4630.458725
903.215186,378,4630.884134
569.277864,229,4631.224224
631.750668,350,4631.645015
718.635678,292,4653.965774
1090.139423,444,4654.454072
568.634845,225,4654.699177
763.314351,328,4655.087205
902.963754,363,4655.502192
901.690343,379,4655.91991
1089.64906,446,4656.462524
-8.041228,1,4656.485575
472.079768,284,4656.827613
946.505461,409,4657.295387
506.924658,194,4679.701355
482.027002,295,4680.052861
508.641197,199,4680.268986
1087.459747,465,4680.805375
60.020167,71,4680.895603
568.294956,231,4681.154602
1088.065033,463,4681.687161
506.843889,205,4681.910691
1088.86103,449,4682.438739
568.489874,217,4682.672787
569.628644,226,4705.037336
761.939221,324,4705.398266
945.239845,407,4705.869046
719.060427,299,4706.201398
569.437247,233,4706.512543
60.194064,68,4706.594917
59.322718,66,4706.691094
762.813732,316,4707.064664
720.254616,283,4707.397664
718.134279,291,4707.72917
101.159536,93,4730.214688
902.907469,380,4730.606363
57.998518,62,4730.692931
568.889953,227,4730.934072
-16.082395,1,4730.958436
128.370438,109,4731.07362
718.611158,290,4731.380488
60.114068,63,4731.494175
902.222016,387,4731.985605
481.645097,307,4732.325583
567.740455,227,4753.364833
718.413567,291,4753.714274
713.240527,316,4754.05196
567.20658,233,4754.347339
762.510913,322,4754.745646
901.538201,390,4755.189225
902.699686,384,4755.624735
506.40141,204,4755.846401
58.202003,71,4755.952959
507.636751,210,4756.194327
945.921411,406,4777.52088
1089.152624,469,4778.092785
1088.428347,466,4778.66796
60.284794,67,4778.768682
569.711792,223,4779.017797
568.433997,228,4779.312716
569.120142,226,4779.565159
719.483266,293,4779.91441
506.952151,209,4780.163908
719.622118,286,4780.496675
946.754149,393,4802.172739
712.810049,304,4802.49421
718.651819,284,4802.818574
903.700235,368,4803.229535
569.486887,224,4803.486849
68.384,76,4803.578263
718.602546,291,4803.899501
718.073353,296,4804.21708
147.171469,109,4804.359298
902.540284,377,4804.756482
902.480331,379,4826.751809
718.078605,290,4827.054071
568.404221,227,4827.3093
903.951994,372,4827.735814
762.956899,321,4828.12466
1088.871891,443,4828.650116
567.996885,227,4828.893782
717.460664,301,4829.228752
717.462572,289,4829.53974
568.738476,226,4829.790518
490.984685,289,4851.456014
764.280295,312,4851.810673
60.910414,62,4851.897222
903.330245,364,4852.34519
719.27746,287,4852.690869
569.587952,227,4852.961249
904.231665,378,4853.394077
56.90627,62,4853.495018
902.875659,360,4853.934875
902.764877,389,4854.403268
718.559774,289,4875.920064
569.14964,221,4876.176061
944.817279,401,4876.608974
60.996852,68,4876.691046
763.354917,320,4877.056543
763.33394,312,4877.422851
947.34704,387,4877.872577
568.895008,223,4878.123669
1088.417927,461,4878.672732
946.32919,402,4879.117583
945.141778,407,4901.330989
508.81172,192,4901.565154
567.343015,235,4901.842963
71.208242,78,4901.953549
567.837795,231,4902.197578
1089.06579,462,4902.729287
507.616976,201,4902.947206
569.775019,235,4903.218385
903.362319,367,4903.627468
902.845899,374,4904.07128
718.967682,292,4925.769975
482.348949,293,4926.152773
903.736371,367,4926.602165
508.0471,205,4926.818926
762.754869,322,4927.228104
904.648607,366,4927.661452
57.741862,68,4927.749464
506.848338,201,4927.978102
904.022697,376,4928.448577
1088.876312,458,4929.015425
507.377689,206,4951.173959
57.79336,67,4951.267651
469.421855,281,4951.589972
508.67808,198,4951.78817
58.539708,81,4951.89471
762.316172,328,4952.272
762.968093,324,4952.659149
58.629298,68,4952.7528
507.185587,206,4952.962813
762.151418,315,4953.428791
58.749127,62,4975.428117
946.813396,396,4975.879216
763.370861,316,4976.231907
1089.166889,448,4976.742935
903.094895,369,4977.187545
903.063605,380,4977.632523
506.734456,202,4977.864384
1088.426361,465,4978.446386
762.313552,317,4978.801513
945.902404,401,4979.252602
720.079649,295,5001.820021
569.070034,233,5002.068671
60.633389,68,5002.162909
265.491407,173,5002.360339
717.996678,293,5002.71385
903.725302,374,5003.173278
292.136553,182,5003.419371
904.271722,377,5003.853086
719.4319,292,5004.18553
718.228172,296,5004.553008
1088.302243,469,5026.075289
568.387828,225,5026.311083
568.442399,230,5026.592863
468.644135,280,5026.910831
568.039799,215,5027.148339
569.439434,220,5027.416155
465.286876,275,5027.753239
1089.23954,448,5028.37458
3.843246,24,5028.433039
506.419162,197,5028.719913
718.222076,292,5050.242676
507.879961,205,5050.455739
57.798389,61,5050.538279
1089.879195,460,5051.067818
762.99429,324,5051.466526
615.797537,349,5051.877316
507.005162,200,5052.105788
567.735417,227,5052.359094
718.691269,291,5052.697697
763.407344,319,5053.136447
58.441974,63,5074.400453
-16.070719,1,5074.415498
568.645064,228,5074.694037
264.292306,170,5074.897434
64.882296,77,5074.998865
343.80123,216,5075.263275
507.580228,199,5075.519768
762.773822,324,5075.913178
-8.069513,1,5075.935316
762.400224,318,5076.335337
904.413244,388,5097.498449
945.274814,394,5097.909874
903.530501,384,5098.34671
-8.05267,1,5098.36972
717.68412,300,5098.702211
-8.037424,1,5098.725772
418.00019,255,5099.01135
506.75349,202,5099.235161
568.030301,238,5099.507948
763.152627,326,5099.890268
763.03505,318,5121.936974
-16.048651,1,5121.964463
1088.761905,470,5122.495973
903.396933,379,5122.923719
1088.215598,470,5123.450473
946.23311,406,5123.922619
761.926724,320,5124.389027
713.350467,305,5124.74746
762.735972,324,5125.120727
1088.832028,461,5125.673242
903.424269,377,5147.986257
506.202875,202,5148.205531
1088.760046,452,5148.768121
460.258253,278,5149.091691
763.501606,312,5149.469218
761.684588,320,5149.883398
718.52676,296,5150.239653
507.407953,203,5150.471345
408.976535,251,5150.777925
567.371008,235,5151.035022
902.089879,374,5173.429838
903.779029,380,5173.834481
718.888623,294,5174.137761
30.178763,45,5174.224332
1089.374392,448,5174.743521
761.695101,324,5175.145819
567.663425,229,5175.418611
507.723325,194,5175.648927
471.328179,294,5175.96686
343.214549,212,5176.223547
343.951463,216,5198.221585
1088.473614,455,5198.734287
946.153744,403,5199.180287
901.398807,364,5199.577643
68.996133,70,5199.673037
-8.070841,1,5199.6986
714.515093,297,5200.048734
717.158273,294,5200.381635
60.742405,65,5200.4746
1089.447768,447,5201.005274
1090.373457,443,5223.888994
481.979642,290,5224.238085
567.637209,223,5224.523137
294.945512,178,5224.756844
213.272635,144,5225.029469
1088.287391,454,5225.616796
718.122849,285,5225.958045
762.452485,314,5226.34143
762.444003,323,5226.754756
945.727177,386,5227.253937
568.420207,223,5249.437914
1089.34958,470,5249.955854
946.166509,414,5250.4001
946.192973,398,5250.91416
764.227535,309,5251.262391
1088.892784,459,5251.838227
506.148275,197,5252.094827
710.129008,301,5252.45949
60.017637,61,5252.552987
59.53031,67,5252.654202
904.200585,386,5275.720016
265.399982,183,5275.908748
60.027442,64,5275.980772
60.805279,63,5276.067013
761.321292,327,5276.422174
145.913464,111,5276.548778
566.357882,231,5276.829436
761.458578,312,5277.20966
902.345887,374,5277.64644
632.936084,346,5278.056592
58.933233,68,5299.565172
568.203769,220,5299.809377
99.57285,91,5299.912927
145.085938,110,5300.045299
471.105009,290,5300.382332
761.886414,311,5300.763123
506.542231,202,5301.037937
946.758912,397,5301.506466
762.088369,316,5301.881006
260.207878,180,5302.135541
902.184174,375,5323.370131
762.180747,320,5323.810229
506.90284,206,5324.03959
718.6796,290,5324.396433
56.666759,67,5324.502889
568.937213,226,5324.763113
568.956157,227,5325.061259
99.320313,91,5325.18276
507.225893,203,5325.424272
719.51386,285,5325.757811
60.235254,65,5346.528609
902.543894,386,5346.939164
762.519831,305,5347.277801
797.408425,406,5347.773626
63.795348,69,5347.876844
506.404388,197,5348.091184
794.383889,418,5348.610494
945.445174,391,5349.073061
717.949183,296,5349.393377
507.773044,201,5349.618838
761.786835,308,5370.608214
945.598043,402,5371.066593
409.058299,237,5371.339937
1089.825895,444,5371.844733
711.041907,300,5372.20909
507.213632,202,5372.466129
508.475808,196,5372.726184
506.870865,201,5372.955152
295.543595,183,5373.195287
508.179504,201,5373.469504
903.363904,369,5395.110273
59.830774,77,5395.206924
718.2754,294,5395.557247
-16.046328,1,5395.577575
268.556682,187,5395.773595
718.436121,289,5396.104367
947.063248,394,5396.546707
505.571089,205,5396.760318
903.197993,382,5397.182275
143.770468,109,5397.326172
568.012783,225,5418.340191
1089.515786,463,5418.84607
146.855699,109,5418.980691
42.470535,57,5419.072475
717.763843,296,5419.412014
902.800194,375,5419.834682
568.843885,218,5420.135047
1089.399155,463,5420.692106
761.985072,325,5421.066475
3.800776,23,5421.110889
718.022423,286,5443.02907
507.102765,197,5443.26077
903.304667,372,5443.706315
711.748954,296,5444.093016
41.336078,53,5444.167095
718.196895,294,5444.530078
762.552942,316,5444.9177
410.682613,242,5445.23056
507.028445,205,5445.454726
469.923582,278,5445.78265
245.548461,160,5467.983264
-16.074604,1,5468.006406
507.096816,201,5468.20969
718.399754,287,5468.532126
718.711285,303,5468.853458
904.152865,393,5469.293749
763.3595,320,5469.663315
211.422843,153,5469.862693
61.815807,68,5469.958758
567.26253,232,5470.221932
719.355357,291,5493.032205
507.80098,207,5493.243061
568.258534,230,5493.475082
713.657868,305,5493.834792
762.435694,313,5494.218256
762.120318,320,5494.597322
507.132027,207,5494.838288
41.391366,57,5494.920794
1090.131832,450,5495.465889
903.681372,373,5495.869119
762.524864,316,5518.52746
568.185319,224,5518.770014
98.10988,87,5518.87926
313.139119,198,5519.136587
762.327267,307,5519.566601
214.22543,151,5519.777068
98.956903,89,5519.902454
1088.284609,450,5520.471742
1088.187376,445,5521.069779
719.431701,284,5521.417114
717.747233,301,5544.141779
1088.402177,477,5544.750232
66.551191,75,5544.841517
947.692499,391,5545.273082
761.95739,319,5545.653101
945.273145,403,5546.106512
343.842243,220,5546.360077
713.20673,298,5546.689483
1089.068748,452,5547.212607
260.661921,180,5547.438112
483.490547,292,5569.248485
763.062869,311,5569.604927
508.163607,199,5569.81077
902.503522,379,5570.247456
717.746811,289,5570.574705
718.995322,296,5570.901237
946.675786,389,5571.341107
1088.906392,450,5571.861672
464.13092,280,5572.2072
902.155241,389,5572.629418
506.604946,201,5593.96098
344.306018,211,5594.198643
902.226134,386,5594.617858
568.326847,228,5594.859523
717.770793,291,5595.196791
59.424415,65,5595.287583
569.181233,221,5595.54151
568.920233,225,5595.792197
762.809992,329,5596.166624
719.59466,295,5596.525056
42.632511,56,5617.13769
719.054819,286,5617.440861
71.436067,73,5617.551375
568.009326,220,5617.791521
718.13352,291,5618.110596
507.824641,191,5618.316044
946.481153,390,5618.754203
719.434881,283,5619.070285
902.047061,382,5619.486482
146.058662,112,5619.631412
718.305169,290,5640.92133
465.68029,272,5641.234211
717.983987,290,5641.536729
903.048263,380,5641.963163
720.105592,294,5642.302047
507.177096,203,5642.535346
712.33611,305,5642.945704
60.102814,76,5643.045414
762.887961,311,5643.411782
507.921143,200,5643.632447
762.371183,313,5664.544209
259.761261,180,5664.72768
1090.08542,447,5665.24949
268.651178,182,5665.449358
487.013434,287,5665.791745
1089.615244,446,5666.335735
343.563177,213,5666.601557
568.927957,224,5666.88155
1089.233535,460,5667.404468
568.675178,226,5667.69245
763.020791,317,5689.454518
902.519507,375,5689.853276
903.172915,375,5690.243997
117.620776,102,5690.365613
507.346497,201,5690.579955
63.401713,74,5690.673227
161.430836,120,5690.817369
57.437467,70,5690.910128
1090.905104,450,5691.413695
569.039448,227,5691.656303
902.449238,383,5713.090796
717.37639,302,5713.454086
566.949067,233,5713.700883
718.872416,286,5714.029505
1089.216367,465,5714.58647
718.07934,293,5714.937707
945.485497,402,5715.392075
569.42909,222,5715.635299
61.394847,67,5715.727919
27.687789,46,5715.802027
719.810482,296,5738.031813
424.861813,255,5738.352394
409.724138,250,5738.664334
761.248058,329,5739.107876
568.240073,229,5739.428333
945.754344,406,5739.991103
761.848428,321,5740.383898
566.843218,234,5740.644068
717.799706,296,5740.960206
260.399927,179,5741.175007
-8.053411,1,5762.866983
409.736897,243,5763.148454
945.362212,398,5763.577059
717.700073,294,5763.888589
569.328341,230,5764.149588
343.981433,218,5764.406665
712.739813,301,5764.786225
569.660031,223,5765.031903
904.41316,367,5765.474972
342.127333,214,5765.734661
710.239831,304,5788.2054
947.461362,395,5788.683233
1089.469311,459,5789.21675
116.370773,103,5789.337409
718.666167,289,5789.663344
945.949267,392,5790.113412
568.047746,222,5790.360583
762.607015,317,5790.725457
61.323804,65,5790.808773
144.757152,110,5790.950171
948.674495,388,5813.297428
15.464937,41,5813.358472
762.144134,306,5813.720731
903.174816,378,5814.162375
718.936564,289,5814.515135
904.472301,371,5814.938846
48.374305,57,5815.019784
568.575876,226,5815.301123
617.540273,337,5815.724692
762.309713,313,5816.164047
1089.370847,464,5838.642356
567.886924,231,5838.885762
762.104783,317,5839.294138
944.901825,406,5839.760941
63.793308,71,5839.88119
433.62244,251,5840.181603
568.905946,227,5840.446379
945.769557,399,5840.908293
1089.336748,443,5841.452243
198.756767,151,5841.639367
508.602096,198,5863.449995
507.674957,201,5863.680654
71.549285,77,5863.774603
946.325112,392,5864.197855
1089.066455,450,5864.727001
507.60366,205,5864.978204
569.909018,226,5865.223734
60.381439,64,5865.306062
762.542385,313,5865.671716
705.661853,303,5866.021352
719.680327,291,5887.279346
763.602496,310,5887.639334
58.671121,64,5887.720254
717.788828,290,5888.028541
762.199704,322,5888.411778
715.004007,288,5888.774609
712.299633,294,5889.144975
1088.516702,459,5889.67522
902.943528,376,5890.128616
1088.843267,456,5890.693089
15.809673,37,5911.737877
567.957622,224,5911.977758
568.802051,219,5912.227584
902.047682,391,5912.623826
569.051168,222,5912.890126
119.694696,97,5913.023016
1088.847751,460,5913.549491
60.015255,63,5913.62916
569.188057,226,5913.913815
297.993697,189,5914.134113
717.381869,299,5935.29609
457.952528,286,5935.628661
567.536688,228,5935.870137
902.52661,374,5936.264335
901.851408,385,5936.682149
711.189448,309,5937.043772
57.84679,65,5937.132914
507.296875,203,5937.350821
507.265731,207,5937.584683
568.077181,224,5937.835368
-16.052616,1,5958.950196
434.404873,253,5959.247219
146.863124,112,5959.376078
903.0738,373,5959.789138
259.822203,180,5960.027592
567.946885,228,5960.294576
297.934158,190,5960.555525
1088.188231,442,5961.124284
1087.870983,450,5961.665488
-8.055916,1,5961.698176
266.130056,182,5982.892005
762.724497,321,5983.242193
568.382214,228,5983.484447
507.196398,203,5983.696368
508.551367,198,5983.915974
719.01138,296,5984.236487
902.671368,380,5984.659998
59.493941,67,5984.748348
763.417318,322,5985.108242
904.582556,383,5985.520782
569.07609,224,6007.329423
434.301039,250,6007.646315
947.719078,383,6008.113958
1090.456874,444,6008.652687
763.436634,319,6009.020729
508.303658,197,6009.232483
763.658929,319,6009.596808
509.307743,202,6009.829726
946.770717,394,6010.312037
763.010751,316,6010.682373
714.479461,295,6032.982598
468.501111,270,6033.280269
569.053798,219,6033.530372
506.364961,199,6033.751335
947.57574,388,6034.215198
508.589923,202,6034.462367
58.726374,67,6034.553304
719.408452,295,6034.933922
1089.517474,449,6035.532017
507.098552,201,6035.756192
718.227388,285,6058.390438
762.135329,326,6058.737448
718.867683,285,6059.045111
902.258142,380,6059.470876
946.756298,391,6059.942814
946.680755,382,6060.380237
69.979043,75,6060.484273
718.514596,284,6060.795084
59.938906,64,6060.88885
762.877031,326,6061.278092
569.524356,230,6083.960047
718.345186,299,6084.287807
457.252163,267,6084.590227
1089.11087,460,6085.145974
508.475805,194,6085.379709
718.426903,299,6085.704231
101.707629,92,6085.820812
567.582327,222,6086.137694
946.077,382,6086.580063
1088.277963,469,6087.118525
903.576627,375,6109.467838
1091.585884,461,6109.985384
567.280838,231,6110.266084
480.780022,288,6110.642555
568.824825,231,6110.912174
718.666279,284,6111.249217
507.813837,206,6111.508207
712.332012,303,6111.86958
57.487635,67,6111.947915
1089.866872,466,6112.554863
1091.317217,461,6135.521468
1089.06104,460,6136.084288
-6.063587,12,6136.119871
1089.342622,452,6136.632631
904.534278,382,6137.048823
60.870186,71,6137.154141
507.502939,201,6137.423595
763.020965,310,6137.830877
903.884251,383,6138.318897
568.231655,225,6138.596149
717.962539,301,6159.77384
715.018437,303,6160.097553
58.370051,67,6160.187405
1090.633692,449,6160.722324
626.732539,342,6161.145579
120.792422,101,6161.287495
903.416998,377,6161.719898
146.287139,109,6161.854109
507.103927,209,6162.083601
763.717173,316,6162.450001
945.696832,399,6183.488557
719.13608,297,6183.795213
568.928926,228,6184.051236
946.985851,397,6184.494611
902.945765,371,6184.909686
903.178727,389,6185.373271
711.0414,317,6185.763845
763.997608,325,6186.145312
71.033671,75,6186.255405
719.738623,298,6186.603677
711.716459,310,6207.963856
946.981157,399,6208.39004
713.128213,304,6208.739985
568.054286,225,6208.999063
707.594377,302,6209.371388
718.303887,298,6209.739129
763.806625,311,6210.1181
568.689821,225,6210.374118
507.953461,202,6210.604804
59.392172,64,6210.706285
569.200895,228,6231.472237
763.574029,309,6231.811651
418.023984,244,6232.1179
410.844081,233,6232.420179
721.216189,286,6232.734776
509.139988,199,6232.967668
903.548516,375,6233.382499
-16.060877,1,6233.401433
903.80721,367,6233.814848
947.077108,394,6234.303896
901.855433,375,6255.919528
-16.056299,1,6255.942461
903.906139,384,6256.342544
342.400803,212,6256.60078
902.769361,369,6257.085852
568.149677,225,6257.337784
945.635351,400,6257.822973
717.126963,294,6258.233349
569.902932,221,6258.527896
568.390188,233,6258.808894
508.248365,198,6280.10614
470.055177,296,6280.427119
1089.444379,453,6280.945483
945.411872,400,6281.411809
-16.07032,1,6281.438222
267.304525,186,6281.649077
60.005568,66,6281.753744
903.758854,384,6282.203713
762.969495,315,6282.584344
945.863973,385,6283.016391
714.579064,295,6304.974082
121.273861,92,6305.090547
718.222913,296,6305.415433
763.767788,319,6305.761495
902.80805,385,6306.156447
57.764385,62,6306.248959
1089.715811,446,6306.811286
903.091021,378,6307.252442
719.221383,299,6307.590278
48.47254,60,6307.676652
903.217382,388,6330.545398
569.692667,227,6330.783368
720.513393,293,6331.110383
508.17643,202,6331.319755
508.94468,203,6331.553095
905.260021,383,6331.990667
945.679415,416,6332.499748
455.675984,282,6332.817316
762.430842,320,6333.228713
509.005587,204,6333.44944
1089.110005,459,6355.762155
946.07211,398,6356.193154
261.771339,183,6356.405502
762.561786,313,6356.766659
718.529503,294,6357.114421
947.135943,393,6357.572822
902.768458,381,6358.011179
1090.662669,468,6358.585377
710.980726,302,6358.944357
763.861915,314,6359.314072
508.792093,201,6382.005043
763.223767,316,6382.360377
717.978826,302,6382.686532
117.591553,107,6382.83113
718.225949,306,6383.184982
945.466147,412,6383.670514
507.929062,203,6383.881617
569.360111,229,6384.147468
945.030223,395,6384.590824
568.15739,233,6384.850263
297.007123,183,6407.091034
902.26771,389,6407.57035
359.8315,220,6407.834009
902.141351,390,6408.277787
711.499096,303,6408.654448
1089.934677,466,6409.235055
711.622666,309,6409.609493
143.891009,110,6409.753967
59.714543,64,6409.841093
59.29613,68,6409.931614
507.706419,197,6431.536236
719.800577,286,6431.841757
58.663701,71,6431.942851
762.272249,321,6432.302073
-8.067366,1,6432.338511
1091.942197,445,6432.885836
720.382581,286,6433.218001
59.583611,67,6433.317445
1089.601767,449,6433.878128
507.910616,201,6434.118885
57.20478,70,6455.219723
1089.701558,457,6455.726797
903.583151,367,6456.133253
509.223298,205,6456.366184
1090.819684,461,6456.896025
762.887437,308,6457.299616
947.632892,394,6457.756585
567.458901,226,6458.036872
718.170429,296,6458.376882
568.315146,232,6458.648511
117.814998,107,6479.815758
902.203693,367,6480.231378
762.907986,313,6480.577175
1089.131159,464,6481.137136
411.636646,241,6481.437751
435.161923,254,6481.723817
568.717092,232,6482.036034
1089.706884,451,6482.594004
903.240646,382,6483.021486
115.220938,107,6483.156568
718.537378,292,6504.245882
764.036356,321,6504.642558
718.994933,295,6504.971624
763.44763,312,6505.338123
717.988112,299,6505.677718
945.222071,404,6506.154699
945.857097,386,6506.618455
718.247099,298,6507.003065
719.080303,289,6507.349671
59.278837,73,6507.477847
483.920268,294,6528.102546
1091.20645,445,6528.619905
508.521203,200,6528.848386
508.079815,202,6529.063404
901.542035,383,6529.497864
-16.049633,1,6529.526489
507.664114,205,6529.761835
464.968889,285,6530.080865
509.169722,203,6530.316617
58.214093,68,6530.402514
946.247869,388,6551.723967
507.513889,199,6551.93985
3.802841,26,6552.047578
-8.072268,1,6552.072132
902.258579,374,6552.514259
945.484743,399,6553.029983
901.86035,379,6553.478399
567.448546,232,6553.760446
902.518218,374,6554.181626
4.833937,29,6554.233552
57.481466,65,6575.523362
902.535986,366,6575.917526
718.630395,296,6576.23105
-8.038697,1,6576.250764
718.594287,292,6576.56028
48.419677,61,6576.648262
718.858644,286,6577.009727
1088.993692,469,6577.576424
903.611543,370,6578.003456
945.62989,398,6578.490993
508.127059,205,6600.974307
944.636278,397,6601.407481
58.399377,66,6601.515123
291.947159,184,6601.718425
761.897238,320,6602.076252
144.076156,111,6602.210824
902.728472,380,6602.625537
762.06295,320,6602.991652
508.684552,204,6603.222582
761.054865,327,6603.603833
507.220904,202,6625.6652
718.230116,288,6625.971771
587.417128,310,6626.339018
718.85654,288,6626.659087
197.322855,148,6626.871045
1088.662548,441,6627.421
1091.057927,436,6627.971311
762.606387,317,6628.373428
410.424619,239,6628.69093
408.442383,236,6628.989345
60.089141,66,6651.485649
509.63466,206,6651.699042
946.355938,401,6652.147651
903.737881,378,6652.574531
718.438035,291,6652.928738
61.90913,67,6653.020507
763.34696,312,6653.447157
1091.198045,439,6653.967202
1089.089343,462,6654.518603
712.163518,298,6654.870353
568.778233,228,6677.241173
1088.532727,451,6677.778035
718.355261,284,6678.082095
60.55186,68,6678.184862
712.286957,303,6678.517981
763.037884,317,6678.898041
762.426809,314,6679.247925
718.371146,292,6679.585019
-16.083818,1,6679.60991
1088.516513,456,6680.15732
57.547426,65,6702.25527
1090.08006,440,6702.776806
-8.05635,1,6702.803003
568.919231,228,6703.045249
945.954973,380,6703.514644
762.515797,315,6703.894862
1090.448354,464,6704.465712
15.870146,35,6704.532221
1090.744029,459,6705.091379
390.850339,246,6705.381705
332.189375,197,6726.113658
1091.127845,446,6726.618695
761.812736,315,6727.019552
567.602326,226,6727.288056
412.453931,239,6727.577307
569.297464,235,6727.865372
507.714446,195,6728.102304
761.837499,319,6728.528809
57.86346,63,6728.624318
762.839521,321,6728.98747
1090.201791,457,6750.447158
507.556984,204,6750.674883
718.498584,299,6750.992795
1090.24749,453,6751.532871
946.947378,400,6751.988166
1090.323253,442,6752.520558
903.110865,374,6752.943882
269.848752,183,6753.171261
-16.053143,1,6753.186157
947.304914,385,6753.635927
947.033613,386,6775.083711
1090.488595,446,6775.580902
762.925965,305,6775.954164
506.710974,198,6776.214216
901.656814,381,6776.64813
58.315675,68,6776.735242
1089.49045,437,6777.262723
507.352817,196,6777.494439
762.644783,315,6777.852161
904.370196,366,6778.252315
763.581007,313,6799.766683
717.995804,294,6800.107045
1089.454693,447,6800.666115
142.696303,109,6800.834692
944.916271,382,6801.293438
70.390767,73,6801.392519
945.553298,385,6801.867739
1088.369619,445,6802.434955
1089.477463,443,6802.972681
616.444094,337,6803.368613
568.923427,232,6824.739155
719.143641,288,6825.071538
762.503618,301,6825.419028
568.985503,232,6825.665972
719.104328,290,6826.008472
762.559962,307,6826.37607
718.945077,288,6826.694513
60.145835,68,6826.794699
569.294387,225,6827.048153
568.456061,231,6827.299961
56.685503,67,6848.77354
904.400186,386,6849.189702
761.987393,323,6849.603973
569.23304,241,6849.905423
57.355957,66,6849.996218
508.171643,204,6850.222448
764.173823,309,6850.597884
762.24561,315,6850.961911
902.404825,375,6851.411872
1089.779128,447,6851.949946
343.847435,211,6873.663631
71.688763,85,6873.762047
714.591738,291,6874.116801
568.422059,228,6874.371249
507.859172,203,6874.615523
1089.80197,465,6875.156043
762.307629,306,6875.532814
902.906373,364,6876.000969
260.342928,173,6876.190129
508.425127,201,6876.437346
567.598074,227,6898.872181
717.404887,278,6899.154428
-8.079139,1,6899.186796
904.142962,373,6899.585002
508.45868,197,6899.795425
67.841157,78,6899.88187
902.301956,368,6900.279965
763.125708,317,6900.662901
410.923754,237,6900.95411
763.428747,317,6901.308051
763.755215,319,6923.329291
351.037034,216,6923.579544
902.753606,380,6924.007818
763.855706,311,6924.369616
712.482282,294,6924.726313
762.96689,319,6925.143949
762.857915,307,6925.500999
946.307454,385,6925.945351
720.308239,287,6926.26621
946.914685,399,6926.732072
903.535903,379,6949.04768
270.097529,191,6949.240735
947.387336,382,6949.673204
719.222768,286,6949.996218
763.335968,307,6950.389643
51.155537,62,6950.472095
267.259029,183,6950.681937
568.504887,228,6950.949757
507.849979,200,6951.180256
903.820999,359,6951.619614
1089.366176,453,6974.47698
762.438521,319,6974.821366
901.427403,385,6975.211728
266.115058,182,6975.40895
1090.271002,446,6975.941289
903.363497,379,6976.369965
717.763621,296,6976.720685
945.812363,400,6977.186398
68.511582,77,6977.307586
507.984884,198,6977.557061
70.973995,81,6998.650194
904.153151,391,6999.059098
569.350909,224,6999.294842
946.555688,384,6999.709419
902.71485,383,7000.131401
567.420524,232,7000.385215
508.183426,195,7000.594076
763.095928,312,7000.948499
946.723368,381,7001.393908
719.921558,285,7001.726282
58.351043,66,7022.702106
904.297061,375,7023.165547
718.092685,284,7023.458288
1090.334558,442,7024.014197
946.63029,389,7024.500661
-8.027886,1,7024.525682
715.485784,299,7024.895409
508.88266,194,7025.196414
764.525172,313,7025.571603
902.575798,376,7026.005088
567.924083,216,7046.899433
-0.071964,16,7046.941083
718.177426,292,7047.238499
-6.035336,10,7047.265793
567.693045,230,7047.51135
762.566589,317,7047.879851
59.590813,66,7047.965598
59.565269,65,7048.05259
1087.997621,462,7048.584945
147.001909,116,7048.72891
762.436676,323,7070.279806
-16.059393,1,7070.300954
-8.040206,1,7070.324733
763.720904,313,7070.674389
569.564718,223,7070.908849
947.105388,380,7071.341404
1092.383972,436,7071.847349
947.794663,393,7072.318537
569.959295,233,7072.594051
60.719144,66,7072.680743
507.695642,204,7093.779747
945.876307,390,7094.257891
719.738303,282,7094.550249
145.611195,110,7094.707133
569.462816,229,7094.992702
59.946041,64,7095.085291
718.429461,290,7095.461019
903.402226,373,7095.897586
568.856752,225,7096.140009
479.669936,296,7096.498894
1088.48575,448,7117.904921
49.677123,65,7117.987912
762.02549,307,7118.343629
1089.286939,450,7118.850541
568.358485,224,7119.090323
49.022206,63,7119.192211
761.150292,321,7119.54956
762.11029,316,7119.948644
631.1964,349,7120.4136
1089.447141,443,7120.941312
903.203355,376,7142.92098
719.950808,290,7143.226521
718.583896,289,7143.568097
947.767011,393,7144.034551
903.205246,386,7144.476373
718.737699,288,7144.799946
719.357956,287,7145.117125
903.023843,387,7145.575794
56.297557,71,7145.677192
509.432796,194,7145.896361
762.669829,317,7168.073258
902.575001,385,7168.518331
1089.066871,449,7169.092006
718.605849,293,7169.474556
717.794044,293,7169.823852
904.131346,384,7170.28481
569.053794,229,7170.542987
903.11824,385,7171.050493
569.263307,238,7171.360681
248.650011,171,7171.562421
904.200004,363,7194.027522
61.804579,72,7194.120894
1089.566927,439,7194.614605
269.288419,188,7194.815493
568.629467,230,7195.078926
711.651085,296,7195.406766
717.776585,288,7195.752685
58.192112,68,7195.838501
508.575962,203,7196.065492
508.516243,205,7196.318748
567.885804,229,7218.753618
718.926551,300,7219.151291
56.633309,64,7219.217424
507.273304,200,7219.468752
508.252195,198,7219.691149
60.0218,68,7219.775904
903.743197,379,7220.213465
708.797592,293,7220.539611
58.554129,70,7220.638258
56.916791,73,7220.729824
56.188018,64,7242.58017
1089.215124,452,7243.089532
209.889349,151,7243.28591
718.567176,300,7243.620737
713.416825,294,7243.999079
1088.390817,448,7244.589529
59.084255,60,7244.684117
59.287084,68,7244.844458
60.828455,67,7244.935609
710.409904,296,7245.310725
902.654686,386,7267.945436
67.73503,80,7268.052378
718.030818,284,7268.3606
945.540575,403,7268.80038
1088.659305,467,7269.320291
719.553025,284,7269.639612
946.363181,399,7270.086264
948.083879,388,7270.533053
718.800083,292,7270.854171
944.946993,405,7271.304687
944.984677,401,7292.851711
904.224293,377,7293.257819
56.833803,64,7293.333616
569.737259,220,7293.586753
508.621288,203,7293.817819
763.658713,306,7294.181126
763.067759,315,7294.529365
269.082431,187,7294.74303
346.459756,207,7294.98669
762.993293,317,7295.358475
708.666432,312,7316.020741
762.26293,319,7316.418802
763.274214,313,7316.796918
71.863808,76,7316.902659
568.05038,226,7317.179686
567.83277,228,7317.426795
508.778404,200,7317.682383
712.199147,306,7318.048058
509.240837,199,7318.273433
707.178392,305,7318.637081
508.597849,202,7339.420023
718.84998,296,7339.763146
508.923664,202,7339.978865
946.055167,385,7340.405987
718.679403,295,7340.756284
1088.733081,456,7341.272893
1088.625611,452,7341.805799
568.780094,224,7342.060635
570.041267,223,7342.317465
946.653083,406,7342.770833
712.981856,301,7364.67125
508.398481,201,7364.900561
1088.246663,457,7365.46522
60.663177,71,7365.570357
70.689282,82,7365.673074
946.65685,402,7366.145171
508.336501,202,7366.369197
508.18618,208,7366.609517
1089.14879,453,7367.143434
903.413753,369,7367.590782
902.989993,382,7389.188816
509.13266,198,7389.415601
1088.831763,455,7389.911152
1088.271598,459,7390.445234
1088.037197,461,7391.041478
709.509166,292,7391.423452
718.453009,299,7391.789242
508.487325,194,7392.05265
718.75152,291,7392.388398
904.951075,380,7392.825385
1089.286906,451,7414.704423
903.488529,371,7415.087319
507.137383,204,7415.312675
60.501211,65,7415.403751
764.033544,319,7415.758162
1089.96226,461,7416.302427
903.088021,367,7416.716183
410.578551,238,7416.994957
508.482405,201,7417.207056
763.654071,314,7417.576846
568.051975,229,7439.842966
474.735691,273,7440.141425
61.030532,78,7440.236483
903.9093,375,7440.649972
68.586273,79,7440.756026
454.957923,267,7441.049575
569.604374,228,7441.29536
762.774493,308,7441.648282
946.648667,403,7442.122629
903.382085,376,7442.547935
