#{"t_start": 1778007877.5104854, "env_id": "None"}
r,l,t
-2.258282,290,3.56811
-2.510099,169,5.094291
-4.800236,199,7.062061
-2.030321,39,7.501577
-4.156846,15,7.683645
0.393106,563,13.405571
-22.486954,564,18.386968
-2.520847,204,20.091268
-2.832676,161,21.423441
-7.406252,9,21.533274
-2.180488,213,23.562532
-7.855176,253,30.929278
3.774345,272,33.255903
-19.642523,472,36.929778
18.44205,64,37.513631
-27.153105,686,44.462103
-121.629237,825,51.371026
-30.251275,561,61.158705
-126.327583,1500,75.661384
-24.540461,300,78.288164
-108.546904,1500,93.523483
-26.385167,300,95.820828
-55.946586,600,101.117593
-18.988711,300,107.882975
-47.727535,600,112.752118
-28.073516,300,115.415012
-24.266766,300,118.133211
-55.044082,600,123.540337
-48.408048,600,128.791923
-25.465758,287,136.681204
-63.199691,1063,145.549132
-19.330853,305,147.950175
-35.719551,354,150.778722
-15.041154,342,153.457729
-21.237946,233,160.536163
-9.606491,163,162.238517
-16.267819,294,165.425693
-5.326376,196,167.521284
20.058176,839,174.785094
-14.837014,327,177.761256
-10.516032,391,181.34156
29.90518,707,194.178366
-4.883853,471,198.935843
9.280977,123,199.97595
-11.108756,349,202.786171
1.682677,180,204.25246
38.75227,199,205.92583
15.154552,900,218.55347
51.61397,450,223.014948
99.094661,1500,237.097131
17.512457,334,240.167802
30.273388,115,247.161036
-79.705413,1200,259.095325
31.238575,122,260.310272
1.959982,51,260.729653
-6.622379,216,262.506682
-15.596616,765,268.779615
-0.506346,54,269.28592
79.904759,305,275.550356
80.75472,1500,290.057938
3.770582,610,295.523517
15.405034,144,300.640836
14.254123,256,302.970057
61.669713,468,307.115001
168.040513,1211,317.796161
22.621539,517,322.913636
15.12586,45,328.486946
180.618965,1500,341.278345
-25.307156,840,349.629772
13.798674,602,362.82328
61.845335,478,366.846411
11.914264,600,371.470341
22.68446,444,375.151208
4.520583,32,375.534363
28.347616,426,380.020259
74.680548,380,389.82423
-16.025982,1,389.855926
32.14895,600,395.187095
37.189108,600,400.631907
35.531988,302,403.32398
-4.203231,459,407.524887
40.310338,600,417.982521
9.947802,900,425.166361
31.28196,145,426.382589
42.673383,600,431.013783
45.032302,200,432.569595
24.489239,254,439.814085
106.270511,576,445.254987
43.402637,94,446.068428
107.168205,453,449.953547
40.558532,205,451.827621
87.442498,293,454.501529
101.454214,361,457.947666
39.788656,197,459.762198
20.473692,76,460.478772
22.531923,807,474.717395
44.202991,145,476.040798
64.623932,319,478.689643
15.9869,63,479.207549
75.774849,232,481.174043
111.384453,534,485.565411
76.607341,153,486.826147
75.94199,142,488.046088
56.180457,900,500.419925
236.168851,413,504.527529
52.793339,114,505.514842
55.647197,161,506.898364
42.002012,900,514.896312
77.360881,227,517.069723
57.873408,137,521.864298
183.196282,393,525.529883
43.575028,125,526.55834
102.326235,280,529.215297
229.022391,428,533.80426
52.938509,147,535.402843
52.813897,142,536.701
548.930151,1399,550.615133
36.918525,94,551.53369
632.218178,1500,566.451264
203.03803,320,569.55463
280.394591,396,577.33635
14.671227,51,577.823126
3.180182,29,578.142413
4.154234,33,578.481211
98.642599,213,580.324048
229.747577,337,583.103413
101.832595,226,584.911429
47.17745,120,585.930749
3.448264,28,586.163531
3.227476,32,586.431917
235.901133,321,588.963776
3.264894,35,589.274168
78.213618,144,590.490869
5.000129,30,590.835617
71.07898,129,592.142022
237.418107,303,595.402391
46.865922,94,596.460947
190.454315,278,604.471812
198.332158,261,606.768863
799.627115,1500,620.892931
13.736221,69,621.553309
49.77347,90,622.393461
12.118935,112,623.555033
302.104794,505,633.578461
46.158908,82,634.283481
1055.093898,1484,646.606921
301.447497,477,650.45205
195.705109,209,652.096997
71.526276,154,654.86156
13.625244,57,655.446178
45.510348,79,656.352192
60.41989,92,657.392673
255.302657,364,661.413217
86.342214,111,662.679128
46.25577,88,663.714347
44.613891,109,664.731178
48.292863,96,665.571714
86.229837,121,666.615734
-72.210824,600,671.884068
256.319157,317,675.025403
250.338794,307,678.118507
27.92967,51,678.622069
328.950915,463,684.69292
34.518151,91,685.469855
33.336121,78,686.163769
99.318829,117,687.138132
78.389688,113,688.223837
93.05849,108,689.471584
330.092095,422,694.234713
197.793018,188,696.331026
268.287395,358,699.525541
307.870064,342,702.341199
138.481623,228,704.147277
269.092477,362,708.710991
34.884409,73,709.402744
235.981481,254,711.772212
188.527907,231,713.971333
73.442569,90,714.940675
48.070905,84,715.730581
100.686843,146,717.148953
238.019956,223,719.214741
139.261,242,721.694232
98.933168,117,723.013108
242.273028,231,725.565467
223.34201,234,728.215805
307.766911,334,734.256926
888.550514,595,739.390897
283.42717,254,741.566273
107.389905,156,743.020832
-16.060199,1,743.05253
265.995444,235,745.045561
104.988789,138,746.215498
238.624083,205,747.866396
128.613084,179,749.299947
121.935117,189,750.753552
299.939991,331,753.816785
74.881526,98,754.867977
100.922934,127,759.144947
101.079702,121,760.533086
-44.822828,121,761.789658
74.176798,103,762.66891
320.020488,326,765.527905
56.074032,91,766.313461
708.640135,474,770.470652
70.284216,103,771.439959
100.95625,123,772.581827
103.612553,109,773.61337
300.139511,306,776.585399
70.439571,95,777.499489
3.674186,31,777.794453
80.845915,104,778.735765
69.813278,88,779.576027
70.263471,99,780.522961
285.002832,223,785.020966
55.244836,82,785.964464
55.878788,92,786.962518
412.061191,356,790.716566
244.23445,218,793.069507
70.621689,91,794.078522
240.2712,205,795.843223
73.182551,113,796.780275
240.661133,178,798.279242
117.807016,146,799.513941
69.844054,85,800.186317
74.356985,102,801.016289
225.566716,282,803.531858
74.30428,100,804.407062
60.948136,70,805.073099
227.121068,307,810.979429
320.381281,321,813.720852
319.564277,317,816.758613
246.394782,204,819.076442
193.717735,201,821.328224
214.3373,202,823.616456
72.026802,100,824.775345
-16.048758,1,824.808721
1071.475029,819,832.220085
111.912291,118,833.237843
781.148389,722,841.341954
-16.019581,1,841.377001
101.865572,109,842.282015
241.447033,183,843.76045
80.995824,102,844.605956
222.397112,201,846.28883
104.856419,120,847.281546
286.576727,296,850.163622
81.012839,102,851.286535
81.918645,101,852.372974
695.220459,616,858.641607
288.830049,256,863.866803
709.828418,413,867.582803
55.38084,90,868.415284
709.562858,405,872.410174
230.862182,177,874.074463
107.827645,103,875.043688
34.618774,63,875.658609
58.205301,90,876.511888
-16.010077,1,876.539131
82.744564,98,877.435105
238.185664,189,879.167369
57.02659,75,879.876832
109.075777,131,881.177579
72.254701,105,882.356615
81.577998,98,883.447096
36.207265,57,884.100306
198.699212,165,885.960303
95.685371,109,889.570556
288.294021,260,891.943629
709.625126,418,895.48853
283.887189,273,897.730247
857.664212,776,904.683481
235.639601,188,906.175131
97.650545,105,906.990647
710.143846,397,910.109898
859.426863,750,920.932141
240.871234,190,922.634442
503.146194,371,925.759186
53.019697,73,926.428517
47.939678,75,927.134367
321.701422,252,929.507497
257.470676,228,931.67539
47.827681,75,932.371663
341.611557,281,934.929702
244.150861,201,936.822579
-16.059185,1,936.85345
238.392142,180,941.075273
81.017666,100,942.065393
892.266661,471,946.587547
892.816832,468,951.524186
223.932992,223,953.757748
267.494229,211,955.549437
522.492537,507,959.844554
891.527847,498,966.633595
370.456206,295,969.110138
-16.012854,1,969.142729
752.806749,524,973.990244
109.022229,123,975.081186
143.712746,151,976.687921
862.846346,622,983.472209
322.914054,233,985.745879
565.734638,288,988.136604
565.602599,316,995.801342
892.847813,460,999.989821
70.337757,81,1000.61084
1079.688387,622,1005.497489
1078.374114,683,1012.447136
22.414654,49,1012.963176
27.112015,55,1013.583668
15.216135,43,1014.055806
208.896523,234,1016.526279
290.459544,246,1020.931875
52.419213,71,1021.559042
1078.262077,686,1027.729915
57.023122,84,1028.534009
57.437974,92,1029.43993
283.406771,195,1031.228253
1081.205414,613,1036.585586
112.768101,109,1037.609612
210.27209,217,1039.713028
713.325575,333,1047.29522
237.402533,197,1049.300762
567.120706,278,1051.717758
59.581068,79,1052.431411
235.762225,220,1054.345858
140.616975,148,1055.587317
58.651035,91,1056.356322
713.869377,331,1059.189309
714.33358,329,1061.987119
82.232835,87,1062.713042
-8.005232,1,1062.74965
1080.904944,623,1067.794022
712.36184,346,1074.299574
223.102216,205,1076.498614
105.161846,94,1077.538639
279.381885,269,1080.238593
228.812178,199,1081.930629
896.69892,429,1085.559773
404.678113,292,1088.301443
102.648331,107,1089.408337
897.216772,432,1093.405669
856.761466,617,1102.521565
704.829327,512,1108.095135
58.766051,76,1108.917872
186.575707,168,1110.740298
858.200215,610,1115.968309
565.898398,286,1118.353572
288.395446,207,1120.188841
57.976877,88,1120.932211
715.750403,330,1126.612765
122.192411,114,1127.551878
715.03529,338,1130.364305
415.010335,277,1132.611513
566.871363,273,1135.490909
288.355139,199,1137.673048
224.733919,204,1139.954284
713.713351,348,1143.459535
713.585772,338,1146.376024
312.629964,223,1148.304564
568.15515,270,1155.662344
260.088294,214,1157.645244
-6.14061,14,1157.796416
713.389471,361,1160.875275
1082.253783,588,1165.562016
896.683988,446,1170.243809
897.783063,419,1174.599388
260.663406,220,1179.393776
186.263049,169,1180.933907
119.989371,116,1181.947737
505.197271,232,1183.911438
899.135549,425,1187.842289
714.158724,335,1190.941582
232.889923,198,1192.699626
233.736925,205,1194.566553
567.984536,262,1196.830904
218.206609,183,1198.49776
57.99176,77,1199.282828
715.660947,337,1205.715136
286.813812,203,1207.483475
407.12002,291,1209.938602
581.488628,416,1213.478529
897.785608,422,1217.010029
758.07275,431,1220.669363
58.184348,75,1221.321842
505.516409,251,1223.288482
715.820057,330,1225.877384
567.820979,266,1231.522836
57.680528,89,1232.439225
901.51769,403,1236.697448
284.656631,197,1238.407315
414.188315,304,1241.03634
506.496089,243,1243.285354
-8.07822,1,1243.317067
57.663193,77,1244.05521
1084.068156,565,1249.399697
716.765322,333,1252.530871
155.593737,147,1256.3763
897.336046,427,1260.448125
326.109525,229,1262.861768
288.534077,190,1264.677402
1084.877868,537,1269.937501
715.017239,330,1272.739639
218.911863,190,1274.342068
306.693552,200,1275.974519
568.434499,274,1278.25636
102.805689,88,1281.507294
287.035627,194,1283.110665
211.749795,177,1284.538312
572.184644,386,1288.022518
371.548308,261,1290.513007
59.746465,73,1291.328822
567.831771,266,1294.32652
25.833531,50,1294.845911
287.312908,196,1296.751099
345.588699,224,1299.12359
898.789201,428,1302.977123
256.300404,199,1307.643905
144.87098,121,1308.778141
567.89942,269,1311.379639
897.573441,425,1315.025966
568.007645,262,1317.101105
899.826948,417,1320.421193
1084.615275,555,1325.877992
506.835619,246,1328.394799
113.907893,105,1329.433502
714.888171,320,1335.209024
506.879644,237,1337.205546
288.933932,193,1338.985658
410.73928,320,1342.079251
715.391125,327,1345.180726
144.314443,129,1346.384021
713.920343,328,1349.370932
715.160068,320,1352.321378
506.411671,233,1354.472128
465.989066,336,1361.44761
74.492753,85,1362.19939
456.875994,342,1365.082216
898.70229,421,1368.600917
282.34831,225,1370.420221
1085.054643,521,1374.593889
1086.046161,525,1378.818145
433.884643,315,1384.716721
897.546073,413,1389.17892
1084.420619,536,1394.506577
566.063761,265,1396.620875
58.442708,80,1397.286437
567.21678,269,1399.593069
314.308244,236,1401.845795
1085.241581,515,1406.640971
414.77245,266,1412.017586
1084.858454,523,1416.938557
343.293821,233,1419.488863
758.633211,396,1423.744016
154.040739,147,1425.271333
507.150958,225,1427.208348
118.664053,106,1428.087831
268.822958,215,1429.7939
332.454621,220,1431.62941
1086.6142,503,1438.050463
716.626229,324,1440.83336
759.218381,389,1444.403109
247.27952,197,1446.212765
505.695959,231,1448.530841
568.259869,260,1451.304013
566.565355,256,1454.097214
430.897817,324,1457.408199
60.240544,79,1458.076634
896.445623,436,1465.220837
568.737437,248,1467.550221
1.438464,76,1468.197336
61.156067,75,1468.807575
505.615683,236,1470.692564
567.933388,246,1472.67399
179.002953,130,1473.698689
57.694033,74,1474.313853
119.456659,103,1475.148474
288.870435,193,1476.736585
610.474359,386,1480.281134
897.872545,419,1484.703125
59.384946,79,1485.564888
269.134604,184,1489.69295
714.659001,325,1492.417431
708.609016,428,1496.094572
897.216063,428,1499.895482
1085.935848,506,1504.627691
758.618748,377,1508.156156
1085.014327,531,1516.060029
103.831064,93,1516.793975
431.44161,283,1519.183837
716.887881,313,1521.691112
1085.60606,520,1525.962427
939.694382,455,1529.605513
505.258214,221,1531.427078
898.2403,411,1538.156257
897.145987,422,1541.485823
40.73451,55,1541.933814
406.825888,255,1544.058231
416.035052,257,1546.138152
1086.716928,492,1550.787955
567.151981,258,1553.221981
147.903899,117,1554.367177
613.014403,366,1557.77701
258.3897,213,1561.79538
415.475061,275,1564.315519
1087.726999,498,1569.354795
1085.915013,509,1574.674612
59.471446,80,1575.341241
466.078626,342,1578.245002
415.701403,254,1580.401839
898.84001,407,1583.786895
760.268795,368,1589.699926
287.204487,196,1591.519095
757.273567,395,1594.845344
610.81402,364,1598.518896
714.366958,322,1601.951191
245.286961,185,1603.948973
346.030925,225,1606.287333
46.888055,63,1606.85922
288.102367,191,1608.467117
430.196616,284,1610.885931
59.760731,70,1614.248996
716.702385,305,1617.078317
505.059071,226,1618.913908
204.518346,162,1620.282827
61.637686,78,1620.924016
505.270708,221,1622.649833
248.370903,186,1624.094223
507.620632,217,1625.79112
505.922097,233,1627.692094
-16.053686,1,1627.722273
942.550042,417,1632.321018
568.268096,246,1635.020507
716.863401,303,1640.536968
506.273064,226,1642.434772
506.840279,228,1644.519415
271.130485,172,1646.16078
1084.738531,529,1651.079062
566.822382,255,1653.503378
757.709327,387,1657.026907
898.638021,414,1660.669527
143.04652,120,1661.985346
758.730141,354,1668.468321
715.851051,316,1671.146278
566.945193,246,1673.157401
1086.403079,491,1677.405499
760.575028,355,1680.235883
715.052883,327,1682.89399
144.78734,121,1683.884233
287.797378,194,1685.396576
565.773196,257,1689.735299
569.240181,353,1693.236184
716.776514,306,1696.604839
567.743969,251,1699.261797
760.378899,383,1702.558541
898.208593,405,1705.970098
505.410955,238,1708.19204
336.215069,238,1710.530731
506.364871,222,1715.891243
900.863852,389,1719.280127
715.149316,327,1721.970571
506.3921,220,1724.232439
139.911825,116,1725.396058
716.289005,316,1728.615684
567.161006,258,1731.268487
759.346408,371,1734.366806
-16.06702,1,1734.386937
715.282013,309,1737.005566
567.317511,241,1741.803473
759.662185,366,1745.072311
1087.169553,503,1749.829858
120.604338,97,1750.730873
714.966317,318,1753.808576
941.254413,426,1758.133586
714.214825,314,1761.473795
50.076218,57,1762.117267
61.309305,75,1762.857324
505.11475,219,1764.729668
291.541379,196,1768.510557
340.690326,242,1770.694072
567.262196,250,1772.72781
505.620853,234,1774.654185
900.179827,422,1778.042795
758.744762,360,1780.842601
61.154084,81,1781.533399
760.342516,361,1784.485371
716.499959,310,1787.808791
59.359886,73,1788.631699
760.332308,342,1795.672574
59.652547,77,1796.347108
-16.055702,1,1796.379998
58.361816,81,1797.083337
758.604687,360,1800.182841
899.882816,392,1803.874808
898.303917,401,1807.606125
1085.372793,512,1812.227072
170.113969,136,1813.46753
900.383987,399,1820.08814
1085.229443,502,1825.003578
288.509434,192,1826.643327
1086.148427,507,1830.870967
900.048429,408,1834.291424
757.84156,380,1837.378749
759.061983,360,1843.153941
761.167679,350,1846.202215
584.402846,339,1849.939018
715.935993,312,1853.358015
1086.62465,505,1858.053297
566.618342,252,1860.269068
74.210275,75,1860.9126
452.370132,318,1863.759256
269.048035,205,1865.679285
1087.550917,462,1873.94955
506.116018,227,1875.723788
-16.03367,1,1875.746713
415.742369,265,1877.890777
1087.384384,473,1882.66584
506.740802,220,1884.978326
1085.687658,479,1889.295784
794.368182,432,1892.910207
1085.482694,507,1900.347107
1085.997056,484,1904.787236
758.735556,360,1908.038958
942.485583,416,1912.231658
758.940684,356,1916.046611
757.87223,365,1919.688543
900.865653,388,1925.625143
513.318057,330,1928.341062
898.793604,395,1931.547662
58.148875,70,1932.147501
942.137842,422,1935.532871
715.662831,304,1937.949764
415.61631,246,1939.960877
504.884416,220,1942.236142
942.363565,405,1949.278506
57.334232,63,1949.824003
758.871678,359,1952.89075
944.376896,426,1956.660068
1086.240953,488,1961.243401
716.381476,303,1964.133386
568.36557,237,1966.325394
50.892277,63,1966.889369
415.613178,259,1969.318574
614.500073,358,1976.640088
943.4775,411,1980.829078
506.982874,222,1982.740094
567.053141,241,1984.746661
566.373064,241,1986.722864
566.915297,248,1988.794492
567.231325,251,1990.756528
567.120375,239,1992.758225
141.781512,122,1993.743442
1084.73515,503,2000.042526
898.842591,412,2004.171481
941.987421,418,2008.667475
714.531914,315,2011.971282
902.26868,385,2015.213751
716.470753,299,2017.750904
416.501267,255,2020.137972
99.718095,92,2021.136186
288.60952,192,2026.259502
1085.053418,516,2030.354558
346.449946,226,2032.183518
716.419339,306,2034.922773
566.532929,240,2037.372724
567.175653,238,2039.846147
137.108127,111,2041.000905
899.233061,404,2044.631009
899.663377,397,2051.373806
568.860199,243,2053.713451
568.107026,241,2056.044264
714.643528,298,2058.77951
716.861626,304,2061.595918
296.4329,196,2063.438645
59.106279,68,2064.077499
59.397862,68,2064.703064
568.656394,229,2067.044837
506.139012,211,2069.380515
431.386983,258,2072.169266
1087.126399,469,2080.105634
505.892347,229,2082.081736
714.423236,314,2084.697034
568.176732,242,2086.884619
715.442374,303,2089.32952
140.114916,118,2090.285315
143.574494,117,2091.213338
143.43095,113,2092.140593
1087.904269,474,2095.907723
759.295252,337,2099.238632
1085.523468,503,2107.259179
567.874757,244,2109.401777
760.220337,332,2112.227527
141.694897,121,2113.504346
-16.029701,1,2113.538674
758.931629,354,2116.977294
1085.806625,487,2121.497376
506.500736,206,2123.329305
289.37881,192,2125.122747
475.853356,344,2131.771899
568.114281,254,2134.542441
574.341768,338,2137.97082
715.893216,309,2140.555757
409.793596,256,2142.707357
345.853208,222,2144.566876
899.649404,407,2148.020477
70.016591,80,2148.698618
568.282941,242,2150.791102
507.170824,229,2152.605798
943.375147,409,2159.919843
717.038807,312,2163.331462
506.358224,216,2165.755505
942.416942,419,2169.873267
567.659261,239,2171.870238
1085.787947,486,2176.18276
59.380931,70,2176.861976
65.730401,79,2177.638065
1085.706081,494,2184.516348
899.596003,388,2187.549152
715.367065,315,2190.08425
716.765637,307,2193.349562
900.800797,388,2197.45595
1087.168386,462,2201.749088
943.722717,401,2205.097824
60.01591,67,2208.639737
507.303408,212,2210.656754
898.980682,407,2214.529521
58.975423,71,2215.170645
506.146166,214,2217.073035
406.319641,260,2219.30584
58.674205,70,2219.948654
247.448133,181,2221.604386
901.055927,388,2225.750689
-8.027822,1,2225.786589
82.765559,89,2226.727146
145.13769,110,2228.009028
59.115423,74,2228.80072
568.578,226,2231.282976
144.461192,120,2232.26728
942.348204,425,2238.494856
1086.974688,487,2242.767159
59.29349,67,2243.364735
476.759801,297,2245.894478
942.242951,423,2249.221665
506.459864,212,2250.853197
567.853417,241,2252.835997
568.462523,235,2255.360141
943.121339,411,2263.093918
1085.430991,487,2267.364051
899.426246,397,2271.025366
1086.913885,499,2275.839915
508.216524,207,2277.777061
-8.039449,1,2277.806125
476.176268,307,2280.679256
568.445115,236,2282.743741
144.971454,120,2286.606449
1086.710259,493,2291.859423
568.738944,239,2294.333841
717.228995,324,2296.995429
760.971675,343,2299.865193
157.019805,128,2300.927286
407.940953,267,2303.159289
758.822632,365,2306.262488
67.764705,80,2306.945939
941.934935,427,2313.81454
1087.193968,484,2318.398958
1086.627407,482,2323.663468
716.281357,300,2326.425356
506.780815,210,2328.202121
942.257626,419,2331.834206
715.796659,310,2334.785005
294.095998,194,2339.935663
944.249084,429,2343.389701
813.191172,436,2346.921858
900.706201,390,2350.662154
63.344167,80,2351.481866
507.579013,225,2353.858003
716.095775,309,2356.869157
759.095938,346,2359.777423
-16.045679,1,2359.813399
716.968428,306,2366.085059
508.294599,209,2368.027962
67.350341,79,2368.77198
760.487386,344,2372.081835
899.832197,406,2375.78338
898.554189,405,2379.592996
714.989949,303,2382.565255
507.458502,224,2384.783774
1085.547224,492,2392.514527
759.282732,344,2395.568012
432.420894,263,2397.802478
716.03625,301,2400.31837
506.375114,231,2402.265368
407.571169,273,2404.395011
717.026801,303,2406.779915
943.304249,424,2410.422479
219.789293,160,2412.172779
715.247103,308,2418.85155
714.662793,318,2421.510254
759.854489,343,2424.446433
760.591595,342,2427.676826
260.579702,189,2429.453878
900.68764,395,2433.212096
569.160794,235,2435.344419
260.098711,187,2437.081129
508.115196,219,2439.052839
1086.935246,505,2448.561014
66.2453,80,2449.344267
1087.223247,481,2453.535534
901.416126,386,2456.728835
567.990993,236,2458.707085
483.047602,298,2461.211721
898.958948,400,2464.574237
759.582336,346,2470.132875
943.119244,417,2474.471205
143.005889,113,2475.680572
901.463654,402,2480.017159
716.515955,302,2482.644166
708.931856,319,2485.397881
1085.308731,484,2489.79199
218.926199,155,2491.223579
900.297015,381,2498.394969
1087.086343,498,2502.370023
899.624887,380,2506.110744
472.628352,314,2509.486988
506.086975,222,2511.790068
900.657441,396,2515.172061
-8.034168,1,2515.209821
70.576028,80,2515.868973
35.804232,117,2516.853411
716.502932,307,2521.940506
483.271453,288,2524.704072
899.796461,397,2528.375216
1087.513325,463,2532.560345
1085.564719,492,2537.320497
761.421352,331,2540.94173
901.984429,381,2544.972253
480.033031,289,2550.54216
146.003159,115,2551.566806
568.815775,248,2553.561435
152.477372,117,2554.512122
505.74818,213,2556.293971
759.844542,349,2559.082838
942.570919,429,2562.584988
566.807316,234,2564.375483
333.352423,225,2566.220043
67.914475,81,2567.072186
15.796525,37,2567.468458
760.44945,346,2574.444083
942.538762,420,2578.214537
901.293305,391,2581.52672
507.472396,211,2583.434257
143.447941,117,2584.585154
901.616196,405,2588.476404
70.801458,82,2589.26805
332.827221,224,2591.312691
942.536247,431,2595.292943
507.416816,212,2600.501364
475.742952,311,2603.795802
760.747625,353,2607.573204
506.68487,211,2609.343649
567.579864,240,2611.289788
507.459157,213,2613.004404
568.917247,242,2614.974835
506.723411,220,2616.771767
507.124693,214,2618.483415
794.919225,427,2621.97486
64.523289,78,2625.685616
60.510405,69,2626.352178
899.49389,404,2630.176088
759.501007,340,2633.854141
567.828806,236,2636.473539
339.961013,223,2638.747126
715.565136,302,2641.395515
327.114075,213,2643.215082
566.59325,245,2645.299095
942.533591,428,2652.389468
901.717677,403,2655.753199
244.016517,171,2657.127744
716.979858,312,2659.659801
567.856549,249,2662.050033
1087.008242,474,2667.17586
942.61265,419,2671.280848
899.153684,409,2674.720911
566.729304,236,2679.68584
567.912818,239,2681.951438
506.980124,210,2683.863799
761.032225,336,2686.925615
566.808161,241,2689.116955
762.256492,327,2692.146716
760.459832,331,2695.601709
796.097415,436,2700.344465
141.994924,115,2701.606699
68.157912,80,2705.072838
59.871849,70,2705.68668
233.406716,166,2707.182449
715.65917,312,2709.779047
144.976554,115,2710.815426
340.927246,228,2712.776319
944.345699,413,2716.058039
140.558711,118,2717.008115
759.939053,352,2719.751867
716.71594,312,2722.223217
507.531408,208,2724.07945
506.905096,214,2729.954786
507.018377,211,2732.254833
481.221745,295,2734.859297
566.010731,231,2736.791325
567.596989,239,2738.871279
759.290528,356,2742.234761
506.943354,225,2744.212932
715.579068,300,2747.034585
1088.172274,462,2751.232469
568.936036,240,2756.196348
1089.818088,470,2761.214864
1085.457653,491,2766.081387
118.485846,100,2766.92662
66.535006,88,2767.681102
1086.568208,477,2771.640912
1085.96642,464,2775.462221
943.275545,431,2782.067636
760.162766,331,2785.013237
417.421429,255,2787.563653
566.859112,246,2790.396328
899.571087,399,2794.66643
143.425398,112,2795.889363
567.124424,238,2797.930233
718.437228,294,2800.472455
507.443643,212,2802.261009
901.511013,392,2809.254832
943.314279,428,2813.088747
144.198433,116,2814.053484
815.117542,451,2817.618665
761.168818,362,2821.24749
476.536037,309,2824.440578
901.018512,410,2828.433383
716.349237,302,2830.954575
474.056676,322,2836.713831
567.347166,241,2838.979431
567.825938,233,2841.159275
507.118425,214,2842.888421
67.241289,85,2843.603688
899.425381,405,2847.293937
943.041996,423,2851.513072
568.191669,246,2854.168018
507.065641,207,2856.449807
507.390303,216,2861.531365
899.499175,397,2864.848058
-16.025625,1,2864.876201
901.820852,394,2868.230817
-8.038246,1,2868.262092
567.589105,239,2870.258953
761.388171,339,2873.138373
717.516928,294,2875.508823
715.13799,311,2877.939307
1085.910365,480,2886.840101
567.205654,241,2889.514679
506.574391,214,2891.402876
152.205329,117,2892.451536
1087.345238,464,2896.520096
942.320581,426,2900.516557
410.464357,259,2903.04454
472.956542,311,2905.989452
899.473003,421,2909.511348
1087.6045,472,2917.25763
68.537726,89,2918.228939
58.923607,76,2919.028351
103.168256,90,2920.019029
506.937739,220,2922.190685
566.44671,242,2924.224172
60.539183,72,2924.868596
145.47485,114,2925.817186
341.03542,237,2927.798913
568.909344,240,2929.820482
715.671641,305,2932.383542
69.965465,81,2933.075433
568.36248,238,2935.105349
716.365946,304,2940.207744
941.568389,444,2943.887819
483.010324,310,2947.278837
759.893694,339,2951.020973
716.510475,316,2953.857047
143.123917,115,2954.875768
943.559584,415,2958.406078
567.510082,241,2960.707862
715.376376,309,2967.236132
717.147453,309,2969.797572
568.00701,239,2971.69959
759.585586,335,2974.453336
629.485258,364,2978.038049
942.910027,422,2982.574027
899.972247,400,2985.957902
281.638519,205,2991.100762
567.263689,240,2993.071512
506.74343,203,2994.959561
120.032682,101,2995.904685
507.305503,211,2997.90408
567.749933,241,3000.170861
507.947452,215,3002.157491
1088.570657,458,3006.456944
901.501074,390,3010.42704
716.3571,320,3013.931523
900.122005,414,3020.955283
1086.381255,495,3025.063288
715.944861,309,3027.525375
760.067578,335,3030.184811
901.139784,396,3033.34077
1085.736003,491,3037.545045
900.764498,403,3045.538469
900.771102,390,3048.829907
58.88817,64,3049.368289
89.427284,91,3050.197371
899.335651,403,3053.759651
898.716968,409,3057.537677
506.388159,213,3059.576931
943.009421,418,3063.360875
900.10184,397,3070.545029
1088.519426,484,3075.377753
716.612161,307,3078.230472
70.126058,82,3078.955996
942.759387,424,3082.565723
146.332754,118,3083.558747
507.727851,211,3085.224433
67.805206,84,3085.926416
760.57989,346,3088.752758
567.895127,242,3090.656183
568.139382,246,3096.397466
716.685141,307,3099.515305
119.016243,101,3100.618479
506.52094,208,3102.886147
760.996903,347,3106.479878
760.089021,344,3109.5116
898.674306,401,3112.949534
717.476851,300,3115.702363
144.205567,118,3116.866328
943.920065,403,3123.404379
507.498297,219,3125.354315
899.703722,396,3128.435102
505.474075,223,3130.484888
568.710781,236,3132.973096
260.040669,196,3135.131762
716.018328,303,3138.298999
567.75374,238,3140.163104
761.641693,334,3143.000674
505.650655,207,3148.086233
899.88437,392,3151.588988
505.106125,221,3153.676539
717.41688,314,3156.526053
145.01344,115,3157.537621
943.867278,425,3161.436155
1086.623588,470,3166.540507
118.113061,106,3167.732484
570.635171,340,3171.336475
761.189338,333,3176.969042
760.503878,332,3179.733917
506.730926,210,3181.428589
899.388932,403,3184.707365
59.285029,74,3185.332837
902.407316,375,3188.277756
264.785027,194,3189.834414
-8.026642,1,3189.864613
900.223412,392,3193.146106
60.482849,72,3193.87553
760.439972,318,3200.025084
715.831818,307,3203.023644
899.615182,412,3206.451404
506.680019,210,3208.288135
1089.789952,463,3212.628463
942.738276,423,3216.748161
59.953638,72,3217.456295
716.735799,308,3220.241968
899.526768,405,3227.964556
1086.757474,495,3233.191674
424.069471,253,3235.520534
900.99036,391,3238.680656
709.55814,311,3241.168931
64.50089,79,3241.791163
66.794718,80,3242.527559
900.100663,404,3245.847459
-8.006193,1,3245.878012
69.670476,88,3246.661037
409.689814,246,3251.836779
-8.013946,1,3251.870294
120.437024,98,3252.734442
-16.003119,1,3252.767949
59.930657,71,3253.428178
568.507182,228,3255.531341
-16.025993,1,3255.564557
716.266852,307,3258.843114
60.619521,68,3259.597339
716.540033,299,3262.836053
717.432518,301,3265.853863
569.425306,230,3267.804421
716.991954,291,3270.275751
70.400681,80,3271.003917
568.17499,232,3272.942437
568.345086,239,3278.019234
716.48665,313,3280.929731
461.530044,288,3283.204044
899.444186,384,3286.253313
477.025333,296,3289.098796
-8.027654,1,3289.124535
408.963429,264,3291.936517
760.059066,316,3295.343771
507.72804,207,3297.348608
478.735541,309,3300.038599
568.293376,239,3305.620677
145.099984,112,3306.60837
344.487636,221,3308.740869
706.855848,316,3311.727067
116.581874,105,3312.702196
506.375815,213,3314.662718
760.712744,333,3317.698428
717.504785,302,3320.594503
506.094087,212,3322.939893
715.635129,297,3326.205129
612.905432,354,3332.747165
56.089643,104,3333.658242
760.2525,343,3336.694983
506.379522,211,3338.601074
1085.929236,487,3342.649995
899.643586,391,3345.786741
568.847467,228,3347.58592
900.578828,388,3350.651289
942.232493,415,3358.669953
505.555538,208,3360.677196
900.527538,385,3363.938723
478.312435,295,3366.502715
505.964725,213,3368.554923
506.331054,219,3370.513601
485.516782,315,3373.30177
716.956229,304,3376.073155
760.348865,332,3379.116854
567.888511,237,3383.694318
899.676301,399,3388.007503
759.093409,340,3391.677567
717.386633,310,3394.28161
566.913224,235,3396.271212
566.714014,236,3398.211033
899.888731,377,3401.415386
57.511178,80,3402.079839
901.983651,388,3408.647186
567.110914,245,3410.631543
716.649284,299,3413.361744
716.612571,313,3416.772846
567.913706,236,3419.347085
760.607029,338,3422.972715
943.470508,404,3426.443694
616.318708,349,3429.477216
59.961708,65,3430.14801
761.479656,336,3435.720621
-16.029617,1,3435.753971
899.693188,384,3439.150485
1087.843264,456,3442.746062
507.969978,203,3444.436729
569.372572,241,3446.805749
760.119794,338,3450.433086
759.837383,338,3454.057161
943.266118,399,3457.365878
431.913421,262,3462.459282
507.060327,199,3464.314797
761.464153,325,3467.342874
61.240454,70,3468.053803
267.289031,177,3469.649814
901.389086,410,3473.199323
184.293532,132,3474.451782
899.235057,379,3478.132694
506.549395,213,3480.410161
569.289523,233,3482.929063
506.838946,210,3488.417583
568.40544,235,3490.403162
67.043348,84,3491.130015
26.055909,43,3491.510534
574.183417,330,3494.311965
899.422332,395,3497.633225
900.91343,406,3501.076204
506.47808,201,3502.692444
567.614558,236,3504.506713
798.149835,419,3508.210599
506.322224,212,3514.048021
1086.514189,482,3518.632078
409.375319,245,3520.779403
481.024327,294,3523.346774
569.18798,227,3525.627027
507.348722,201,3527.506908
716.655139,308,3530.494298
943.621834,395,3534.163118
507.82639,201,3538.754117
1085.746641,502,3544.156989
944.088224,404,3548.386156
715.636176,305,3550.957479
716.907093,299,3553.421259
715.622079,303,3556.033926
479.961082,293,3558.476742
761.304708,335,3561.239062
761.668309,341,3567.22211
789.21955,435,3571.106336
943.039719,411,3575.611307
899.344496,401,3579.610619
49.670198,61,3580.126638
61.478194,76,3580.785844
60.11062,71,3581.421526
506.230401,204,3583.126911
58.228024,75,3583.788835
477.471461,295,3586.399426
610.263297,351,3593.476831
144.851907,113,3594.603501
716.764826,295,3597.135715
568.577301,233,3598.99611
465.170706,285,3601.27265
761.403751,324,3604.350825
289.389284,182,3606.364177
632.949955,357,3610.130844
495.083634,288,3612.546201
568.598744,235,3614.493333
715.759338,293,3619.913654
944.095442,410,3623.607218
60.445894,70,3624.250139
507.091535,205,3626.21438
715.410876,305,3628.970624
58.804814,67,3629.653766
567.284641,237,3631.808829
506.697087,214,3633.856602
506.942331,206,3635.721995
100.021525,113,3637.020776
715.766918,300,3640.272405
567.392181,234,3645.938526
900.025555,403,3649.501613
568.597285,241,3651.558463
142.576789,114,3652.505411
568.98246,236,3654.449932
71.081298,80,3655.126657
507.287162,198,3656.726036
762.344507,332,3659.335626
59.578514,73,3659.948764
943.627675,408,3663.190039
61.123906,75,3664.011053
760.867537,332,3670.432033
506.601427,209,3672.503238
901.948151,391,3675.802211
944.458926,391,3679.313023
571.212139,231,3681.451315
760.386499,327,3684.565008
944.021968,409,3688.407527
-6.033941,12,3688.528368
1086.932265,471,3696.420619
760.336757,328,3699.884852
477.454458,290,3702.806381
702.884076,321,3705.691341
506.898465,202,3707.363552
68.899257,77,3708.015851
717.687596,304,3710.557727
899.887407,386,3713.637122
899.901385,386,3716.827809
762.229427,328,3722.877429
568.630921,236,3724.927211
716.013089,313,3728.383837
1087.904061,495,3733.635813
717.64653,300,3736.243073
898.061801,397,3739.823623
760.786188,327,3742.812435
901.614636,376,3750.076
506.404268,207,3751.988691
506.472576,213,3753.687529
761.178319,348,3756.42708
338.45054,218,3758.624208
759.656869,332,3762.137709
451.446045,288,3765.19923
566.756798,228,3767.157033
506.373106,203,3768.812734
58.099872,60,3769.312129
569.346794,233,3771.272903
943.494186,417,3778.743643
760.031837,323,3781.822659
60.091118,69,3782.440029
568.132929,236,3784.659425
714.071339,304,3787.381029
567.157722,234,3789.646823
899.603957,400,3793.981154
56.354343,70,3794.768518
505.292371,198,3796.899709
1087.35807,461,3803.877917
716.225037,294,3806.436724
1086.90556,476,3810.332752
1087.428324,490,3814.343165
717.376322,312,3816.821484
-16.026604,1,3816.852707
760.475349,326,3819.536867
67.560935,77,3820.346859
567.929422,237,3822.909411
14.166685,95,3824.02808
1087.812593,482,3831.152355
760.288143,329,3833.903043
1087.492463,472,3838.224306
943.928282,415,3842.101686
899.390539,412,3845.871668
709.723213,307,3848.715906
58.693245,64,3849.351414
899.564597,403,3856.666563
59.16575,72,3857.448556
70.231967,81,3858.337768
716.29824,307,3861.470855
717.358723,296,3863.870969
507.481282,202,3865.568171
568.527591,234,3867.454989
-8.016527,1,3867.484628
1086.745286,484,3871.386987
761.008897,343,3874.145218
507.282908,200,3878.377001
568.959284,225,3880.389876
1088.154317,466,3885.128996
506.792615,202,3887.268046
1085.967841,494,3892.370703
381.742681,255,3894.522164
507.758708,201,3896.343292
285.341942,181,3897.80405
761.088423,322,3900.616907
568.689149,238,3905.84705
761.070088,342,3908.712455
1088.707137,468,3912.484864
1086.199832,469,3917.349777
899.972046,404,3921.718168
942.853245,413,3925.295349
716.518592,300,3930.988366
-8.016572,1,3931.023262
900.557496,395,3934.733005
760.719086,329,3937.82858
1087.298087,459,3942.020436
506.600219,205,3943.950465
942.535435,417,3948.184653
507.008917,208,3950.498624
898.55138,397,3954.821525
506.994981,214,3960.406198
569.281151,237,3962.395952
481.173381,302,3965.30444
899.872341,380,3968.496383
1088.041097,470,3972.20939
715.950583,312,3974.736429
717.075874,299,3977.188158
901.129334,384,3985.517644
944.421951,416,3989.069536
717.562548,297,3991.564454
716.088137,312,3994.400441
567.873921,227,3996.477698
566.708211,232,3998.688762
945.689151,402,4002.419015
568.234524,231,4004.512748
1088.126634,477,4013.323792
899.614148,389,4017.555193
66.962847,72,4018.276878
1087.376517,466,4022.145132
761.348506,331,4024.991555
239.511751,169,4026.315024
181.717398,134,4027.435285
463.723,296,4030.03147
1086.991113,460,4033.77623
339.80608,222,4038.181048
943.562669,408,4042.46755
68.332551,78,4043.310722
26.292786,49,4043.854656
506.064882,208,4046.166865
715.081167,299,4049.241125
1088.182541,468,4053.268842
715.701573,301,4055.997892
761.077724,324,4059.045445
157.192118,122,4060.209285
64.924896,77,4063.861762
87.414275,80,4064.618268
-8.039824,1,4064.641935
1086.578298,481,4068.673318
901.553119,395,4071.94229
902.166781,382,4075.992172
156.400979,118,4077.251598
761.018445,343,4080.831752
56.131537,63,4081.36523
506.439446,214,4083.156835
899.27515,391,4089.320003
761.619955,325,4092.204203
99.159317,89,4093.06634
483.984532,291,4095.69519
69.440265,73,4096.331662
463.954639,288,4098.773785
943.347959,397,4102.379443
476.0506,306,4105.661692
144.531054,109,4106.850721
505.963849,207,4109.119137
944.492783,399,4113.214478
1089.277464,480,4120.114103
943.516311,409,4123.4515
70.05939,73,4124.097431
115.744685,111,4125.014335
508.791472,202,4126.638613
431.923379,263,4128.704697
760.587269,334,4131.379461
178.644368,128,4132.409971
505.778099,205,4134.280851
43.294102,59,4134.970904
506.608884,204,4137.104195
-8.060637,1,4137.135396
59.544865,68,4141.894895
944.45149,405,4145.526418
567.245569,226,4147.453992
245.353804,173,4148.935072
513.037235,298,4151.678059
506.162374,203,4153.582072
715.605504,298,4156.399586
70.549602,78,4157.139138
759.981405,335,4160.255434
17.862385,91,4161.099608
900.489026,376,4167.744613
899.509713,392,4171.99933
470.477676,294,4175.040007
715.772016,307,4177.608377
58.550473,70,4178.217663
900.787835,389,4181.478516
900.778711,385,4184.609355
267.784461,194,4186.150463
483.31479,294,4188.510739
344.70051,218,4193.212558
943.080892,400,4196.630197
709.907274,310,4199.852518
469.102526,300,4203.096284
899.601098,392,4206.73157
760.26913,340,4209.608099
508.180674,199,4211.33718
761.420774,337,4214.470147
432.491097,266,4219.300791
35.759846,50,4219.763723
27.290255,49,4220.269639
34.731671,50,4220.745383
760.042289,328,4223.440384
760.417587,335,4226.212198
5.919785,78,4226.823323
716.583922,305,4229.698668
506.583356,207,4231.88326
505.776456,211,4234.109274
568.567622,241,4236.443261
762.025962,330,4239.204757
266.956428,189,4240.772248
145.330253,108,4244.087407
568.628891,240,4246.164835
761.035647,334,4249.269312
900.155391,415,4253.060393
717.268423,307,4255.921235
900.346024,376,4259.510509
568.596986,232,4261.840734
566.560374,235,4264.312302
1087.258375,464,4271.555096
714.806191,294,4274.123081
898.617401,393,4277.253065
899.783472,386,4280.441546
505.110293,207,4282.168902
568.573219,231,4283.982042
475.106378,296,4286.33796
59.839566,70,4286.906589
1086.757882,482,4294.664957
761.398407,324,4298.082982
69.136924,76,4298.738121
60.201801,68,4299.353573
1087.341447,466,4303.378073
717.803137,302,4306.104012
506.930943,207,4308.034274
6.716467,74,4308.746717
416.431341,249,4311.082347
717.021934,305,4313.951477
901.249273,389,4320.01799
943.0341,415,4324.332652
143.7363,117,4325.709526
1086.396986,480,4330.336574
1088.01972,457,4334.122605
900.396785,386,4337.411638
901.998541,393,4340.63651
761.495396,329,4346.808729
144.642032,117,4347.893157
899.527975,394,4351.489621
423.429669,261,4354.319398
228.745383,189,4356.419552
900.062419,387,4360.37545
63.038093,71,4361.030236
408.593494,244,4363.109163
568.210899,236,4365.228767
473.116829,300,4367.86855
568.695907,228,4372.965082
506.356643,209,4374.943086
1086.852026,464,4378.62482
1086.5288,465,4382.334885
715.343985,301,4385.419794
943.834804,404,4389.616723
145.628356,112,4390.836669
1085.752838,490,4395.240568
567.602772,238,4399.931001
505.517175,201,4401.816785
1087.621809,482,4406.269785
1087.238267,472,4410.650944
321.096014,201,4412.458719
759.983857,333,4415.55238
268.830331,183,4417.540254
716.882634,297,4420.760825
717.326816,303,4426.723918
900.92412,392,4429.949208
507.382067,206,4431.680097
567.846738,234,4433.562133
1086.850969,471,4437.39471
1087.738443,463,4441.116061
566.721108,237,4442.998048
58.837951,68,4443.574781
943.473486,400,4450.763981
761.001362,328,4454.281951
83.506415,87,4455.199556
716.28247,294,4457.639234
716.007219,291,4460.032398
569.795997,230,4462.087257
760.293023,334,4465.192528
629.350625,361,4468.559018
478.146762,305,4471.387603
-16.050697,1,4471.41905
505.965111,216,4475.716807
899.614913,384,4479.204289
762.933107,324,4482.624834
567.790197,237,4485.160801
899.667827,381,4488.636982
762.183168,318,4491.299739
760.726129,328,4494.137623
759.998812,329,4497.104611
899.333279,401,4503.777009
354.280295,217,4505.866498
506.974488,203,4507.719583
713.027894,309,4511.003899
944.037276,414,4515.108219
899.167875,395,4518.433656
899.75173,384,4521.44164
568.344922,228,4523.257309
1086.236597,480,4530.205282
899.257373,406,4533.50187
1086.872542,467,4537.345767
944.179317,397,4540.529226
506.743255,199,4542.043917
898.904488,386,4545.081477
900.53354,394,4551.998141
465.557633,297,4554.467623
51.625335,65,4554.989478
715.885935,303,4557.466318
476.693361,307,4560.43842
70.099171,82,4561.197684
716.980653,296,4563.94699
506.556104,209,4565.978278
943.094641,400,4570.088799
567.271647,235,4572.023929
899.763365,413,4578.725013
1087.851236,465,4582.351336
899.526123,389,4585.360844
567.039128,229,4587.197265
900.642344,399,4590.373981
1086.023406,490,4594.206803
944.772646,406,4600.497083
506.762983,207,4602.102369
-8.073321,1,4602.124985
900.556481,393,4605.315941
717.708666,304,4607.838212
-16.022652,1,4607.947695
566.975041,237,4610.006576
901.078945,393,4613.158747
945.577114,410,4616.534077
1089.479677,462,4624.024761
1085.643805,485,4627.948682
-8.057396,1,4627.982096
716.844817,298,4630.342987
-16.046507,1,4630.376242
761.650574,316,4632.893419
50.199335,60,4633.425211
505.712187,204,4635.202341
1087.24406,486,4639.817488
944.486106,402,4643.134458
716.740412,312,4648.949393
57.596894,74,4649.582984
482.057845,300,4652.146138
117.251776,117,4653.093546
1087.113792,458,4656.973566
508.063197,202,4658.618053
716.734982,302,4661.097279
-0.590426,76,4661.779545
407.564491,246,4663.961111
507.644313,207,4665.811179
797.388331,445,4673.124953
761.83859,331,4675.841874
485.694785,308,4678.340349
945.21478,393,4681.604061
480.368126,303,4684.102625
1085.887366,475,4688.306747
1086.941985,462,4692.112876
902.138752,388,4698.364781
899.296368,390,4701.605062
715.59797,307,4704.182506
715.725116,304,4706.831535
505.859078,205,4708.496512
898.722347,398,4711.876599
432.580298,256,4714.17133
268.558092,189,4715.837992
-8.002004,1,4715.869855
346.845367,214,4717.675729
716.357319,311,4722.54064
760.468387,325,4725.343256
568.136879,235,4727.279581
106.407253,105,4728.16626
145.058492,111,4729.285592
505.070366,205,4731.030355
505.965972,206,4732.762565
266.236939,193,4734.387483
484.168073,299,4736.847574
717.422647,298,4739.665622
70.702978,77,4740.442898
1086.91997,467,4748.023158
507.590143,205,4749.767174
762.302551,331,4752.706897
56.134788,70,4753.365166
718.028956,301,4755.950529
709.748058,307,4758.567276
58.902051,66,4759.205461
117.28093,109,4760.22334
901.044279,404,4763.805852
759.333166,336,4766.641544
945.547614,410,4773.834998
796.946374,416,4777.477383
716.411091,303,4780.124285
945.193816,404,4783.615333
-8.031063,1,4783.644054
566.119536,235,4785.91241
899.080525,400,4789.228338
945.196953,426,4795.578573
631.045549,366,4798.852908
450.63729,287,4801.687633
59.555444,71,4802.377758
568.816218,240,4804.655468
759.827351,323,4807.468488
796.565551,430,4811.286498
571.29625,320,4814.258433
504.644222,200,4816.103569
942.500902,407,4822.734468
507.035021,209,4824.438485
762.35519,326,4827.215978
899.781246,386,4830.766236
566.275941,234,4833.119951
899.59184,394,4836.420071
568.811067,246,4838.554372
505.247737,212,4840.50412
762.796777,328,4846.418171
760.884418,342,4849.593904
899.370085,407,4853.057065
715.788037,311,4855.61341
294.245568,186,4857.179624
95.673119,91,4857.981599
942.761585,402,4861.371091
505.145807,209,4863.150445
1086.691064,486,4867.360687
507.895775,205,4872.367513
1086.758622,461,4876.102064
506.56678,204,4877.728032
945.087698,404,4881.083025
1085.692665,494,4885.044095
762.471173,327,4887.698547
761.782157,319,4890.324999
760.345066,330,4896.647099
51.570608,77,4897.31868
1086.519536,487,4901.477559
528.877669,314,4904.090408
714.979358,317,4906.680326
506.681819,204,4908.40085
1086.516956,490,4912.343437
1087.638233,485,4919.689966
46.741591,59,4920.176739
46.374129,67,4920.738486
54.96977,78,4921.397136
945.086795,409,4924.744357
760.519608,323,4927.469379
760.144902,329,4930.30236
943.194248,418,4933.816295
417.013669,244,4935.944311
717.513933,307,4938.384779
506.519655,209,4944.081388
506.210843,210,4945.944027
58.713108,69,4946.570051
59.004547,71,4947.173685
899.618576,393,4950.654433
567.022112,237,4952.544114
761.553488,328,4955.173006
899.827627,401,4958.510109
1085.376206,491,4962.783801
717.215195,297,4965.214848
448.625568,276,4971.883023
942.959294,413,4975.346222
432.418603,261,4977.588054
898.67925,404,4980.908248
60.396062,71,4981.530723
706.650221,320,4984.162036
116.729103,103,4985.042191
-8.050143,1,4985.077238
944.333083,400,4988.363889
716.062292,300,4994.450489
566.459818,235,4996.417182
945.444419,409,4999.872092
455.107373,272,5002.112428
59.00871,63,5002.697526
505.50801,212,5004.55476
1087.842381,467,5008.801283
1087.609977,475,5012.933855
566.890353,232,5014.999247
760.446037,320,5021.199583
60.396336,75,5021.824487
1086.387902,487,5025.972117
1086.714706,467,5029.984199
899.732723,390,5033.468152
717.275369,309,5036.151339
717.786959,300,5038.717869
718.361202,300,5044.641813
505.558138,198,5046.302093
715.86136,301,5048.978607
899.027203,387,5052.374537
68.220562,81,5053.039218
761.156752,331,5055.661806
505.593503,213,5057.419654
472.829724,312,5060.127505
58.403531,72,5060.798135
901.095313,401,5064.410952
900.408659,403,5071.426284
567.55089,234,5073.350774
709.793357,311,5076.143394
479.538429,305,5078.982901
291.008863,193,5080.654942
288.180519,182,5082.256972
-16.074652,1,5082.2937
60.621868,71,5082.927295
944.47906,390,5086.231848
945.00394,419,5089.775044
505.555771,203,5095.033144
315.143415,200,5096.762706
1087.661022,483,5101.017262
506.824848,210,5102.857314
58.435248,66,5103.465149
507.702471,201,5105.08565
759.467251,329,5108.101076
566.254058,231,5110.266919
760.075004,332,5113.32261
716.833775,304,5115.91023
714.994705,300,5121.807085
46.774073,56,5122.284295
717.372498,301,5125.140662
-8.043767,1,5125.179779
611.711014,337,5128.278193
760.443203,329,5131.315168
899.924166,388,5134.778801
567.126194,240,5136.854485
492.640558,307,5139.633882
1085.880072,488,5146.59268
45.883648,65,5147.158798
506.209959,205,5148.844346
-16.040077,1,5148.877602
1087.496691,459,5152.623271
56.99071,73,5153.219772
716.532231,295,5155.618507
423.460396,265,5157.837579
944.340247,415,5161.309745
760.958687,340,5164.111653
568.399326,240,5168.623518
507.14126,210,5170.367307
716.436782,308,5172.924319
567.377358,235,5174.822142
943.635053,414,5178.276725
71.77426,76,5178.921322
901.17243,387,5182.212893
504.708511,208,5184.05706
410.106706,241,5186.055645
568.03985,233,5187.90948
57.546722,66,5188.501346
