#{"t_start": 1778067956.3103964, "env_id": "None"}
r,l,t
1.990114,206,2.823296
2.807515,176,4.146624
-2.252857,47,4.499521
1.796014,261,6.364905
-5.14541,13,6.476658
9.770906,975,14.354494
-17.346979,326,16.929881
5.838993,45,17.278992
3.287791,196,18.735815
6.954934,170,20.011252
-17.63273,378,24.658984
-10.176246,339,27.138074
10.080374,337,29.701839
10.623297,304,32.197912
-18.731163,802,38.324219
2.803725,399,41.217172
6.274082,163,46.840137
-45.251623,737,52.199402
-71.067512,1200,60.821732
-38.668665,600,69.344356
-13.447711,326,71.729816
-74.278501,1200,80.44815
-80.594648,1500,95.152194
-52.823693,1200,103.84184
5.981477,1500,117.225639
3.092879,58,117.711299
10.354771,77,118.306594
2.886934,52,118.728966
8.924246,124,119.721949
0.65423,82,120.39361
-18.398563,600,125.014535
18.058033,122,125.907656
12.833615,53,126.34352
12.333945,74,126.895611
-8.054635,1,126.927437
5.66917,517,132.253943
44.086375,480,135.880394
24.874117,395,138.75414
15.536132,107,139.653668
5.047224,50,140.063701
27.780611,108,140.882785
86.897768,340,143.476234
4.958857,42,143.794308
89.245391,323,146.27079
42.54214,416,149.46839
20.875098,424,156.756519
9.083966,592,161.168702
34.488661,637,165.886293
-38.941964,600,170.402297
-54.069737,600,181.501016
-45.740537,600,186.029028
-16.934831,669,191.229966
-36.63249,600,195.669313
38.389814,190,197.1092
-53.000412,600,205.941687
34.455081,156,207.217279
-3.643322,20,207.378447
-16.072376,1,207.411807
89.903464,330,209.820009
177.422844,511,213.727825
-67.906058,600,218.147864
41.7343,163,219.376785
11.0488,393,228.53121
74.686712,453,231.960194
231.37,915,238.83041
6.867176,600,243.316288
58.222147,179,244.646704
173.351493,559,252.198768
5.486353,600,256.823479
49.917374,246,258.678946
49.268555,600,263.028315
56.554297,203,264.499814
56.695413,168,265.768653
12.295593,102,266.542342
175.832456,795,275.993508
51.737842,600,280.427544
6.051188,198,281.886434
-10.448264,218,283.470892
100.082501,257,285.448504
-7.978028,600,289.90319
7.056455,390,298.212929
238.313619,431,301.487808
61.478703,600,306.068754
45.567112,117,306.992471
2.847175,32,307.28292
69.345612,158,308.541974
78.925824,194,309.999011
117.081527,441,313.291508
41.011174,402,321.498981
129.655801,382,324.376272
93.57259,373,327.164304
59.111381,600,331.609461
125.098457,436,334.885004
240.487043,684,344.140777
-8.098787,4,344.196701
96.253808,258,346.206298
102.791957,277,348.214728
97.587522,600,352.811575
-8.025565,1,352.850276
107.054379,217,354.558254
116.135669,236,356.429516
192.829633,900,366.625996
857.905597,1438,377.372103
123.127683,223,379.033675
847.227438,1455,394.117192
703.794462,745,399.934105
110.679196,146,401.039433
117.482882,168,402.351918
140.960311,217,404.015883
196.613701,262,406.112823
246.3342,323,411.233041
53.947778,108,412.083611
122.999326,181,413.450049
885.201728,787,419.25897
48.667387,84,419.883598
37.609718,77,420.461112
248.477393,325,422.927847
249.234992,365,425.758392
254.144753,318,428.300981
257.427163,274,433.598619
885.194437,743,439.502187
56.510465,108,440.429716
59.234987,106,441.272787
52.145471,107,442.152432
141.769333,900,449.290711
273.998359,313,451.754442
202.309122,298,455.200189
45.321731,70,455.748065
55.043254,120,456.757442
47.787674,93,457.499123
884.29845,742,463.420869
54.994269,131,464.45496
79.862813,106,465.291082
57.960595,102,466.069453
60.359176,81,466.711901
194.501322,227,468.557
45.706384,74,469.103422
66.007535,103,469.878297
99.124788,127,470.968762
359.97857,331,475.692409
15.153943,48,476.232404
260.011202,286,478.414918
57.800473,105,479.231992
191.870287,206,480.896873
49.792207,72,481.448258
283.536647,269,483.582313
191.044834,211,485.205853
91.575949,101,486.076042
43.497034,62,486.637036
34.796198,79,487.263978
46.522987,70,487.847154
53.866346,70,488.45922
393.247308,336,491.157526
190.721498,209,492.867815
107.338816,163,494.168558
58.972254,92,494.894838
52.421065,103,495.727847
206.366168,544,502.303416
55.927311,127,503.307519
195.227903,189,504.861279
178.787517,165,506.212795
259.866158,277,508.351096
379.256431,346,511.147559
55.085803,99,511.98752
55.50221,108,512.837449
98.642601,113,513.717155
206.375927,248,515.769364
91.799287,100,516.571364
629.383091,576,523.350046
273.141339,285,525.647717
381.53114,323,528.269954
190.851864,218,530.049002
71.896596,126,531.056081
35.437904,61,531.5554
58.411419,88,532.273326
60.448604,81,532.956381
116.882923,116,533.893909
402.688455,348,536.529711
-7.59549,105,537.318245
233.243436,301,539.673147
893.188443,577,547.080633
40.760991,84,547.756056
353.227246,313,550.302898
332.338111,264,552.47859
288.413238,267,554.635231
397.685502,359,557.560688
891.222421,581,561.914826
271.504267,212,565.502063
14.037129,42,565.893445
70.403526,163,567.274185
288.055259,266,569.420928
229.540709,268,571.566334
891.914131,593,576.128003
19.994789,83,576.739184
68.669479,196,578.284328
399.563669,363,581.144253
95.142077,114,582.06395
137.975733,146,583.215383
242.993276,292,588.650597
21.03345,435,591.895839
98.853554,110,592.789089
400.688677,360,595.516247
62.942984,146,596.706248
708.891536,449,600.072205
66.144723,91,600.738856
209.279598,215,602.35857
288.268754,277,604.485684
316.482014,273,606.541076
39.949691,68,609.933325
57.121098,90,610.600148
257.459522,230,612.281902
97.532418,113,613.176965
261.303761,248,615.044164
276.124234,236,616.841255
57.299627,92,617.584437
7.178392,434,620.933275
710.848711,440,624.312907
311.774536,254,626.251084
563.169262,327,631.582036
222.142203,179,632.996327
82.316424,99,633.776293
286.599103,246,635.720682
239.886231,233,637.538856
504.427384,251,639.446309
263.567761,232,641.306876
216.643699,600,645.802598
262.255652,235,647.585381
310.46587,249,649.528257
241.666294,219,653.783221
935.792187,524,657.769728
296.224379,228,659.522187
287.248708,251,661.430407
247.116214,220,663.11636
613.090639,493,666.940218
138.585836,233,668.764594
107.276086,163,670.002114
1078.717002,596,678.678628
503.034168,274,680.719174
576.479615,401,683.831935
-16.010393,1,683.862224
239.240684,228,685.59543
259.419103,222,687.237277
504.769071,273,689.39084
292.706743,230,691.205732
420.969478,353,693.927624
565.084918,291,698.481407
61.883648,74,699.12479
564.699128,299,701.371631
1080.737329,581,705.660044
263.565337,240,707.493275
711.584221,393,710.414922
58.615767,102,711.172973
712.432264,410,714.269287
271.839088,214,715.854237
296.474635,228,721.080154
-21.274239,217,722.652268
36.932718,140,723.728583
140.241021,172,725.060627
562.584516,317,727.362981
259.739739,227,729.121881
3.561827,26,729.331553
-8.038087,1,729.365325
-16.02037,1,729.392083
503.643912,263,731.361771
3.024864,34,731.657764
713.091557,393,734.696184
269.75637,346,737.314199
564.338153,301,743.084107
711.135837,407,746.113989
258.227928,224,747.879046
1077.431502,624,752.570771
710.728813,405,755.581884
253.064218,240,757.333026
710.606427,423,760.554306
267.065096,200,766.013522
895.678187,483,769.634561
895.513974,490,773.450781
460.991033,498,777.249758
58.29834,87,777.895918
413.573104,315,780.351112
263.037164,228,782.120409
60.605056,88,782.801999
412.354033,328,788.825777
713.221686,378,791.650051
-16.046232,1,791.681317
714.256447,380,794.550042
503.779905,254,796.522462
895.057953,498,800.367638
896.888175,488,804.114176
752.474415,510,810.432374
292.550985,224,812.109034
751.852355,514,815.972233
895.814089,496,819.815305
100.906968,100,820.599247
-8.045407,1,820.630489
754.689476,479,824.310949
460.356321,473,827.96906
114.24063,126,828.947815
1079.551858,591,837.172614
293.700987,215,838.851239
564.617862,288,841.061611
565.207479,291,843.280778
896.083663,469,846.797009
99.839884,97,847.555521
579.227137,408,850.605186
326.46811,220,854.837502
271.598101,286,857.062026
58.328815,73,857.601251
59.301997,78,858.20182
-8.04206,1,858.240875
565.720973,272,860.227604
15.369956,38,860.611462
579.993852,398,863.665017
63.897653,79,864.31063
60.290184,85,864.950037
897.680631,446,868.330263
1079.225322,579,872.69536
504.017747,231,877.343463
440.503425,447,880.74241
711.934574,367,883.556411
755.333818,426,886.749861
565.515423,273,888.848288
10.669455,34,889.13209
755.986291,459,892.714162
13.956091,37,893.010525
59.821439,78,893.582488
291.785523,220,895.293095
714.271751,355,900.685784
99.264489,99,901.427273
122.534855,146,902.524214
1079.124146,598,906.999796
712.60235,351,909.733491
244.07359,207,911.332603
371.197501,274,913.465555
-16.03093,1,913.496868
505.092035,243,915.344959
897.968675,416,922.210146
343.519786,262,924.157863
338.073064,336,926.699688
297.586943,213,928.365005
1079.872633,568,932.684222
270.809592,192,934.284894
-8.059921,1,934.316128
258.748565,207,935.997531
1080.905329,550,940.055603
565.269137,281,945.020025
896.91538,429,948.465679
57.785475,88,949.138676
715.222622,328,951.630319
100.033359,109,952.446461
713.406264,346,955.084673
326.342701,231,956.8648
566.085288,277,959.001693
897.990621,417,962.095493
267.268773,204,967.466443
713.65687,350,970.101179
713.242176,342,972.673819
714.322456,333,975.244538
563.764438,271,977.355839
564.963229,251,979.219297
60.590972,79,979.862064
713.192057,365,982.516413
1081.539613,540,989.810699
296.890392,208,991.469144
899.03573,432,994.873964
127.657077,112,995.730774
505.838362,216,997.420588
756.403138,388,1000.352146
98.292598,101,1001.126801
901.685926,386,1004.051684
304.60627,223,1005.662364
125.623293,121,1006.539034
504.650927,251,1010.904042
150.19635,137,1011.975125
455.01574,373,1014.924299
58.666799,75,1015.512055
713.502505,346,1018.245047
897.494039,419,1021.465714
291.442411,224,1023.122326
-8.134561,8,1023.284267
896.982438,422,1026.425602
120.284489,101,1027.229731
61.075103,80,1027.831879
265.375551,214,1032.917129
713.760453,332,1035.401824
566.948038,251,1037.283926
60.791212,80,1037.891599
297.01206,210,1039.556144
414.148756,307,1041.957558
408.589816,286,1044.194145
504.597436,231,1045.937249
339.385885,295,1048.215663
60.005128,81,1048.838516
1081.234369,538,1055.607761
713.317169,348,1058.216881
100.955549,103,1059.018974
897.00943,427,1062.321496
289.793517,202,1063.847408
899.826724,400,1066.836309
1082.708415,512,1070.6459
714.658038,337,1073.24439
447.480979,367,1079.36725
279.952827,184,1080.86515
566.09925,256,1082.731847
414.664302,278,1084.865072
897.034254,416,1088.024992
-16.048826,1,1088.05692
372.637863,264,1090.075869
611.599259,401,1093.02036
60.343935,88,1093.715891
565.516439,268,1099.003667
58.087339,85,1099.673348
290.573117,202,1101.261309
1080.919127,534,1105.312875
898.762484,392,1108.246802
757.231733,390,1111.26005
149.716193,132,1112.234143
565.436441,249,1114.20451
297.396644,205,1115.772493
565.250408,262,1117.778979
297.32344,208,1122.772655
1081.405406,534,1126.876484
505.821996,231,1128.614206
757.854051,401,1131.686005
713.754538,321,1134.100076
505.223641,209,1135.673207
898.325295,400,1138.706094
756.563777,386,1144.789213
713.69182,345,1147.395544
191.723472,155,1148.615197
711.965662,329,1151.089778
714.91356,320,1153.461999
505.183633,226,1155.192714
757.510934,376,1158.159712
216.766941,180,1159.537857
211.594748,168,1160.82538
898.073669,421,1167.085584
151.345413,139,1168.179568
1082.582739,518,1172.112603
1084.096218,501,1175.877565
756.23372,389,1178.812818
897.977581,412,1181.881866
1081.97745,518,1188.774178
565.438899,261,1190.70266
61.045197,83,1191.361863
564.275432,265,1193.435676
339.070056,266,1195.409754
1082.14213,544,1199.481014
283.953807,196,1200.987037
1082.689785,495,1204.724445
407.022111,261,1209.139912
212.522435,168,1210.447101
339.264958,262,1212.430985
506.30658,219,1214.080489
331.343243,246,1216.01356
331.183935,240,1217.863739
406.71233,288,1220.046328
1082.441039,519,1223.918358
715.553104,321,1226.295432
756.497942,380,1232.559725
756.808093,377,1235.426383
504.081872,233,1237.214432
565.13354,258,1239.188425
566.09895,250,1241.092084
756.955014,378,1243.934293
59.194556,70,1244.482134
898.991187,417,1247.646159
564.827059,245,1249.510334
62.152885,81,1250.106568
59.723013,77,1252.942455
227.127904,199,1254.441818
565.582959,262,1256.453826
432.569977,293,1258.724096
59.844462,78,1259.32082
465.323653,313,1261.672721
899.104476,422,1264.853293
334.283349,222,1266.511672
247.548496,173,1267.874991
56.791968,75,1268.537973
1083.166162,531,1275.881534
715.028531,332,1278.500185
1084.874663,479,1282.089379
897.62385,419,1285.317727
1083.848203,535,1289.441106
758.262904,363,1292.192182
1082.209168,529,1299.31095
412.561954,291,1301.536397
636.735526,393,1304.542351
713.569539,324,1306.978031
1082.588128,506,1310.855341
371.558963,250,1312.716722
504.588134,226,1314.548193
296.047995,197,1316.05011
898.293364,398,1321.366176
59.86257,79,1322.003181
421.999941,263,1324.106088
431.634405,280,1326.286481
1082.584694,533,1330.369173
566.11985,252,1332.29349
466.576713,339,1334.829187
411.72118,266,1336.892654
505.377729,219,1341.390006
940.539519,448,1344.746848
1082.426481,519,1348.640224
1083.021251,528,1352.64995
61.343535,73,1353.238516
471.73969,351,1355.883106
415.390576,263,1357.855971
898.387844,405,1364.011814
755.642932,375,1366.838846
245.730066,201,1368.372072
119.383025,104,1369.176254
940.223892,433,1372.432407
715.890801,337,1374.976767
506.402465,220,1376.651353
406.988451,282,1378.731497
60.186291,83,1379.387303
899.39655,429,1385.931347
408.052679,268,1387.959922
59.397367,81,1388.554406
714.00409,325,1391.001538
505.698482,223,1392.749848
343.065268,255,1394.757841
59.087004,65,1395.277991
147.368342,130,1396.324227
405.697361,294,1398.50743
61.487817,76,1399.123092
505.665851,223,1400.78317
465.705156,338,1403.355256
414.660909,274,1408.010079
565.347231,250,1410.032646
714.123641,323,1412.47619
505.797978,227,1414.215915
503.303883,240,1416.023056
1082.789594,530,1420.048486
1084.115682,521,1424.046743
258.162234,190,1425.477859
756.261226,375,1431.543409
900.698649,410,1434.623612
212.808819,151,1435.812133
118.368485,113,1436.702361
716.114733,315,1439.187395
566.996223,252,1441.035273
1083.382478,531,1445.074336
756.906556,395,1451.567828
714.742759,336,1454.147009
476.779272,332,1456.720086
899.888392,401,1459.750293
566.2486,253,1461.69194
414.697677,272,1463.738841
715.050863,330,1466.233359
564.920984,258,1468.203405
757.100661,357,1474.148765
899.773313,411,1477.374367
505.209122,225,1479.186924
706.609335,337,1481.776923
505.83642,214,1483.380214
401.940187,264,1485.336778
712.74808,337,1487.918995
504.47426,225,1489.69192
477.604409,338,1492.335671
712.954024,330,1497.26491
565.219984,245,1499.067094
757.630658,370,1501.969657
341.318768,244,1503.821305
716.832891,325,1506.358364
566.086645,257,1508.409292
757.733981,371,1511.250163
1082.419735,515,1519.034047
116.976519,108,1519.86454
715.195709,328,1522.398135
941.304768,449,1525.773598
714.48167,316,1528.189563
714.861931,324,1530.677062
50.547018,78,1531.281379
505.065941,222,1533.026
941.351767,417,1536.111268
443.16348,318,1541.677124
565.639018,255,1543.656742
504.042277,221,1545.29266
898.637987,420,1548.466865
117.051499,105,1549.274369
54.301211,84,1549.941216
758.915802,358,1552.706273
713.82907,323,1555.202573
59.695836,77,1555.781343
758.389032,367,1558.570139
55.912709,84,1559.232729
472.954368,333,1564.81487
60.573858,83,1565.44029
757.539626,361,1568.175925
297.011569,186,1569.557999
899.83347,410,1572.665682
1082.343042,519,1576.608241
565.434781,254,1578.550663
898.681632,402,1581.57591
792.442273,466,1588.793269
898.266224,421,1591.969695
1084.773851,498,1595.741269
899.793395,406,1598.872798
757.397402,361,1601.649236
756.56903,348,1604.279305
758.017676,370,1609.693922
1084.654014,489,1613.40867
714.212516,319,1615.826612
1084.711848,489,1619.704242
566.396669,249,1621.518161
714.371552,303,1623.814906
210.173433,168,1625.08673
505.188915,213,1630.159145
1083.106554,519,1634.085008
504.971781,218,1635.694234
-16.058689,1,1635.724496
943.519407,422,1638.990486
1085.303773,475,1642.695333
504.36184,219,1644.402659
1084.631261,488,1648.1403
1085.350571,464,1653.878967
1085.302933,465,1657.44871
1085.147269,493,1661.210259
758.064961,357,1663.859324
324.17188,213,1665.473322
759.491795,345,1668.128943
759.96951,348,1673.908185
900.689713,385,1676.861721
117.236933,104,1677.656052
901.42394,387,1680.581769
57.107479,78,1681.169445
629.266456,372,1683.991091
714.215733,307,1686.300638
416.069293,252,1688.252291
504.479013,219,1689.912096
942.40909,433,1696.386121
26.440696,42,1696.706628
758.136568,368,1699.521336
940.452562,419,1702.725096
791.915263,456,1706.133276
715.408472,312,1708.45887
566.605398,235,1710.256155
56.57661,72,1710.808568
941.68755,432,1714.062899
942.910192,421,1721.217309
628.185732,386,1724.08044
505.97273,218,1725.716248
565.847968,246,1727.597884
565.527897,241,1729.424178
565.481682,240,1731.302283
565.926457,243,1733.088253
566.024462,242,1734.908792
298.254114,201,1736.502874
794.492788,440,1742.89853
899.976764,383,1745.854986
943.189918,429,1749.106691
715.542331,297,1751.418571
900.565048,389,1754.394479
714.842168,319,1756.865273
407.840284,249,1758.746305
507.203957,216,1763.632256
899.550402,388,1766.538351
1085.176413,460,1770.202816
-16.075224,1,1770.234868
714.985375,301,1772.518587
566.24503,242,1774.361031
258.810733,193,1775.822963
277.345294,199,1777.357006
297.058447,191,1778.789681
899.406359,394,1784.603206
567.96664,243,1786.483724
263.313504,189,1787.943684
715.640312,309,1790.308654
716.380887,310,1792.639668
942.863552,413,1795.870865
59.597246,74,1796.483008
59.144971,78,1797.095889
566.871405,235,1798.831291
507.29021,211,1800.486896
942.178425,414,1803.680438
639.60619,382,1809.891092
505.07423,214,1811.555661
716.224882,306,1813.868615
567.145265,239,1815.651978
715.89379,315,1818.025125
479.821342,314,1820.406746
155.767675,128,1821.435466
143.834781,114,1822.293242
1084.749237,504,1826.06768
759.230841,344,1832.303311
1085.827255,483,1835.92648
566.403801,250,1837.883741
757.733997,369,1840.656537
479.603918,318,1843.100543
-16.055044,1,1843.131886
119.637577,100,1843.873902
1084.829986,505,1847.748927
507.109216,220,1851.948665
899.423898,390,1854.941877
474.330145,316,1857.375221
264.12559,193,1858.921158
345.484223,227,1860.737498
715.090867,305,1863.057925
941.671593,408,1866.196018
433.303693,261,1868.161514
899.476326,395,1874.175258
58.276138,84,1874.820192
566.373546,235,1876.644953
99.848105,96,1877.451653
942.429721,408,1880.579076
714.715818,318,1883.007341
96.767534,94,1883.724322
942.321804,430,1886.992253
566.640638,244,1888.955728
1084.004349,487,1892.716493
58.925219,82,1896.30505
59.704366,81,1896.95253
386.696626,232,1898.781371
899.678437,383,1901.652055
716.900464,312,1904.094597
715.566584,310,1906.393273
898.422228,386,1909.402837
1083.65046,505,1913.280987
410.669002,255,1918.531869
58.615521,77,1919.145026
146.213499,129,1920.132067
899.279753,392,1923.121209
60.063094,78,1923.775997
504.735973,207,1925.319669
105.7013,92,1926.078291
61.585266,85,1926.714727
566.811962,237,1928.612242
900.363843,398,1931.716388
338.561753,230,1933.530397
505.178938,215,1935.215756
144.590698,112,1936.062248
58.19682,77,1936.66748
567.254804,233,1941.025965
150.48727,120,1941.958642
942.579448,421,1945.137945
865.961809,486,1948.922969
57.688302,81,1949.535943
-16.048592,1,1949.567307
103.976252,92,1950.288312
506.108151,224,1951.980172
567.303193,236,1953.80109
566.90104,239,1955.60171
415.490023,254,1957.548646
1085.462698,489,1964.259394
901.609734,376,1967.129008
1085.551812,495,1970.84001
82.232125,87,1971.516972
705.101272,330,1974.003622
155.814187,124,1975.143398
565.935188,240,1977.052637
492.297182,324,1979.506769
1084.764336,500,1986.275418
567.588174,242,1988.13956
715.389973,308,1990.514082
329.59836,232,1992.324522
472.726137,312,1994.727377
942.30189,417,1997.872833
117.675151,96,1998.633084
57.707879,77,1999.258863
941.161596,430,2002.53273
1086.156483,462,2009.477418
1083.781354,487,2013.117697
715.691811,298,2015.455736
505.84832,225,2017.206183
943.011317,416,2020.389617
715.219292,317,2022.757779
944.04837,423,2025.988719
408.078448,248,2030.926287
1086.239614,479,2034.529076
899.769198,395,2037.549329
60.738201,79,2038.140971
505.423517,211,2039.80211
716.059115,316,2042.306005
759.298894,351,2045.058655
155.970241,119,2045.981212
714.476318,293,2048.239352
61.18798,69,2051.919285
59.043887,83,2052.544811
759.985239,332,2055.122164
899.574818,396,2058.204564
900.450499,384,2061.093581
717.140165,307,2063.435493
506.582481,213,2065.051517
1084.677676,475,2068.650449
760.268229,337,2075.031575
943.054562,414,2078.162779
716.440407,310,2080.461571
506.606617,210,2082.065085
942.068514,429,2085.321447
716.414811,308,2087.64187
345.905955,223,2089.32615
-16.054516,1,2089.414458
715.971625,306,2091.724833
716.315623,301,2096.807112
759.231155,340,2099.409206
759.453456,345,2102.018889
506.816621,212,2103.624806
899.203438,424,2106.823895
566.398394,241,2108.688426
59.968949,73,2109.226423
506.190094,208,2110.795202
1084.777744,460,2114.261412
58.861502,72,2114.834268
1085.131135,482,2121.44299
899.366901,383,2124.271081
567.086912,240,2126.146425
707.007537,318,2128.699189
902.360911,387,2131.652467
759.369879,342,2134.265027
943.23173,425,2137.58283
144.381548,110,2140.901846
899.387901,383,2143.794911
716.625677,292,2145.953929
345.840123,227,2147.688272
1085.220752,485,2151.300839
145.022369,120,2152.262556
289.32726,188,2153.709479
1086.445838,472,2157.227591
297.681285,193,2158.702862
-8.037232,1,2158.727103
505.398359,215,2164.644163
901.289944,389,2167.544175
340.762815,231,2169.340745
56.709363,78,2169.954451
53.773832,77,2170.557184
715.559023,311,2172.951703
941.50941,422,2176.193017
899.211826,383,2179.054399
1085.02631,484,2185.773792
1087.366911,462,2189.321942
758.99816,347,2191.944867
900.453564,388,2194.924908
502.75629,303,2197.263407
-8.023884,1,2197.286453
567.912384,231,2199.045533
141.52355,116,2199.998329
505.549688,226,2201.689792
211.375569,159,2202.950315
940.89397,415,2209.218167
567.339375,232,2210.964617
501.178752,310,2213.322477
59.674847,71,2213.882813
59.947543,72,2214.435474
759.329949,345,2217.121922
943.076272,421,2220.291121
899.200865,389,2223.206076
506.988921,210,2224.858471
-16.058212,1,2224.89001
901.506747,399,2231.04158
58.802018,76,2231.668105
344.278327,221,2233.394122
431.73132,258,2235.375879
506.305589,209,2236.945354
-16.04999,1,2236.976933
759.028694,350,2239.725767
507.545807,210,2241.353607
257.528997,178,2242.770381
504.935175,212,2244.426692
567.72435,238,2246.317467
99.30204,96,2247.016375
506.582507,207,2248.566008
1086.862462,471,2255.452672
49.397224,57,2255.880052
58.50998,73,2256.427846
298.15801,188,2257.881235
759.788716,350,2260.603334
566.371302,233,2262.431593
141.695187,113,2263.295214
715.500102,302,2265.532398
1084.972835,483,2269.264977
567.306479,249,2271.153818
941.394847,412,2277.223876
900.061038,398,2280.22016
899.619717,397,2283.28334
716.653784,307,2285.641574
566.034321,241,2287.450316
1085.114732,479,2291.07643
622.148631,359,2296.460019
901.743106,387,2299.423031
566.550454,231,2301.26334
565.761425,245,2303.163439
507.184046,213,2304.813534
758.242202,328,2307.318074
568.919996,242,2309.263094
759.487742,349,2311.881957
760.844533,346,2314.570027
642.990532,379,2320.619307
471.915176,302,2322.969589
59.860546,69,2323.542588
57.732782,73,2324.10134
759.388456,337,2326.618122
715.687437,303,2328.973304
473.731142,320,2331.454025
-8.062955,1,2331.482025
391.738381,247,2333.325052
142.054733,118,2334.224982
759.908727,349,2337.073548
716.723085,306,2342.499222
506.489105,212,2344.230439
506.435795,218,2346.042322
506.359434,209,2347.630912
160.192479,117,2348.619329
567.565868,235,2350.545822
566.707057,238,2352.525272
758.480045,345,2355.190521
114.226025,103,2355.935876
716.038528,296,2358.285051
1085.902266,475,2364.865239
566.217876,237,2366.843934
1085.033009,496,2370.897452
1084.718009,486,2374.545504
759.014061,339,2377.083231
60.33194,72,2377.609172
1086.731694,465,2381.129545
1085.242291,489,2387.937549
943.389507,424,2391.239502
331.719346,214,2392.83393
481.150894,289,2394.95277
565.777374,245,2396.958112
900.477139,393,2400.064086
707.969393,313,2402.53014
566.348048,238,2404.324509
717.010841,311,2409.425244
505.863161,207,2410.966009
280.189907,174,2412.404335
941.183275,430,2415.948079
-8.075283,1,2415.981404
1086.048683,480,2419.923086
762.562585,326,2422.344949
471.31298,307,2424.761784
900.574301,406,2428.116912
716.897335,301,2433.828881
142.851357,110,2434.694516
567.008896,258,2436.830644
567.211103,240,2438.733382
506.192453,212,2440.242891
58.553266,82,2440.940404
899.801366,408,2444.020505
298.212166,192,2445.57526
567.321429,239,2447.549652
507.464869,203,2449.190835
95.557612,98,2449.928168
900.423068,390,2456.025519
144.602518,117,2456.94104
289.598426,178,2458.319899
143.603555,114,2459.151983
567.007078,230,2460.984597
759.931757,331,2463.686214
716.370239,304,2466.01432
717.746287,301,2468.297571
1087.678225,466,2472.064867
566.980222,238,2474.083985
505.950457,204,2478.469001
492.494768,307,2481.010965
1087.034817,488,2484.836518
631.023903,354,2487.721924
943.766069,415,2490.812854
476.069145,301,2493.110511
900.033944,385,2496.02243
1085.491487,488,2502.731558
46.376937,66,2503.231138
60.140051,75,2503.782723
757.894338,345,2506.401084
116.409375,108,2507.230273
566.909907,232,2508.997209
59.888828,77,2509.5713
141.021444,112,2510.407097
490.204309,305,2512.769424
568.429853,237,2514.520759
716.170292,309,2516.909637
59.895598,65,2517.513829
568.235137,231,2522.571965
716.712048,298,2524.817524
942.434622,422,2528.137707
143.792956,114,2529.004488
760.777592,340,2531.570927
717.159673,295,2533.80905
474.805768,302,2536.189456
374.757379,235,2538.02169
568.769306,238,2539.885366
716.479333,300,2545.346577
717.348531,296,2547.568
566.942231,242,2549.436924
760.194674,338,2552.022583
944.738495,403,2555.206398
254.458473,171,2556.514972
900.926761,394,2559.57713
41.277762,51,2559.967487
564.817619,254,2561.940127
505.724967,216,2563.576746
223.203874,162,2568.050253
505.445763,206,2569.602086
567.616682,239,2571.392599
506.570588,211,2573.015265
1085.542015,479,2576.581089
900.856408,385,2579.453265
715.652448,299,2581.714471
899.363016,406,2584.880079
1088.077112,467,2591.985349
717.209335,301,2594.284787
760.287349,343,2596.866444
278.073398,176,2598.164236
1088.056006,461,2601.670399
899.578205,407,2604.787121
898.926143,394,2607.724159
56.575617,83,2608.484029
506.296293,203,2613.068545
899.256606,400,2616.120289
901.982274,382,2618.976256
505.832848,222,2620.651991
416.223935,261,2622.653403
900.402862,404,2625.784211
1085.543539,491,2629.438731
717.598581,312,2635.752549
46.264772,65,2636.246189
431.604909,268,2638.326757
-16.001278,1,2638.420795
507.11416,209,2640.025574
47.952106,78,2640.618491
759.565094,339,2643.171646
566.149298,246,2645.052823
565.823721,246,2646.887023
717.168299,296,2649.232098
760.531816,324,2651.630375
507.946716,225,2653.340486
759.534683,346,2658.812095
759.7346,335,2661.333958
899.240771,400,2664.395373
716.913009,300,2666.626103
477.808049,306,2668.963284
408.812243,257,2670.901724
507.281346,211,2672.495854
900.681197,394,2678.407097
507.345061,203,2679.936298
566.860783,234,2681.730364
506.503745,206,2683.312955
715.694005,293,2685.594361
566.776056,242,2687.402675
242.02956,174,2688.71256
145.606903,126,2689.745393
900.438967,391,2692.693061
69.854094,74,2693.260149
715.122825,314,2695.69053
466.666943,286,2700.941871
345.576887,217,2702.563475
1085.771253,488,2706.30491
760.121934,340,2708.835691
943.091705,406,2711.932894
760.938139,325,2714.37025
759.874352,327,2716.794927
507.234404,215,2718.462532
899.875172,388,2724.260841
60.619173,81,2724.854081
901.304674,390,2727.823427
567.718029,239,2729.61704
146.285531,111,2730.517328
902.291119,374,2733.371213
58.48444,87,2734.018942
760.154656,324,2736.521278
715.573232,314,2738.901968
900.204137,392,2745.393618
507.397232,215,2747.084348
1086.223191,478,2750.631408
407.173812,251,2752.631642
56.770118,86,2753.282686
715.709815,304,2755.544641
899.25531,407,2758.697441
388.582983,237,2760.485437
942.95343,402,2763.52834
900.342364,385,2769.801518
144.918457,118,2770.689832
61.44836,75,2771.266953
63.466452,73,2771.854711
900.250896,390,2774.759067
706.647192,314,2777.266746
59.367378,65,2777.754982
944.345011,404,2780.726969
706.387115,324,2783.15876
760.933608,327,2785.668602
249.720767,171,2790.408134
50.090725,66,2790.93234
566.83626,235,2792.702156
145.039196,114,2793.573297
716.383569,298,2795.78827
50.101676,70,2796.342735
716.569199,303,2798.665149
508.943332,300,2800.92596
567.778627,238,2802.72713
715.991149,287,2804.991916
50.245367,59,2805.446854
568.099734,241,2807.327468
567.616668,232,2812.803596
716.592687,309,2815.184347
141.736017,111,2816.025724
899.219971,406,2819.167903
-16.066904,1,2819.198372
340.218712,213,2820.806251
760.443921,343,2823.444554
761.310719,330,2825.937969
505.980293,224,2827.626536
481.219803,315,2830.097869
567.998445,242,2834.585602
142.673527,118,2835.566123
941.906754,429,2838.738097
340.280502,218,2840.324107
507.087331,216,2841.973243
506.27006,205,2843.44559
759.012951,344,2846.111214
715.599027,303,2848.500794
506.824335,206,2850.023813
718.052281,298,2852.450689
506.796686,293,2857.586512
47.741332,63,2858.160943
94.152847,83,2858.891557
507.02219,218,2860.550585
1086.738777,463,2864.269748
900.817399,387,2867.501589
260.180979,192,2869.063373
900.029564,392,2872.013629
942.928523,427,2875.51735
506.883801,214,2879.990571
900.201727,397,2883.209775
143.790253,114,2884.17753
507.250165,206,2885.877664
505.68235,220,2887.675085
-8.07896,1,2887.708253
715.696345,315,2890.200338
760.964192,347,2892.821623
567.134013,228,2894.578946
900.017765,404,2897.608909
759.745695,334,2903.686771
716.609722,307,2906.195765
567.502303,241,2908.055439
567.025879,235,2909.907733
900.378588,387,2913.017493
61.624962,75,2913.619642
900.965446,412,2916.792542
567.372585,242,2918.63058
716.251911,301,2920.889739
715.555782,306,2925.705545
567.356042,242,2927.482791
113.652011,98,2928.273083
356.814589,222,2930.118538
942.913746,411,2933.58112
62.166002,82,2934.189779
758.240908,352,2936.884562
377.776867,247,2938.931308
899.272279,403,2942.02361
796.513834,426,2948.183194
505.797987,209,2949.886197
568.760614,242,2951.75709
759.591014,336,2954.52259
760.065214,334,2957.249276
945.268631,396,2960.496353
415.775015,251,2962.433675
505.378523,213,2964.045739
760.579228,319,2966.433546
50.498734,62,2970.250946
487.291435,313,2972.548927
902.359289,377,2975.496879
472.892342,292,2977.854583
899.995208,391,2980.897534
506.456315,203,2982.49762
46.017389,59,2982.951511
506.207151,201,2984.581044
568.059443,232,2986.572437
59.17517,83,2987.282566
59.605686,75,2987.940365
516.95523,297,2993.590577
900.633132,403,2996.861952
296.907803,191,2998.439116
508.120522,216,3000.105341
260.347865,185,3001.65951
1086.855329,456,3005.201327
507.240992,209,3006.760105
1088.265756,471,3010.456539
297.953092,190,3011.886979
493.247385,303,3017.343523
261.291399,185,3018.753858
507.944967,200,3020.218101
717.154468,299,3022.472113
943.063217,408,3025.611295
100.040455,96,3026.338461
1086.064738,467,3029.867781
943.962759,413,3033.01205
718.093464,301,3038.882869
717.164985,306,3041.209222
716.622485,298,3043.430263
481.960597,313,3045.866116
761.736503,331,3048.361217
761.035325,336,3050.899182
1085.901681,484,3054.520144
943.499836,407,3060.85823
900.24891,407,3063.941051
567.8275,242,3065.799149
50.0389,69,3066.327826
59.193991,74,3066.875259
119.880403,106,3067.687387
46.8991,63,3068.203506
145.961389,113,3069.063556
415.988424,253,3071.005285
-8.043569,1,3071.038628
717.933122,291,3073.206444
567.60396,231,3075.002886
474.940702,293,3077.268689
760.371427,336,3079.784931
900.787227,387,3085.676874
943.133997,409,3088.725417
718.35718,298,3091.027324
567.602402,243,3092.840902
715.979095,294,3095.034768
431.35761,260,3097.083213
60.508115,80,3097.670981
507.762613,203,3099.318305
716.275244,297,3101.50881
59.044032,76,3105.423772
566.243667,243,3107.276515
506.416092,209,3108.89697
508.103615,212,3110.589772
59.385593,81,3111.242452
717.272163,295,3113.527571
567.200466,240,3115.354829
900.882462,396,3118.34499
566.097523,240,3120.190044
146.57757,119,3121.063471
568.461194,236,3122.903536
61.769294,83,3123.549518
269.922535,192,3127.937505
761.435025,323,3130.415782
60.273165,81,3131.069917
116.287864,95,3131.803618
51.221179,72,3132.341151
761.616428,332,3134.864846
507.413179,207,3136.412159
900.029555,376,3139.308833
944.737739,417,3142.457637
568.119459,240,3144.239126
759.784857,323,3149.866241
612.703661,361,3152.637757
50.439326,91,3153.376079
1085.499721,475,3156.933422
761.623812,337,3159.510745
480.348333,302,3161.756923
-16.035412,1,3161.79281
507.864337,211,3163.372221
60.410346,82,3164.025673
716.766779,300,3166.422775
297.260559,189,3167.881158
903.864564,383,3174.506984
760.790006,327,3177.022687
567.935907,241,3178.854414
717.535607,303,3181.149991
1086.442851,476,3184.742365
717.61132,298,3186.966496
297.496658,185,3188.393132
761.125238,340,3190.905933
901.29434,388,3197.166606
505.500889,209,3198.743385
507.08782,206,3200.245124
760.139902,333,3202.754503
479.675035,302,3205.118604
760.432176,325,3207.549862
-8.047752,1,3207.582948
251.446978,174,3208.940381
506.416101,203,3210.448602
48.117056,60,3210.905917
567.841714,229,3212.599921
415.564919,259,3218.286332
761.293259,332,3220.9176
68.359286,81,3221.532743
567.942106,244,3223.376884
717.624271,314,3225.763504
566.798038,237,3227.58829
900.753516,391,3230.535746
78.012786,108,3231.434217
506.52995,210,3233.034858
1086.007055,486,3240.042231
716.460539,294,3242.311606
586.321959,323,3244.760873
1086.827869,479,3248.369584
717.657134,298,3250.660012
702.564703,332,3253.203435
760.055154,330,3255.79108
36.00807,52,3256.195474
566.226946,243,3258.137599
61.727914,76,3258.774792
1087.390226,462,3265.223917
114.868876,100,3266.012707
1089.281279,472,3269.615806
346.694894,219,3271.302226
900.664525,391,3274.270154
479.631964,296,3276.491091
55.058874,89,3277.148252
900.590104,407,3280.248533
56.062194,78,3280.854558
61.207478,91,3284.236293
717.992531,300,3286.496657
716.721277,296,3288.784539
507.588809,204,3290.312303
566.996365,244,3292.165102
150.824179,122,3293.079513
798.039073,454,3296.54226
759.443181,326,3298.974071
59.692496,72,3299.575118
567.865676,229,3301.301353
1086.348894,472,3307.318831
507.120888,210,3308.900235
1086.342505,482,3312.545932
-16.051802,1,3312.576594
507.494497,215,3314.169061
943.416356,417,3317.4527
760.41752,336,3320.057538
567.217371,242,3321.89177
759.760859,333,3327.81378
1086.597653,486,3331.504321
806.421688,441,3334.83681
900.03396,397,3337.752619
628.990763,362,3340.550258
717.24012,303,3342.787394
-8.054082,1,3342.817686
901.98688,396,3345.864883
113.805548,100,3350.067439
1087.518367,468,3353.636696
506.821006,210,3355.258686
943.231596,414,3358.388283
507.114088,212,3359.937023
902.479216,386,3362.862429
506.122907,207,3364.418329
567.412831,230,3366.225171
-8.075141,1,3366.259187
899.554897,403,3372.998855
1087.870107,491,3376.788318
717.034364,303,3379.295861
715.49557,307,3381.718353
901.287788,407,3384.853261
944.783286,407,3387.987099
716.977527,300,3390.248695
717.700015,302,3396.336719
568.037721,233,3398.124475
46.666507,62,3398.613198
942.975688,406,3401.680949
566.545107,238,3403.419612
793.695215,442,3406.882954
899.990649,394,3409.862757
58.399025,75,3410.44923
815.109846,438,3413.732229
759.684836,338,3420.046687
508.239975,205,3421.65834
-16.063414,1,3421.690849
341.153595,220,3423.343776
1085.172643,492,3427.046336
144.768672,111,3427.895267
505.06502,292,3430.140577
26.129323,51,3430.535406
51.932095,71,3431.093948
506.070512,205,3432.737291
717.147393,301,3434.954335
796.383022,438,3440.953391
717.315854,291,3443.14318
759.898447,333,3445.728801
488.182304,308,3448.109052
57.44285,72,3448.64169
612.03952,340,3451.23347
479.206654,302,3453.613157
1087.211657,461,3457.133779
899.439368,401,3462.470464
901.486216,389,3465.53931
145.459653,109,3466.418568
761.858857,323,3468.8618
58.100471,74,3469.4681
507.29638,210,3471.031619
901.751345,391,3473.97612
760.407794,326,3476.390133
505.711987,215,3478.058354
358.67603,239,3479.829289
46.33083,59,3480.272864
495.017747,303,3485.35561
432.857918,260,3487.356048
711.009816,314,3489.673605
345.07706,237,3491.515799
506.391465,206,3493.083311
943.24459,410,3496.262427
1087.170726,467,3499.784538
945.210267,408,3505.83162
15.476707,36,3506.123947
51.205765,66,3506.693194
508.050194,207,3508.321204
942.447997,417,3511.46284
759.632595,344,3514.093468
285.569524,181,3515.491707
506.092962,213,3517.074684
59.822956,78,3517.72076
97.247394,95,3518.455624
492.304221,310,3520.771592
59.287431,78,3521.393396
943.25883,419,3524.559658
249.865822,183,3529.33505
99.246298,94,3530.055802
415.573059,253,3531.936751
98.006826,102,3532.701218
716.862308,290,3534.945156
61.137998,71,3535.466613
759.787234,335,3538.040071
15.546389,37,3538.329112
900.961113,377,3541.183781
900.871808,381,3544.064411
706.614971,314,3546.533822
715.278544,305,3552.09785
35.753541,54,3552.506188
901.692955,393,3555.453168
899.761935,399,3558.53289
507.269897,206,3560.12178
191.35843,148,3561.211273
614.742817,341,3563.787614
943.639468,404,3566.869185
-16.049948,1,3566.893471
710.962968,308,3569.305238
902.164182,375,3575.368212
760.481569,344,3578.023777
506.760206,218,3579.715588
760.272179,320,3582.143463
416.034493,266,3584.172196
59.336681,74,3584.74697
60.367704,87,3585.391017
63.508314,93,3586.083842
761.625311,324,3588.519355
761.990305,331,3591.040798
47.985728,64,3591.548511
716.315825,298,3595.895094
100.13886,92,3596.614727
146.904172,126,3597.618537
568.510493,243,3599.495355
761.434572,319,3601.959633
508.273766,207,3603.521493
487.849742,311,3605.891217
569.236835,240,3607.712068
759.109129,326,3610.161953
899.839906,385,3616.157515
716.359008,293,3618.446293
900.76703,392,3621.374232
259.274414,179,3622.687789
567.336277,234,3624.534317
1088.119035,470,3628.064423
718.108931,299,3630.305516
903.073828,372,3633.054439
900.091662,406,3638.932324
507.958394,206,3640.471435
567.216386,242,3642.378809
340.0054,230,3644.220542
59.348536,74,3644.828367
1086.333148,475,3648.450471
759.725465,321,3650.999542
59.318137,74,3651.636012
55.690711,81,3652.260193
1088.391399,453,3655.751798
716.447124,300,3660.751992
506.220212,209,3662.293735
59.408239,83,3662.958509
943.313271,392,3665.966557
717.828962,312,3668.315193
900.27931,408,3671.514593
945.043271,406,3674.615302
479.407882,302,3676.874715
1086.536712,475,3683.099519
1085.839809,483,3686.845209
900.277352,400,3689.876938
900.07933,388,3692.768111
760.003832,328,3695.238649
342.371039,225,3697.002119
899.695402,400,3700.050426
942.934427,416,3706.58616
83.528739,102,3707.402815
901.41921,401,3710.384571
182.138468,157,3711.605038
943.383701,422,3714.796968
567.209056,236,3716.62717
710.189862,312,3718.958486
567.396208,231,3720.753162
98.439838,90,3721.465091
1087.049392,461,3728.102461
1086.932264,481,3731.844002
716.865023,300,3734.091723
943.984042,422,3737.280636
144.717228,111,3738.114588
1086.14235,460,3741.618519
566.476151,252,3743.51551
508.062459,217,3745.114322
1088.195674,470,3751.71261
1086.019734,489,3755.355258
718.35264,304,3757.716403
760.611567,334,3760.299201
761.836755,330,3762.788148
717.224586,300,3765.12956
716.045924,300,3770.435179
899.882953,392,3773.473578
507.520924,209,3775.095277
567.078455,237,3776.915178
794.353656,440,3780.242296
1085.913148,490,3783.937822
568.567129,231,3785.702027
36.11651,50,3786.082142
631.445707,345,3788.74183
444.211225,274,3793.680457
59.18188,77,3794.311276
716.817079,317,3796.712567
718.923499,297,3799.015355
566.590134,234,3800.792768
761.100024,340,3803.422244
943.499599,416,3806.609401
493.569852,298,3808.907761
316.453958,203,3810.525551
507.114623,215,3814.406374
245.62931,161,3815.667063
416.967011,263,3817.693033
565.869886,237,3819.448994
901.854452,385,3822.302295
759.563347,330,3824.847393
759.791409,344,3827.516115
759.147023,329,3830.058537
899.179025,387,3835.545547
944.112453,405,3838.685093
266.331006,203,3840.191215
-8.044238,1,3840.229664
670.587263,380,3843.237009
249.272202,159,3844.410899
899.825654,385,3847.278018
259.865964,181,3848.718669
1086.240357,468,3852.249811
899.643436,390,3857.970387
1086.915481,487,3861.596472
942.641057,411,3864.829731
60.344595,78,3865.453649
901.66606,388,3868.418982
899.526991,387,3871.362781
344.009743,217,3873.003883
241.082433,192,3874.437863
717.834632,303,3880.787027
712.250666,321,3883.250366
287.145936,205,3884.804765
717.430175,311,3887.245746
507.503211,207,3888.893777
432.152781,253,3890.890198
566.319538,239,3892.688475
900.789546,382,3895.586733
1088.65876,474,3899.311589
901.42148,386,3905.665297
568.523584,234,3907.583252
902.367166,383,3910.529198
1086.856879,470,3914.199026
942.076697,416,3917.282832
505.243487,207,3918.841496
462.312998,279,3921.100933
901.544086,381,3927.149549
717.45094,307,3929.4624
67.717463,71,3930.024889
567.580653,232,3931.723276
901.465808,379,3934.631324
942.655299,418,3937.793993
1086.509173,466,3941.4111
270.633808,172,3942.702637
709.793564,314,3948.591344
718.86923,299,3950.788748
489.133179,308,3953.101305
760.140742,333,3955.639099
566.459949,240,3957.437604
506.463844,209,3959.112146
1088.597245,476,3962.70029
942.410593,419,3965.887014
715.897772,315,3971.375515
59.974508,73,3971.922835
83.605983,78,3972.513535
66.295622,80,3973.133214
1086.633168,479,3976.867684
505.227335,219,3978.468468
717.644805,307,3980.771195
57.608982,79,3981.354134
943.258477,421,3984.537004
506.131697,199,3986.01492
1087.893105,484,3993.084942
759.942876,337,3995.680621
476.03527,309,3998.042063
943.937484,415,4001.27669
143.594952,113,4002.114611
1086.340682,475,4005.744157
1086.424318,469,4009.323797
899.481797,399,4015.354713
901.246345,397,4018.39726
717.38721,303,4020.688565
716.782541,305,4023.186625
505.971965,213,4024.785912
900.161033,394,4027.800456
279.099841,181,4029.185369
506.437125,206,4030.77108
711.416225,307,4033.163111
394.128447,239,4036.668958
716.565112,305,4038.991476
761.654044,329,4041.525808
566.136064,242,4043.321558
68.081243,91,4044.031965
708.508324,309,4046.401334
507.266881,212,4048.032062
506.937607,213,4049.61995
506.310426,216,4051.265721
460.813194,300,4053.587126
715.99676,313,4059.129685
60.218618,75,4059.715088
1086.214072,492,4063.419325
505.971121,205,4065.039285
759.463089,337,4067.585772
59.066919,80,4068.255336
718.161156,293,4070.479508
475.109671,295,4072.668476
60.062668,80,4073.263931
361.364262,246,4075.148147
899.418148,384,4081.276946
760.109992,331,4083.872711
433.378712,258,4085.892203
1087.695398,470,4089.474827
715.71866,303,4091.798454
631.107109,350,4094.403765
340.669102,220,4096.052378
567.580566,238,4097.85738
901.402604,388,4103.83635
285.558678,187,4105.241637
299.838468,198,4106.788142
144.533312,115,4107.657393
356.885877,258,4109.712548
567.808577,238,4111.562645
760.560347,326,4114.108241
793.083751,434,4117.370299
416.373595,248,4119.27212
506.448271,218,4120.894268
944.373644,426,4127.673567
508.008246,203,4129.249125
760.865044,336,4131.812584
901.400534,377,4134.922933
566.294374,239,4136.832263
900.768494,417,4140.112947
566.287879,230,4141.83561
507.647306,214,4143.512047
759.920879,338,4148.931509
761.470767,335,4151.542477
279.086424,177,4152.875931
717.457893,300,4155.152261
943.62334,406,4158.260272
59.927536,71,4158.806304
943.742897,419,4161.901761
507.251469,215,4163.546538
1087.922338,459,4170.5341
98.704221,99,4171.280141
1086.57066,485,4174.984632
506.832865,216,4176.654211
433.945926,255,4178.600101
1086.63822,482,4182.301003
758.798613,336,4184.901792
760.513617,329,4187.494329
761.944746,324,4193.56221
352.085455,265,4195.649854
1086.800491,463,4199.201649
899.753883,397,4202.18578
717.355452,305,4204.549101
507.571669,206,4206.064297
1088.006301,463,4209.642822
1086.536388,481,4216.341045
52.80479,75,4216.953358
353.531156,242,4218.758201
57.526331,85,4219.442242
944.547579,396,4222.4356
211.11795,161,4223.701692
758.954257,344,4226.278258
943.362624,417,4229.439947
944.047645,402,4232.438043
716.517253,291,4238.378055
506.706524,207,4240.050428
59.579781,71,4240.628472
59.790531,72,4241.181126
58.67206,74,4241.740794
902.068464,384,4244.622064
567.563653,247,4246.534912
761.039949,322,4249.104273
901.93623,390,4252.054733
1087.041734,471,4255.594419
716.595197,302,4262.056933
-16.042372,1,4262.088259
944.177401,398,4265.155862
410.338946,254,4267.093978
900.251865,404,4270.123862
35.987898,54,4270.524121
708.957356,319,4272.936561
507.541668,204,4274.572525
491.439021,310,4277.099162
943.019817,410,4283.752189
716.835853,299,4286.150775
567.1101,235,4287.899732
615.944509,345,4290.573153
-16.037205,1,4290.603484
58.950341,66,4291.091133
506.066002,203,4292.603171
1088.612393,486,4296.325715
1087.47885,475,4300.083024
247.497338,184,4301.421208
760.914732,318,4307.021841
351.346969,245,4308.802307
1086.027503,473,4312.663682
1089.243041,467,4316.139112
900.78187,402,4319.103718
715.921108,305,4321.50164
717.241812,305,4323.947445
716.649412,298,4329.115646
507.174134,212,4330.814758
718.005074,296,4333.271905
900.521969,404,4336.412896
-2.324008,17,4336.581519
41.05605,52,4337.049141
506.554774,211,4338.738915
466.348915,291,4340.995407
59.728403,80,4341.629763
901.294175,377,4344.484847
900.094599,403,4347.471444
566.199306,252,4351.946932
-8.052124,1,4351.985965
-8.035967,1,4352.013795
943.36638,420,4355.118407
299.302865,185,4356.489641
465.808036,296,4358.743335
56.431221,82,4359.357462
943.561951,403,4362.447634
943.069661,418,4365.499986
506.343379,210,4367.028487
709.823364,310,4373.102032
1087.121623,477,4376.701703
506.439472,204,4378.234529
117.206007,114,4379.150399
507.622502,208,4380.683916
759.825792,326,4383.152022
567.006268,247,4385.052452
759.413498,336,4387.631611
717.665792,311,4390.162749
716.686969,299,4395.853549
106.03168,113,4396.803473
715.988673,301,4399.11947
341.755753,222,4400.867344
407.94817,249,4402.866196
761.25578,328,4405.249709
297.49025,190,4406.697983
566.075492,235,4408.557444
488.417983,318,4411.205497
1088.418886,488,4417.791731
60.382265,78,4418.435083
507.56747,212,4420.106097
708.467929,311,4422.464631
1087.573544,470,4426.031838
74.914292,86,4426.728435
715.258535,310,4429.208916
902.623465,384,4432.15681
295.432801,201,4433.788606
760.222331,327,4436.30338
259.421948,180,4440.623644
507.112213,211,4442.16504
716.714649,297,4444.409239
568.426727,238,4446.350555
942.508437,409,4449.73689
58.886276,70,4450.320077
901.695242,379,4453.178805
505.672201,199,4454.779867
943.743423,401,4457.821891
