#{"t_start": 1777931312.665614, "env_id": "None"}
r,l,t
-3.158669,95,3.254664
-1.654502,110,3.575956
0.444792,371,4.656706
-9.023814,15,4.716337
-21.489768,331,5.612743
-8.521256,151,5.984253
-6.794875,319,10.098173
-0.969237,92,10.384375
-4.009842,177,10.866363
4.272567,175,11.407397
12.73664,96,11.7095
-6.220105,59,11.851727
-11.837593,374,15.1724
10.797674,79,15.461484
-6.739147,455,17.928747
-0.794922,52,18.099448
26.014254,243,19.000304
-1.056999,131,19.557516
1.295261,141,20.103155
-5.318412,21,20.172279
0.297228,228,21.063099
20.586433,85,22.997089
9.032114,208,23.624832
8.055138,151,25.981215
-8.664905,39,26.127916
1.976914,80,26.407533
-4.493808,24,26.574108
8.157311,58,26.842849
11.123451,109,27.179815
2.923156,121,27.663855
-0.333997,27,27.793133
8.957187,244,28.600975
18.191596,131,29.028342
11.57754,72,30.449722
31.675575,84,30.743234
7.304539,83,31.036616
10.371575,88,31.573665
34.406254,326,32.839399
4.249993,42,33.038722
6.079058,53,33.217173
31.339129,226,34.116108
2.044616,81,34.495676
-0.319629,95,34.768041
42.102661,91,36.911804
3.183916,104,38.437439
29.596382,181,39.269318
8.042253,122,39.774414
2.173164,81,40.116024
6.493269,37,40.305891
4.189788,44,40.490341
7.292929,68,40.840909
10.539612,101,41.351706
23.546526,85,41.727868
6.2273,48,41.931496
32.500139,134,42.571297
-0.509172,43,42.876107
-16.062567,1,42.90301
24.048066,85,43.287723
24.349613,107,43.755317
9.897107,45,45.056827
16.095291,107,45.5586
3.245102,52,45.840971
26.869021,151,46.639028
2.83723,68,46.991099
29.847956,75,47.361898
11.751094,88,47.739341
40.392354,105,48.261903
26.661371,103,50.475022
-4.393024,26,50.679701
14.393706,106,51.066847
-3.202816,25,51.178762
6.15637,77,51.562655
13.634777,62,51.811439
-0.188056,51,52.011501
18.494765,66,52.289474
43.33866,99,53.763115
57.919514,113,54.306131
3.536188,40,54.516737
12.664321,49,54.694708
25.516858,117,55.374944
9.524132,41,55.588311
17.845405,73,55.937163
-2.961856,23,56.035203
-13.935962,147,56.786216
11.05158,90,57.239778
12.359961,69,57.714814
0.26994,28,57.889732
13.408129,46,58.080955
17.764845,66,58.529067
38.892101,124,59.217645
-4.877469,32,59.447917
6.059014,49,59.69994
34.982439,71,59.978679
2.366298,36,60.203996
47.586236,93,61.789244
4.618721,41,62.031065
20.270498,95,62.485364
40.633053,105,64.816208
13.626353,46,65.047414
-4.407375,15,65.118665
12.287521,74,65.363585
13.24062,55,65.620129
48.481266,102,65.935537
-1.112941,28,66.062946
12.937728,63,66.346857
32.099102,87,66.699936
11.885361,78,67.008211
1.941868,44,67.182167
19.496103,88,67.617983
26.532176,70,68.044726
31.121018,76,68.423612
67.168152,166,70.518732
-1.407486,21,70.623148
13.617997,58,70.809929
29.42812,97,71.236487
23.512843,83,71.58075
28.2715,88,72.056175
49.226,125,72.689976
7.221301,57,73.017404
25.367162,68,73.317114
35.551858,69,73.688683
54.010331,124,74.23426
-4.293554,20,74.367857
40.476698,94,74.800245
37.609669,99,77.044784
36.700632,83,77.386579
18.577031,51,77.67928
47.210452,105,80.170131
53.586373,106,80.617604
26.029478,62,81.04575
2.503449,46,81.193896
3.803529,30,81.3497
9.858766,30,81.515842
4.116984,52,81.757011
25.662345,66,82.063487
41.498439,95,82.457165
10.675316,85,82.809713
21.232911,57,82.998144
65.465214,111,83.660206
49.494569,98,84.10881
2.586241,32,84.362698
12.154709,67,84.662865
44.284899,100,85.017484
18.504659,70,85.317602
95.226008,175,87.655001
2.583894,28,87.779253
91.269165,182,88.657315
177.359171,265,89.78024
151.567846,195,92.336468
43.631758,96,92.749377
2.669749,36,92.895669
102.547456,179,93.580907
44.700932,89,93.946953
13.601471,58,94.137991
69.771935,132,96.410907
160.782863,245,97.357525
65.708504,140,97.912468
61.709791,122,98.38274
168.130355,207,99.309002
47.422187,84,99.695391
57.574151,144,100.296381
47.982631,87,100.71428
13.328372,51,100.908619
51.39997,111,103.061881
-0.406391,22,103.193897
43.806277,97,105.499232
132.259617,221,106.390998
-5.342253,16,106.446427
65.999541,108,106.855177
5.646408,25,106.949855
109.683031,161,107.605666
42.099949,85,108.092703
40.748675,110,108.548516
277.508255,334,109.717607
46.50508,81,111.298375
101.699441,176,112.09746
-84.277827,117,112.605421
4.23809,30,112.712866
90.546706,129,113.289363
14.336031,44,113.496299
11.977404,39,113.686217
33.003143,73,113.904223
76.50745,120,114.386344
60.971073,127,114.998983
47.686607,100,117.099516
44.928411,80,117.40591
77.549078,125,117.831276
68.307486,112,119.929169
13.590696,54,120.120561
12.749702,49,120.339098
4.946664,35,120.492287
70.845071,106,120.916122
31.80566,58,121.138229
77.747891,131,121.726626
28.697538,57,121.989091
231.536694,300,123.109813
120.68697,158,123.742502
71.603427,134,124.285704
13.764729,50,124.542157
72.857994,110,127.366564
66.764981,135,127.949817
32.978142,61,128.167836
47.800889,83,128.477019
193.305997,217,131.171368
202.718916,280,132.120585
13.017877,46,132.318892
11.392489,61,132.612216
2.049998,36,132.771794
20.500554,59,132.933382
-8.067267,1,132.961046
28.497351,60,133.189642
78.558081,48,133.322856
96.017625,209,137.170422
47.639037,92,137.560699
231.604039,301,138.642359
4.378274,29,138.757654
76.61298,130,139.415596
13.450955,41,139.595733
43.889176,84,139.86594
67.589354,108,140.274971
44.198362,91,140.545042
88.362438,125,141.011859
282.404832,302,145.439631
98.671424,148,145.898732
3.278528,29,146.015225
12.9767,49,146.257301
244.642135,318,147.277909
291.269145,321,148.473773
77.611926,112,148.875473
14.884596,42,149.031027
15.088995,37,149.208499
228.135514,250,153.767613
213.262778,232,154.529623
227.581883,268,155.597993
4.822625,34,155.712657
68.234335,113,158.03546
-5.357751,15,158.134358
73.725942,106,158.448034
44.584637,88,158.661445
219.618935,226,162.189501
44.75511,79,162.420365
224.252577,310,163.306891
47.14893,95,163.663377
14.008504,40,163.820076
104.420538,139,164.277928
68.779986,96,164.647031
280.042239,291,165.821615
68.249153,100,166.26625
226.412947,238,170.170055
67.392146,111,170.523881
14.884916,43,170.656739
254.502568,259,173.220577
66.53442,105,173.650078
67.569274,106,174.01708
68.382182,104,174.362335
68.533018,109,174.782854
4.913856,34,174.928554
95.897462,128,175.390315
95.401585,117,178.071661
13.009353,51,178.29244
3.349257,29,178.419997
66.426298,95,178.953633
380.634834,432,180.356765
98.720979,154,181.041056
13.747132,39,181.294549
302.806138,343,184.440475
281.048553,309,186.696638
276.794665,296,187.555131
25.012386,58,187.797703
233.12591,259,188.585547
232.931228,253,189.421751
25.038344,60,189.644472
13.819557,49,189.890817
422.832592,419,193.224358
210.277171,210,193.975438
179.898068,189,196.293133
66.423255,97,196.635465
14.155039,57,196.846523
310.458673,333,199.485298
98.155199,138,200.010762
13.576164,49,200.235365
95.164184,137,200.608858
13.658185,38,200.766463
67.454789,98,201.07962
35.225465,59,201.286932
73.880704,103,201.615921
660.325473,683,206.551793
14.704225,41,206.706664
14.45455,47,206.851195
102.315448,158,209.155626
227.289756,212,209.854654
64.975578,94,210.180727
202.607701,243,211.053305
407.875995,417,213.894697
120.735484,136,214.356088
14.79445,42,214.482714
45.073382,80,214.749878
48.936794,78,215.050827
48.66022,84,215.349136
15.216889,44,215.497148
306.081255,315,216.716048
291.33979,318,219.48597
94.613497,128,221.295416
68.222624,94,221.562115
13.361262,42,221.688322
238.099171,217,222.386131
14.608986,39,222.547863
290.344399,314,223.659699
69.679848,96,224.112972
67.150905,89,224.466697
238.133062,224,225.227822
69.166103,88,225.536068
613.147559,612,229.486333
49.382837,75,231.532257
99.982856,130,231.959896
14.24151,45,232.106982
237.870771,221,232.786858
69.0529,91,233.079355
309.847157,351,236.692731
14.766951,50,236.836614
15.019811,42,236.9887
73.874131,100,237.209308
105.757565,118,237.672701
16.050117,45,237.845163
15.024894,43,237.953057
106.558226,122,238.289404
384.596834,340,239.27889
67.964442,96,239.614673
99.800232,125,241.960373
14.07886,47,242.127088
836.245326,754,246.111177
69.020896,97,246.486225
237.971542,210,247.099754
15.234861,43,247.272362
49.602811,68,249.011538
100.838296,114,249.428663
13.122427,44,249.569212
69.385289,93,250.048692
262.232782,260,250.766646
413.609875,377,252.030397
707.325854,444,257.40429
205.954693,208,258.01392
312.381483,308,259.018675
707.941118,432,260.217396
705.110735,448,263.782296
181.046617,176,264.3274
14.936171,50,266.401021
13.668651,38,266.532044
14.957853,43,266.689556
382.924403,365,267.753551
13.487283,43,267.864759
96.58093,106,268.208157
100.238019,119,268.622292
69.975363,89,271.023655
67.24866,95,271.284962
100.145233,117,271.674267
1069.200719,745,273.624689
105.594047,121,274.048681
14.146808,47,274.193305
785.733314,675,279.54962
97.284663,113,279.930518
93.309675,100,280.257009
215.936048,202,280.802958
100.392026,117,281.279343
100.425541,120,283.180098
100.867807,113,283.53651
319.832453,284,284.194269
101.780854,105,284.557004
311.960621,298,285.644228
239.791023,197,288.040501
101.126938,110,288.438659
14.52201,38,288.544513
79.887746,95,290.498336
49.5253,67,290.738925
300.54647,252,291.489268
841.123435,703,293.89105
14.331169,49,294.039387
100.625184,116,294.38684
1071.037161,684,300.635289
13.532592,38,300.786903
258.183315,226,301.590778
49.618852,65,301.854384
387.009409,319,304.542688
70.64867,84,304.819135
102.025289,108,305.168231
786.890189,621,307.247437
14.042006,40,307.353836
709.761516,408,311.831234
100.501435,106,312.124548
80.265854,85,312.457386
14.80939,41,312.587351
710.23663,392,313.801817
74.761348,85,314.030913
622.209372,501,316.962788
101.548142,107,317.3331
75.997694,86,317.61378
72.220393,79,317.837639
13.602367,39,317.977752
101.471248,111,318.271838
309.480448,255,319.144818
49.16872,61,319.38766
1073.175922,655,325.919408
48.797195,64,326.20512
70.976503,86,326.545835
709.828296,392,327.815207
341.017992,273,328.769169
711.651215,370,332.418041
189.617942,164,333.045863
-16.057064,1,333.075113
22.010708,50,333.295974
711.304091,373,336.241491
1072.911876,648,340.753939
69.908733,87,340.97335
80.471194,80,341.261237
70.145957,83,341.562027
75.934835,63,341.76694
175.986967,149,342.283392
101.385615,104,342.666136
79.829385,83,342.938488
70.604203,84,343.23361
22.857404,45,343.406246
49.554681,66,343.574232
14.914831,42,343.6914
206.846956,176,346.143265
101.191177,104,346.427246
46.462454,66,348.363316
67.241566,79,348.602319
1072.304783,661,350.698867
4.706139,24,350.786695
641.334404,484,354.33142
1076.263444,635,357.93987
22.317004,44,358.108879
13.743647,41,358.238923
286.331957,211,358.88177
1075.307167,639,362.163911
69.848917,80,362.404079
387.162183,292,363.379209
70.148983,76,363.662658
240.074068,184,364.228395
15.597158,39,364.356301
314.759582,262,367.927321
310.988227,237,370.492172
314.333327,245,371.208326
121.22669,126,371.572176
15.851341,46,371.718168
14.825642,36,371.8902
711.034994,369,373.016654
66.923415,79,373.342715
81.007086,94,375.739876
244.30129,185,376.316069
442.808844,327,377.220467
-8.04772,1,377.270142
14.389988,32,377.383159
76.876081,59,377.551596
259.170875,189,378.324992
321.977199,246,381.004901
101.747236,93,381.281045
14.836941,44,381.471665
69.276497,80,383.108814
1074.727978,635,385.013146
295.483703,225,385.798491
13.739941,35,385.94831
409.51017,296,386.830728
74.977615,82,389.114883
1075.48815,608,392.925219
14.721611,46,393.114651
409.241666,311,394.014126
893.673388,453,397.659068
239.255709,197,398.41099
97.564152,93,398.754367
70.803502,82,399.048066
70.089595,75,399.317014
186.412814,145,399.88274
45.986985,63,400.112251
240.668916,182,400.754986
75.540325,82,401.019958
14.563722,47,401.207808
14.780311,40,401.326056
65.839874,74,404.153987
14.969376,40,406.073323
394.417371,282,407.059656
334.212967,241,407.743438
81.411659,63,407.976729
70.704153,76,408.331164
25.349742,50,408.487608
45.846817,59,408.68925
183.732072,146,409.208843
713.108519,338,411.907799
711.870984,352,412.87162
98.447753,98,413.207345
343.225379,238,413.859799
711.985752,350,416.723004
74.228073,85,416.978158
70.396346,79,418.386991
80.322585,84,418.764514
412.089906,287,419.521523
105.9794,101,419.863726
395.110278,280,420.692387
77.501718,68,420.992638
108.240039,94,421.268441
285.642393,191,421.840993
285.323644,202,423.677347
241.008786,171,424.2224
105.679341,99,424.470792
46.215699,56,426.439126
100.965021,107,426.782826
68.267206,72,427.024459
713.061141,346,428.015762
1076.661755,592,431.902214
454.736792,325,432.902678
106.315848,104,433.143391
1075.731026,607,439.320484
73.476454,73,439.574068
712.42994,335,440.778289
321.588762,238,441.615431
23.333537,41,441.764404
70.762479,79,442.047197
120.262996,105,442.474891
713.007861,337,446.274183
390.471087,269,447.110856
241.424992,166,447.640205
105.322654,105,447.962238
22.526413,38,448.144502
-16.059309,1,448.171435
94.278122,90,448.492378
13.847904,41,448.60244
101.490848,97,450.73124
71.796429,61,450.961561
102.37631,93,451.349275
1077.917927,584,454.719308
312.837836,211,455.372781
70.077023,76,455.596745
506.610515,318,456.751835
784.232045,543,460.807811
894.449751,417,463.848061
793.845409,507,465.51329
22.998227,44,465.670972
69.889043,77,467.640555
106.666234,100,468.087234
296.462434,212,468.931801
15.207122,39,469.097176
117.190648,98,469.526774
712.12014,322,470.47984
239.832588,167,470.900676
303.328595,217,473.495738
102.605827,94,475.153846
46.339871,55,475.287375
564.914741,269,476.233279
15.139143,33,476.376165
47.133086,58,476.537796
713.09765,340,477.672018
791.704909,529,480.99074
13.76816,32,481.165418
22.645717,38,481.322676
302.998421,214,481.999696
895.063153,421,484.977381
261.270157,192,485.542171
114.566249,103,485.88243
228.387051,156,486.306463
282.757748,200,489.700245
288.344902,183,490.248145
23.548955,40,490.375817
15.259543,41,490.533265
70.619107,77,490.799488
46.217639,55,491.02823
122.311529,115,491.311067
102.037782,96,491.573981
80.09254,77,491.78446
49.982226,56,491.95388
14.359659,37,492.1174
70.848986,80,492.342035
294.61833,201,492.915298
105.797869,106,495.748817
101.986841,91,496.190169
80.199009,59,498.203456
1077.620112,568,499.874042
3.066111,35,499.958564
312.659112,209,500.685353
410.079931,273,502.86151
80.532697,79,503.060709
245.142225,167,503.560496
101.473966,96,503.827504
70.808729,76,504.074049
412.036089,292,505.177925
118.019983,118,505.567901
14.724612,44,505.715624
566.425716,264,508.495239
715.332507,328,511.98734
47.162341,58,512.209268
346.161278,234,512.95382
-16.058575,1,512.984367
46.569433,56,513.214717
895.359877,425,514.407502
-8.017871,1,514.433893
68.219635,69,514.658423
15.251661,39,514.803867
140.373095,131,517.38442
23.41626,42,517.512931
4.280244,32,517.646591
49.501807,60,517.832603
295.691096,201,518.442542
409.684512,276,521.098447
713.881929,322,522.096799
14.401419,48,522.232623
15.152826,40,522.329942
894.430202,405,525.146395
263.194805,185,525.832521
1079.303723,543,527.662283
50.061368,61,527.900086
1079.365666,557,533.92591
104.719075,88,534.198461
105.293915,96,534.45092
1079.107013,539,536.136388
106.439466,99,536.384567
297.731769,210,539.474329
49.858154,60,539.67978
634.015059,394,540.871952
1077.098762,552,544.499109
141.939,115,544.858776
362.25371,234,547.958647
79.537979,53,548.11281
413.180125,268,548.879323
311.68849,224,549.48591
80.397753,75,549.8143
897.205083,411,551.061943
243.803343,156,553.727459
14.869604,44,553.862046
14.770611,47,553.995514
179.76514,149,554.438337
-8.044972,1,554.469388
15.097735,31,554.548318
899.48191,395,557.533641
242.74074,202,558.101129
1079.586727,530,562.081396
71.261019,76,562.334663
895.782639,416,563.729733
22.568009,37,563.916884
70.47329,82,564.143589
412.474357,273,564.908913
713.051128,323,570.258694
298.440198,199,570.819376
311.450631,225,571.46664
409.852813,278,572.44201
-8.044633,1,572.470124
319.040561,208,573.193547
1077.934357,549,577.319843
22.195578,40,577.475232
566.296647,255,578.345519
70.521518,73,580.510857
75.569555,74,580.892486
71.627014,76,581.129005
898.434348,391,584.559029
5.576195,28,584.658921
15.193077,39,584.777908
287.802434,181,585.360543
71.562007,73,585.557997
15.190173,41,585.671535
119.932165,101,586.049428
231.732254,174,586.593048
106.946763,95,586.940152
15.213139,33,587.078889
313.619031,217,587.656395
80.785084,73,587.979101
14.986142,40,588.130499
344.567549,225,591.062494
897.411138,393,594.177947
50.11259,62,594.421758
106.012842,100,594.766461
71.333135,77,595.076631
715.551523,311,596.123628
103.269317,90,596.429904
118.094851,104,599.206725
101.44762,94,599.458714
314.526115,203,600.035687
105.344078,82,600.33275
101.807812,93,600.59929
109.472944,96,600.950329
102.095632,93,601.299207
795.770736,473,604.927529
50.062726,58,608.00837
197.097725,165,608.560091
105.276589,97,608.88073
401.98747,241,609.817839
23.133343,38,610.010036
101.927735,93,610.347081
287.295759,186,611.055372
295.87959,185,611.710143
22.138023,39,611.827358
288.572469,184,612.532022
71.167079,71,614.547189
271.913245,181,615.280913
70.99304,73,615.493462
1080.96225,530,619.344098
412.696447,256,620.095527
566.407647,259,623.459673
713.970712,318,624.507187
101.684517,93,624.8899
102.474985,87,625.260762
22.177388,41,625.425416
224.600804,178,626.08851
127.413781,113,626.416833
243.213498,163,626.958249
566.252086,249,630.55305
715.498593,293,633.192504
102.527318,89,633.49135
1083.903222,502,635.202568
102.216835,93,635.485337
15.210709,43,635.627836
249.534493,156,638.037048
1080.674999,498,639.685112
896.454862,387,640.850758
265.931312,172,643.298058
106.089132,97,643.693867
69.167897,77,646.77128
82.11769,47,646.892151
81.657224,53,647.025743
-16.043322,1,647.051242
84.021913,43,647.201282
713.86764,300,648.223511
23.731435,37,648.367124
714.715627,309,649.413704
106.179795,94,649.788119
1081.718074,494,652.991914
344.485793,220,653.682231
1080.279125,517,656.966851
541.968288,338,657.985999
411.939616,251,660.968939
70.442189,73,661.190298
504.403311,225,661.800267
14.228935,30,661.941271
97.988613,89,662.341317
715.565188,304,663.315181
297.573003,192,663.878764
1081.393618,503,670.284622
119.60866,98,670.606936
1080.145483,511,671.996363
13.843044,36,672.095334
74.457397,71,672.326977
566.210005,248,674.509597
70.868262,73,674.79898
101.976916,92,675.071464
70.247272,76,675.289467
295.770962,191,675.870465
265.133095,195,676.508677
203.600416,139,676.936724
98.807285,89,679.111473
49.353048,56,679.263211
715.526582,301,682.398021
70.192569,78,682.654209
1081.269913,504,684.190314
289.130845,182,684.713614
341.476896,212,685.457297
-16.061544,1,685.48737
411.415256,245,688.280874
290.540382,193,689.031837
310.879645,202,689.611455
342.603744,223,692.127504
118.569596,105,692.439844
78.264459,53,692.613469
57.935646,78,692.826386
305.992755,192,693.486651
896.291943,373,696.133883
271.232324,180,696.711852
294.942395,195,697.271557
1080.370565,510,698.792777
896.105821,386,704.39468
101.767313,88,704.666696
410.343668,250,705.330343
799.329484,468,706.867855
49.994679,59,707.04334
80.409701,71,707.333716
105.489177,96,709.764378
225.877769,168,710.293962
74.210336,71,710.493605
78.281454,57,710.677892
296.866435,180,711.206031
564.231212,246,712.10468
768.934582,418,715.217077
16.704148,36,715.331686
242.071516,155,717.572472
344.290543,217,718.315603
101.961474,96,718.717101
309.437877,216,719.435532
14.973345,43,719.538716
42.558246,92,719.914022
81.758355,44,720.050652
343.804675,211,720.761196
566.265623,249,723.250538
1081.543694,485,726.496673
186.012961,140,727.095446
414.358786,243,727.7915
291.009052,178,728.326243
105.215055,101,728.679381
1081.903644,498,731.939775
297.453146,187,732.561679
242.085982,153,732.973813
413.7267,246,733.747454
504.734878,215,736.161656
198.168853,158,738.261981
22.369479,37,738.360772
218.505186,149,738.838481
49.658749,55,739.037965
185.770641,151,739.595404
224.437352,169,740.143449
767.657592,435,741.632656
414.581984,250,744.178679
-16.08052,1,744.206654
186.468762,154,744.629924
715.961171,292,745.631151
78.045475,62,745.814851
715.479284,303,748.509845
82.646843,80,748.691581
105.990491,95,749.01019
68.176971,67,749.296044
122.560004,102,752.24896
103.051541,90,752.58228
106.539744,97,752.903523
356.361512,212,753.564762
98.346104,81,753.776766
1079.962318,501,755.331897
1081.108422,483,758.32266
239.587358,160,760.631344
14.94737,38,760.754146
70.684936,74,761.004278
81.019413,71,761.172347
298.345451,181,761.760358
287.937927,179,762.267989
22.448067,37,762.429811
291.713124,183,762.95289
371.683783,219,766.811999
16.289313,40,766.925738
102.294472,84,767.285573
1080.959528,497,768.779955
565.539618,258,769.600806
98.743891,87,771.653087
81.651734,61,771.823096
49.803716,58,771.980088
106.798894,93,774.28369
896.621194,376,775.504233
15.172901,34,775.678733
119.75147,93,776.005743
105.283084,96,776.21912
125.379672,97,776.495259
898.962122,374,777.562337
897.633229,390,780.471812
101.726547,92,780.887142
68.292351,72,781.173949
714.953951,292,783.91644
433.218458,268,784.681497
22.217593,40,784.787261
1082.136809,491,788.152454
296.265798,185,788.692709
109.972484,95,788.977072
1082.199182,487,790.452254
14.854977,34,790.542483
714.660768,294,793.261182
98.788873,83,795.41496
50.011834,59,795.655918
297.051392,191,796.334598
413.648315,256,797.097101
565.617781,255,797.914805
104.772894,79,798.102764
70.999923,71,798.380845
177.302785,144,798.847312
14.924011,42,801.286611
74.905047,72,801.507091
413.18322,252,802.387197
567.055847,248,803.17965
15.743363,36,803.286856
109.399738,91,803.652228
70.080611,71,803.843707
250.846783,160,806.133413
16.013565,48,806.252491
715.213366,296,809.136021
567.689586,244,809.901133
15.356886,34,810.067947
660.471232,384,811.114865
-16.055691,1,811.14815
715.544199,303,812.031861
119.291636,113,812.332249
36.431145,94,812.634474
16.627294,38,814.493418
296.190322,186,814.999585
1082.545618,497,818.255329
23.580424,38,818.410357
714.545051,300,819.277468
101.989465,84,819.493243
228.946107,172,822.115612
-16.039558,1,822.143997
13.421758,35,822.307776
713.46079,300,823.170738
22.604455,35,823.266254
1081.308372,484,824.743438
14.296354,30,824.827867
72.859032,59,825.032757
72.656877,65,825.185327
565.808576,247,827.343855
80.860774,55,829.396671
302.617657,200,829.988
318.709436,208,830.572465
225.238093,165,831.064277
345.638537,218,831.730366
411.331141,259,832.504918
414.27445,248,835.158405
567.072266,241,835.910443
411.006362,247,836.744869
77.771181,75,837.017517
125.545002,105,837.345583
118.447457,99,839.50429
81.725467,83,839.742708
-16.073341,1,839.769776
715.034432,307,842.361471
67.691498,69,842.62201
15.764859,42,842.740772
895.61391,393,844.120991
1080.932578,487,845.763784
661.048311,390,849.073849
23.10876,39,849.2441
231.337458,176,851.636954
789.887621,454,852.896216
505.897237,210,853.435859
102.136178,89,853.691046
899.32089,369,857.038332
567.141564,247,857.70413
715.829877,295,858.687868
313.619634,184,859.254687
714.483012,306,864.320513
225.169506,168,864.825501
23.037524,41,864.940243
569.0682,250,865.822814
237.592824,176,866.316484
116.217669,96,866.662904
713.222672,297,867.664734
297.10541,184,871.365668
297.034397,190,871.965835
118.343439,98,872.266812
14.637484,45,872.417654
223.840158,167,872.990986
897.739279,359,875.808172
402.487039,242,876.573866
897.824297,364,879.956123
57.373649,72,880.236176
14.348033,47,880.465635
223.983629,167,881.054744
391.167096,228,881.720857
15.458986,37,881.890146
123.390894,109,882.29982
102.865679,85,882.600193
116.887523,99,882.917306
106.490765,95,883.279255
224.493634,171,885.950924
294.969254,180,886.527198
72.548832,62,888.597866
110.481219,95,888.900845
-8.044406,1,888.930851
278.162505,172,889.364484
1082.77896,474,890.651596
1082.039872,475,894.001883
286.812548,173,894.544986
148.587839,119,894.89604
229.153664,166,895.373626
142.892446,111,895.683897
26.041714,51,895.827567
1080.939235,483,901.091486
80.174929,58,901.25
1081.388553,485,902.618517
412.093983,242,903.422071
15.139467,42,903.58333
14.939234,44,903.718922
714.417746,290,906.351625
714.957394,289,907.283085
105.189114,105,907.531996
506.666997,214,909.984414
15.229391,41,910.114841
117.137643,96,910.385042
101.410103,93,910.695017
567.845943,240,911.377565
117.316104,99,913.881718
1084.317168,455,915.357175
102.27894,90,915.728998
109.153505,91,915.962786
715.331073,293,916.791156
714.794025,298,917.775941
1081.274958,504,923.771875
121.433047,113,924.070245
898.790722,367,925.124462
304.442568,187,925.67127
15.014309,40,925.794718
1080.404691,477,929.593493
565.939294,236,930.267184
116.698107,97,930.64574
313.693726,198,931.212254
15.003316,41,931.380024
14.548695,46,933.325243
1081.050448,469,936.153006
1083.716713,464,937.583273
1080.745737,490,939.101927
79.222046,54,941.864196
567.287836,241,942.563229
101.261575,87,942.849976
81.808881,81,943.1144
121.210449,108,943.488913
70.324654,73,945.513731
149.993517,115,945.876863
413.633655,250,946.631583
505.078308,216,947.20707
1082.134974,478,951.299967
507.00381,209,951.961895
97.86323,88,952.26857
566.968571,245,953.021024
901.115814,366,956.505234
186.348186,148,958.745169
16.534921,37,958.857051
121.919328,108,959.13327
304.505946,190,959.696081
125.028131,106,959.994157
898.250565,376,961.14389
713.323849,302,964.211533
413.079848,242,965.061735
413.085015,249,965.825221
343.149044,206,966.501549
592.011672,341,969.256243
80.136707,73,969.530145
412.827144,251,972.177814
1080.676025,475,973.640899
109.524053,92,973.991447
109.935202,99,974.358516
232.120404,167,974.857865
901.61738,366,978.188071
566.978682,243,978.92504
507.212503,293,981.595514
414.167206,252,982.308901
98.487854,89,982.545147
1082.903294,487,986.393817
898.166934,376,987.485681
565.739427,260,988.416683
81.613395,54,988.560813
15.181354,36,988.750334
15.634284,37,988.900509
1081.44657,471,994.425064
567.018433,242,995.101604
897.616573,384,996.143103
717.013729,290,996.976197
567.368074,246,1000.465638
225.040503,162,1000.98786
507.249395,284,1001.796882
714.666195,291,1004.505327
109.634648,93,1004.801919
1081.217825,484,1008.320364
567.121549,240,1008.997366
414.04226,252,1009.799834
715.238407,296,1010.690116
17.795496,42,1010.853593
15.051347,31,1010.965837
285.851553,177,1013.817001
898.95538,360,1016.826308
899.222555,369,1017.866102
316.118816,203,1018.498042
391.700228,234,1019.160231
105.764205,97,1021.808789
506.58418,204,1022.362107
103.323468,88,1022.710843
565.658033,238,1023.393528
414.29235,245,1024.134685
263.632805,185,1024.740239
715.410682,289,1030.093208
81.549911,59,1030.244132
504.966377,211,1030.978415
157.1595,123,1031.333014
296.289091,179,1031.87803
712.78047,301,1032.748729
116.875058,97,1033.01628
14.877727,40,1033.188123
120.738316,107,1033.476909
225.068477,169,1035.946228
223.916968,172,1036.570209
714.395864,290,1037.404416
80.800791,52,1037.581294
294.716492,205,1040.063418
105.7657,95,1040.296513
1082.922071,465,1043.606384
505.609722,216,1044.256469
228.574336,171,1044.745302
226.495064,151,1045.199917
899.877868,371,1046.231931
150.173604,119,1046.615558
567.935346,231,1049.049484
105.112594,101,1049.297615
415.331326,247,1051.909751
153.382578,118,1052.328118
715.758829,290,1053.135506
506.96271,206,1053.751781
246.553399,157,1054.247712
1082.677622,472,1057.540333
1081.464736,482,1059.074834
505.229763,206,1061.424504
229.185687,164,1063.969482
102.562839,85,1064.198681
565.676147,239,1064.886889
504.15057,218,1065.525057
1084.564685,455,1067.023311
22.17383,36,1067.199734
900.230966,378,1070.21141
1082.085901,468,1073.41889
325.26448,198,1074.035829
314.113569,190,1074.510649
23.233275,37,1074.606751
899.884993,371,1078.194783
222.056114,170,1078.780298
77.909609,75,1078.997606
899.74534,369,1080.101247
122.549552,105,1080.377046
186.874541,145,1080.791465
109.576016,97,1081.081878
714.207515,295,1085.707404
715.02338,295,1086.618794
261.2788,192,1087.240016
717.440816,289,1088.054669
413.723279,246,1088.830472
565.651318,246,1092.283916
715.038478,295,1093.112647
506.586794,208,1093.718434
505.877923,217,1096.185329
123.811065,100,1096.422084
414.385293,247,1099.830117
287.214682,182,1100.377701
284.940774,182,1100.990753
241.389189,148,1101.42013
899.181968,374,1102.661062
242.588557,154,1103.178499
102.601873,86,1103.507521
25.706682,48,1103.634054
30.765477,98,1106.686779
414.868211,247,1107.3534
106.77271,80,1107.560033
102.752711,90,1109.727
898.260901,370,1110.778949
1082.441872,490,1115.798329
715.150133,298,1116.607364
567.97257,242,1117.363964
644.659917,360,1118.38201
901.149513,368,1123.75811
566.899439,246,1124.619915
14.300727,39,1124.718087
1080.927791,492,1126.073454
116.935457,101,1126.376007
900.125494,370,1129.857106
537.549992,315,1130.834774
118.541906,103,1131.24999
715.001033,301,1133.925467
49.415727,58,1134.073581
345.522908,216,1134.692917
898.932635,379,1138.307334
898.473455,362,1139.32643
95.883693,86,1139.566212
120.651157,109,1139.910612
1084.799895,469,1143.854068
343.178456,210,1144.574434
410.874531,243,1147.029283
567.135515,241,1147.801634
345.173381,212,1148.495006
152.362454,117,1148.818291
77.566211,92,1149.091382
713.724504,296,1152.637981
81.303013,60,1152.804432
940.810225,428,1154.164476
331.72487,200,1154.767808
413.54169,248,1155.510706
565.890933,238,1160.199554
1083.536875,456,1161.456083
414.999512,251,1162.222074
1081.487739,492,1166.397169
566.258548,243,1167.081239
714.311101,304,1167.926025
506.688173,209,1170.412577
1083.587384,474,1173.608016
1082.080921,483,1175.008733
566.601529,251,1175.708959
224.477851,165,1176.170259
15.15015,36,1176.341235
509.318222,296,1179.568541
14.065603,31,1179.682578
579.896871,332,1182.38695
715.272754,287,1183.310629
899.53836,372,1184.381916
313.773866,203,1184.984365
358.542607,215,1187.943838
506.430012,210,1188.447892
309.304426,214,1189.151621
118.614225,101,1189.433044
348.567488,211,1190.128239
95.85358,81,1190.371191
788.444475,443,1196.217954
209.577899,166,1196.667085
1082.723411,478,1198.115381
231.769075,168,1198.599227
567.553409,240,1201.340812
119.52361,96,1201.640403
1084.669632,467,1203.038394
102.079876,91,1205.139611
260.092629,192,1205.681643
15.269901,39,1205.838985
897.78845,373,1208.900988
414.775479,246,1209.646833
72.179987,72,1209.854808
102.640751,83,1210.087509
318.340818,201,1210.78655
415.057192,238,1211.598052
566.312932,240,1212.294647
567.494156,243,1214.934348
566.758798,243,1217.513722
715.762863,303,1218.312378
1081.810678,482,1219.613491
14.782143,50,1219.752157
505.143218,215,1222.973889
551.759129,305,1223.982334
716.377097,297,1224.885071
228.310103,170,1225.422865
66.498485,66,1227.46192
225.8127,162,1227.915563
231.311327,145,1230.378773
808.317636,446,1231.69868
114.218063,92,1231.985855
1086.168387,473,1233.510952
567.800298,248,1236.479817
899.76614,374,1237.673926
1083.11033,474,1240.937225
33.653797,99,1241.21745
118.319922,95,1241.478595
103.008895,92,1241.770999
110.007445,92,1244.358744
117.237863,107,1244.596288
566.446852,246,1245.307002
356.949654,222,1246.049669
109.539464,101,1246.40556
715.44442,298,1247.169143
297.034739,186,1247.825658
232.515418,169,1252.490023
898.915761,372,1253.473995
898.947015,366,1254.500591
505.73818,209,1255.125942
1082.559752,461,1260.442243
230.665989,166,1261.031543
716.975288,287,1261.986516
120.154011,97,1262.316326
717.103663,294,1264.956781
233.122822,171,1267.583551
415.270574,249,1268.387182
119.051605,99,1268.690119
899.153465,371,1269.720421
15.058077,40,1269.842084
232.53855,171,1270.346311
91.079046,90,1270.606478
168.817407,121,1270.995415
81.789654,52,1271.141456
188.170873,144,1273.702089
567.310943,243,1274.38797
15.773668,45,1276.343648
99.199954,91,1276.553122
1082.859248,475,1277.945712
447.702345,263,1278.671268
506.264027,212,1281.684766
49.394279,55,1281.88168
156.488556,119,1282.254462
1082.766065,493,1283.601552
110.759509,94,1283.986999
415.164377,249,1286.592208
90.667863,86,1289.034114
-38.094633,101,1289.308002
186.446927,147,1289.773097
77.79537,71,1290.033705
900.412474,369,1291.065955
559.240726,322,1292.024409
413.793258,245,1296.415251
1082.328059,480,1297.849905
255.935236,192,1298.37731
412.747639,249,1300.997654
568.104795,239,1301.725979
142.316152,112,1303.757988
567.941663,241,1304.393278
716.568443,295,1305.366894
1081.566928,490,1306.754183
716.949718,294,1309.724432
287.1773,176,1312.035298
118.836574,99,1312.451849
-16.048471,1,1312.480639
566.518243,243,1313.24587
1082.148714,475,1314.589687
118.550604,99,1314.936761
413.169729,250,1318.233958
3.174356,29,1318.335011
8.679846,46,1318.467963
152.087513,118,1318.848411
716.433356,288,1319.731725
96.34257,87,1319.998561
265.180904,191,1320.543933
313.035507,223,1323.05316
70.404188,86,1326.312469
397.489817,232,1327.002807
507.363149,217,1327.588013
715.950761,292,1328.480827
898.642993,382,1329.579016
110.97073,98,1332.669997
149.683806,118,1333.016883
113.490295,93,1333.296391
7.099831,46,1333.42977
567.443504,246,1334.138813
715.481192,290,1336.823962
116.124989,94,1337.079787
114.695089,101,1337.392832
14.850206,46,1337.556175
715.406197,302,1340.370863
284.19158,180,1340.935862
103.183152,84,1341.163198
119.442509,97,1341.510454
-8.047466,1,1341.537012
357.425725,219,1342.230822
505.243846,221,1342.927336
5.751951,73,1343.130833
120.190649,98,1343.420593
940.483907,402,1348.770957
14.749923,49,1348.978644
567.796479,241,1349.565094
344.767937,217,1350.235371
715.236532,296,1351.079008
505.407641,204,1351.600171
16.591731,57,1354.402047
717.214129,299,1355.317377
716.14917,300,1356.167922
900.401078,389,1359.1283
117.282269,96,1359.428247
106.293416,100,1359.6861
566.429223,245,1363.249853
-16.070122,1,1363.289367
117.3284,98,1363.53922
505.115472,224,1364.1617
716.660763,301,1365.115453
898.955429,384,1366.228446
505.357159,226,1369.543753
565.208799,256,1370.588561
716.502236,292,1373.205847
506.17191,218,1373.808605
119.779768,100,1374.137596
414.729832,248,1377.023059
715.314765,298,1377.891958
117.00123,98,1378.163682
1082.168462,468,1379.555295
23.322054,40,1379.712485
716.287643,291,1382.233682
898.624642,385,1385.079916
-16.069035,1,1385.107922
413.338274,257,1385.837229
53.817911,126,1386.223433
261.420308,194,1386.792112
716.268839,290,1389.867963
716.925221,296,1390.836203
1082.443015,477,1392.24424
1081.857309,478,1398.013231
79.714928,68,1398.257098
413.399264,243,1398.941083
505.55512,223,1399.572021
716.352916,293,1400.490405
414.888032,250,1401.233824
715.486578,292,1404.403271
714.950282,299,1407.091096
63.136063,88,1407.351894
315.232784,188,1407.93705
898.323809,378,1408.993277
246.218062,160,1409.448445
54.690289,101,1412.601945
504.66487,213,1413.143298
716.520077,297,1413.978029
504.940717,227,1414.688486
1081.511478,478,1420.290362
100.228507,92,1420.574281
345.347348,210,1421.229373
531.368182,306,1422.100903
505.946991,209,1422.7032
37.442756,91,1422.940818
314.568884,189,1423.651028
506.223378,221,1426.565675
1082.892188,468,1428.141056
118.12137,100,1428.428085
1082.595824,481,1431.73922
716.671727,288,1434.84175
416.560572,238,1435.69016
567.721119,239,1436.396895
715.903273,280,1437.287816
414.955428,244,1438.017448
219.372718,140,1440.90715
341.915412,202,1443.26573
242.748639,148,1443.68961
506.377825,220,1444.272657
119.006703,95,1444.588871
898.893781,379,1445.735085
233.031601,176,1447.678099
124.409417,105,1448.017358
715.638412,304,1448.83489
4.757551,25,1448.908924
1082.160423,477,1450.261914
284.580941,172,1452.637929
355.357692,216,1456.010715
567.09073,254,1456.781438
715.970886,288,1457.643315
414.622999,248,1458.450854
-16.081128,1,1458.478312
288.380626,181,1458.972638
16.016833,45,1459.20015
75.607724,83,1459.437937
715.0368,291,1463.040274
900.162059,379,1464.076773
44.231991,54,1466.048647
16.281913,46,1466.166896
716.509594,290,1467.062256
79.007555,70,1467.273939
18.462536,46,1467.433351
122.092706,112,1470.103396
566.535156,241,1470.892885
76.167041,74,1471.104101
566.08756,256,1471.922896
233.105772,168,1472.489344
900.966519,384,1473.715181
309.658404,216,1476.359148
716.481438,293,1478.968268
261.878617,190,1479.583352
566.631197,238,1480.262456
1081.6347,484,1482.893534
430.646123,261,1483.728085
551.591244,316,1484.601647
567.413837,244,1485.397212
899.193373,371,1490.742683
506.229593,214,1491.362627
76.618556,71,1491.595261
716.989757,288,1492.450741
75.839598,88,1492.759501
74.815351,80,1493.026208
714.816368,294,1493.883155
567.124756,239,1497.084801
415.111031,243,1497.840636
315.413517,188,1498.375751
232.573717,170,1500.785526
112.973759,95,1501.181828
268.049694,186,1501.741664
36.365185,88,1502.031703
567.062072,238,1502.676864
110.603912,91,1505.391598
568.385254,240,1506.045587
291.844721,173,1506.493701
716.019707,284,1507.365401
284.85709,172,1507.835674
254.45434,156,1508.365174
344.724184,207,1511.394667
414.188824,253,1514.080737
1082.88479,469,1515.364451
505.882562,219,1515.958807
715.315745,303,1519.156103
214.147054,139,1519.526356
98.308374,86,1519.792659
102.108436,87,1520.067019
121.831868,108,1520.433738
566.273109,258,1521.215402
149.507037,119,1521.637524
4.598755,30,1521.73916
289.010907,178,1523.954273
113.612891,94,1524.367696
568.302569,237,1527.538987
80.195516,64,1527.772377
808.97716,440,1529.069588
714.274253,303,1530.035084
111.082407,95,1530.367605
900.126379,379,1533.699221
149.061855,115,1534.097345
14.61896,45,1534.249859
899.587105,374,1537.179326
1082.528073,470,1538.495139
119.344992,98,1540.782293
297.462627,183,1541.392531
566.757318,236,1542.19484
119.914363,101,1542.550458
-16.04097,1,1542.579378
236.943103,172,1543.227014
718.179276,286,1544.112742
567.758434,248,1546.582269
79.507662,55,1548.496783
568.015219,240,1549.208006
716.540002,294,1550.091298
14.526798,56,1550.255572
109.912471,100,1550.52822
898.654288,378,1551.750437
1081.402946,473,1555.251479
789.134686,415,1556.458862
716.649341,287,1559.110335
117.584914,94,1559.392521
106.102132,96,1559.635405
80.787529,55,1562.536204
899.94001,360,1563.636099
235.60569,175,1564.201068
229.963759,173,1564.779532
109.488697,94,1565.013972
231.310505,147,1565.399174
119.113559,96,1565.714494
717.775247,288,1568.852969
898.891135,366,1571.807682
415.190164,250,1572.513064
505.933204,210,1573.105647
118.68302,97,1573.33375
413.952899,244,1575.966353
77.363939,67,1576.144371
494.659098,271,1576.991593
345.626186,207,1577.572771
716.044998,295,1578.514666
312.310967,194,1579.184097
413.910931,251,1584.240787
308.476335,178,1584.754264
233.241929,158,1585.187663
414.160237,245,1586.019852
415.630516,248,1586.853487
109.681924,95,1587.195257
411.476556,246,1587.981816
566.481367,247,1590.78054
-8.075343,1,1590.807124
1081.560466,472,1593.951922
49.73094,57,1594.152285
336.508421,208,1594.904474
1084.570637,457,1598.451661
259.252734,182,1598.969562
505.431936,217,1599.634949
415.358873,236,1600.282688
789.280046,419,1601.519134
901.247986,358,1606.638917
900.98609,362,1607.615144
414.621285,254,1608.348529
232.345104,162,1608.826741
1085.44665,450,1612.395062
711.97127,380,1613.69673
287.863953,172,1614.187776
110.737404,94,1614.492791
77.644091,74,1616.536004
1085.293905,461,1620.353891
413.815454,252,1621.205812
272.142338,164,1621.638725
568.370884,235,1622.316381
506.377911,212,1622.985113
715.553107,294,1626.153999
80.490581,67,1626.374177
415.329852,244,1627.106594
413.640474,251,1629.659582
32.767266,94,1629.970531
-16.066771,1,1629.99758
120.706086,96,1630.269012
-16.046024,1,1630.292564
121.675485,109,1630.736368
715.244378,290,1633.854889
557.614514,325,1634.763885
1082.003962,475,1636.12709
866.407877,484,1639.552634
567.862178,234,1642.049144
507.099012,211,1642.830776
715.763678,298,1643.617441
281.785557,195,1644.284011
488.128378,288,1647.156136
149.495365,112,1647.473982
1082.406301,482,1648.88375
296.544164,180,1649.408866
329.969104,194,1651.765191
1083.187755,476,1655.765212
715.23404,287,1656.604852
716.053932,291,1657.481194
1081.024359,476,1661.055332
110.501048,97,1661.313891
567.252942,243,1662.038262
416.698541,234,1664.628818
356.45641,207,1665.2029
145.119955,116,1665.585708
900.284098,364,1669.020118
897.990275,386,1670.18493
505.370491,210,1670.748569
123.022196,98,1671.093744
714.751214,290,1672.003088
25.201335,62,1672.176405
120.356316,93,1672.522326
287.585657,174,1676.809595
22.463644,38,1676.972193
898.393003,373,1678.037467
414.922909,251,1678.752545
1083.035943,471,1682.142038
287.621177,172,1682.574244
65.677993,76,1682.921338
1081.587915,473,1684.315174
97.110839,89,1686.394286
899.349533,362,1687.384202
505.371125,210,1690.189202
715.054791,289,1691.077182
899.974673,367,1692.150835
1081.797648,476,1695.486994
106.770423,82,1695.706704
506.24048,218,1696.433479
232.58259,158,1698.776337
1082.505441,470,1700.132369
119.481424,98,1700.378633
79.082836,60,1700.605563
14.999065,40,1700.742623
899.660564,381,1704.381879
567.266525,233,1705.034728
1082.157892,471,1706.345256
567.536125,234,1708.858596
-8.043427,1,1708.885978
118.106688,98,1711.161419
56.988534,71,1711.345264
110.554551,93,1711.650389
567.179883,231,1712.344278
343.585681,212,1712.971611
-8.064238,1,1713.002001
141.960805,110,1713.309582
118.286805,99,1713.651911
898.350555,379,1717.720883
713.884191,290,1718.487018
313.584661,194,1719.080027
34.712738,104,1719.393229
515.989154,287,1722.030907
125.098749,107,1722.31453
415.524785,248,1725.259741
236.949893,168,1725.726682
74.496765,77,1725.926244
897.595382,369,1726.960506
898.625933,359,1728.099868
941.359765,401,1731.175563
413.284952,233,1733.647332
414.646957,240,1734.367584
414.991544,248,1735.155661
898.512138,366,1736.084245
1081.417588,450,1740.001597
717.263232,294,1740.890363
567.016044,238,1741.572183
564.824585,238,1744.205362
120.032714,94,1746.580894
222.273854,159,1747.093634
714.878025,285,1748.006313
285.328155,180,1748.560698
233.28991,163,1749.087704
505.223847,219,1749.702703
110.782084,93,1750.108392
414.377155,251,1753.352384
1082.690999,462,1754.753229
505.572626,219,1757.232186
15.061301,42,1757.413381
261.165632,196,1757.950567
149.504225,118,1758.27077
414.578147,251,1761.145489
1084.008674,451,1762.537391
118.337713,99,1762.976078
504.449506,212,1763.597883
413.779727,240,1764.374272
261.816924,187,1766.955203
506.013241,212,1769.3959
714.262104,295,1770.275836
77.460619,72,1770.525149
714.220931,298,1771.327353
1081.876305,463,1775.628583
297.395207,183,1776.215075
1081.829764,468,1777.569656
80.520906,58,1777.708966
14.834378,46,1779.710461
79.485894,63,1779.901001
714.874548,280,1783.26773
1082.401748,455,1784.548028
117.660098,93,1784.823986
413.665023,255,1785.546908
1084.371334,444,1789.79345
1082.398961,457,1793.017284
15.018238,43,1793.198145
232.578843,171,1793.63768
152.222445,124,1793.977045
412.223252,244,1794.744909
124.571365,102,1795.066904
567.65231,231,1797.863127
897.624186,371,1798.971715
899.414507,367,1800.113466
15.127523,44,1800.249194
507.168659,208,1800.890496
152.524349,121,1803.629229
505.060201,216,1806.029647
1084.083826,472,1807.424577
899.061117,362,1808.501337
898.973695,369,1811.43634
109.69462,92,1811.720051
117.269407,98,1811.994109
505.979167,213,1812.616087
506.702933,207,1813.209097
1083.299779,448,1818.653733
566.197314,234,1819.432925
566.40536,236,1820.225722
248.261809,154,1820.640739
186.553786,143,1821.113136
504.876727,210,1821.78273
529.244538,295,1825.27616
1081.761617,475,1828.425345
566.340661,230,1829.031452
898.745436,372,1830.165298
248.17967,172,1832.958989
187.46916,147,1833.389059
716.038252,292,1834.239632
80.781622,63,1834.466406
79.637823,56,1834.632412
109.414641,99,1834.955998
73.328625,70,1835.145495
152.300644,122,1835.557751
5.738179,27,1835.713242
15.251291,43,1835.867647
715.198511,285,1838.559055
261.223627,183,1841.186977
504.876993,211,1841.812131
566.897166,231,1842.611279
290.651869,184,1843.154727
239.230081,166,1843.638722
40.464994,96,1844.008262
1081.503832,459,1847.625443
429.684533,257,1848.40033
1082.796032,468,1851.497441
3.076257,28,1851.574077
1082.192243,446,1855.60078
505.840961,208,1856.28944
898.039082,370,1857.34484
715.364642,297,1858.254506
413.712681,242,1861.068501
505.704346,214,1863.494461
714.37935,285,1864.234658
506.561842,209,1864.844554
505.90928,209,1865.452893
506.837588,204,1866.05736
567.827086,238,1868.502414
226.394579,164,1869.002288
898.142351,373,1870.204788
717.149877,291,1871.134693
64.515387,63,1871.324316
505.118418,218,1876.160753
566.239143,243,1876.813601
231.916817,163,1877.401291
344.679727,204,1878.068351
241.704833,154,1878.462744
898.536694,366,1879.570397
117.852662,97,1882.583758
715.072657,288,1883.530855
896.331857,372,1886.448453
1082.033578,451,1887.725209
647.583906,359,1891.436551
415.131284,238,1892.127802
4.41967,26,1892.229975
568.369711,231,1892.941376
122.059722,109,1893.274313
15.353246,42,1893.369771
337.687426,196,1893.982407
71.580661,71,1894.190147
715.440162,290,1899.090143
715.490727,295,1899.958411
506.828652,199,1900.547926
234.251833,160,1901.03918
1083.529489,447,1904.467865
218.559034,160,1904.917578
565.8773,237,1905.514693
506.152112,201,1906.076075
412.09668,238,1906.79495
149.149103,116,1908.907955
232.546904,160,1909.432628
1082.539327,457,1913.044983
109.314523,96,1913.391417
119.464504,101,1913.69205
1083.347222,442,1914.903084
232.677065,161,1915.44024
1084.816273,436,1919.30155
152.270232,122,1919.713906
65.4454,80,1921.780785
714.035853,293,1922.58534
148.971058,118,1922.873678
1082.927276,453,1926.417519
456.409028,299,1927.32485
1083.188561,446,1928.667905
504.728441,212,1929.27105
232.899428,166,1932.664772
1082.930989,461,1935.860265
1081.899897,450,1937.293989
567.587367,234,1938.016035
84.119503,75,1940.774128
204.430918,151,1941.240261
275.477563,188,1941.844058
1083.058375,447,1943.104691
231.495223,173,1945.470073
74.06609,69,1945.635179
1082.255166,460,1949.587824
-8.067815,1,1949.615779
421.002291,271,1950.375523
114.283475,97,1950.687353
1083.088406,460,1951.999862
288.245634,177,1954.972786
506.085172,205,1955.550006
-8.048151,1,1955.573317
262.41515,181,1956.121282
566.174406,235,1958.62427
506.414708,210,1959.184805
899.926515,358,1960.250364
155.075045,122,1962.893109
568.84284,234,1963.571916
313.139743,195,1964.225024
236.665328,162,1964.679974
16.432488,34,1964.775567
283.588193,173,1965.255763
56.224902,84,1965.535124
475.914072,269,1968.213428
246.824811,154,1971.09358
377.619541,192,1971.564854
505.406875,209,1972.191503
899.893665,370,1973.360198
205.223016,136,1973.761214
58.737823,60,1973.932329
149.776602,117,1974.240986
414.703765,248,1978.083205
714.708216,292,1978.93537
458.03911,289,1981.626275
714.965148,288,1982.369136
313.593579,193,1985.661725
566.726611,242,1986.416041
414.494049,248,1987.066364
218.884459,152,1987.4811
232.337409,161,1987.97544
897.738097,376,1989.047062
898.63184,368,1994.182305
1082.275412,450,1995.492831
506.186271,208,1996.052382
715.879199,285,1999.362969
5.766918,29,1999.463017
567.578395,239,2000.07379
145.59228,109,2000.439564
567.291203,239,2001.172879
38.74395,92,2001.5363
506.037984,213,2002.138113
239.088038,173,2002.76527
328.729419,196,2007.291436
101.625262,91,2007.634623
110.379571,92,2007.84641
568.415429,229,2008.469448
1083.047389,459,2009.986961
568.576295,230,2010.654228
756.673304,340,2013.555043
715.132777,281,2014.347405
714.207935,288,2017.008078
506.652874,215,2017.56697
1082.654074,442,2021.140389
244.130656,146,2021.506079
80.487695,72,2021.757273
1082.337418,449,2023.049277
114.353788,98,2023.35927
233.069443,164,2023.825732
328.798926,192,2026.746856
145.83338,115,2027.119609
567.277557,239,2029.535437
117.061736,96,2029.924862
1082.72028,454,2031.250401
255.197913,174,2031.752154
504.991661,208,2035.011853
566.591642,236,2035.672017
252.904764,164,2036.147568
566.542987,246,2036.864655
715.343325,290,2039.492213
1084.994333,444,2042.981668
415.627523,239,2043.693843
232.499896,163,2044.217908
566.317462,238,2044.970378
505.614791,204,2045.515046
896.600554,378,2048.863864
4.332186,33,2048.981377
109.619419,94,2049.328475
714.715374,286,2051.978104
233.484686,148,2052.357603
336.475463,199,2052.986491
124.725904,98,2053.262205
414.862166,239,2055.781351
149.308455,121,2056.074116
421.714892,249,2056.876124
506.065485,220,2057.468153
1083.584722,446,2058.836498
1082.054331,470,2063.963156
414.834232,241,2064.704247
899.513704,360,2065.824917
229.185883,165,2066.289137
141.540777,112,2066.658145
122.210924,107,2069.196774
7.130337,28,2069.297312
715.001252,285,2070.195661
1084.608326,462,2071.82514
289.311367,182,2074.197399
257.817758,188,2074.653823
414.339402,245,2077.775577
898.111233,359,2078.840739
314.973192,191,2079.435343
715.387615,276,2080.238264
82.783696,79,2080.506068
1085.488497,441,2084.676608
232.588754,169,2086.98177
62.277915,72,2087.258485
149.576711,118,2087.642258
898.656419,363,2088.526305
714.450785,284,2092.304726
715.839913,293,2093.121916
149.959006,121,2093.482493
198.243636,153,2093.9575
1084.565551,459,2095.194645
233.001262,170,2099.746342
122.584084,112,2100.079401
82.111846,51,2100.300825
1081.675606,472,2101.636197
377.038758,184,2102.190441
1084.747064,455,2105.166617
567.851859,229,2105.85
1084.340533,442,2107.13234
1082.782134,454,2110.262413
312.408191,195,2112.654164
412.507167,234,2113.34554
70.090482,67,2113.520375
503.835219,207,2114.157944
218.470598,169,2114.694406
568.003044,226,2115.334782
82.785166,75,2115.572991
345.219698,211,2119.009437
531.196959,295,2119.881334
506.247372,197,2122.282493
714.86069,275,2123.036286
566.933403,228,2123.823475
939.931136,389,2127.004702
1082.9257,447,2128.326572
52.218286,90,2128.593678
714.660316,280,2129.465674
504.693845,217,2131.925085
715.310884,297,2134.365343
567.234449,232,2134.931447
26.880553,126,2135.319125
233.072561,165,2135.857319
345.164543,206,2136.394607
-16.051868,1,2136.42307
78.191628,71,2136.684093
430.857901,250,2140.453583
234.03461,167,2140.919592
14.980186,37,2141.065344
506.465699,207,2141.679725
79.784945,56,2141.812683
567.610711,231,2144.346647
267.614987,167,2144.890252
1081.232898,459,2148.658236
564.675548,241,2149.324039
-16.070665,1,2149.354336
297.198939,182,2149.889382
505.280513,205,2150.465979
1084.827129,444,2151.835147
1083.488727,448,2158.123399
295.554208,182,2158.663451
266.673924,185,2159.208168
343.377066,206,2159.788294
1083.563687,452,2163.752044
280.157493,197,2164.347007
113.750552,95,2164.627824
224.749044,162,2165.104145
714.967402,294,2166.026395
715.517808,283,2168.686795
82.708834,51,2170.745085
17.884487,52,2170.897081
34.976202,106,2171.197743
-8.046119,1,2171.224067
567.617709,223,2171.957944
506.301533,201,2172.520121
111.461024,94,2172.805587
1084.857363,437,2174.087859
1084.054891,443,2177.347529
116.41019,102,2177.819362
506.749278,208,2180.249617
1081.479712,483,2181.728701
868.825057,452,2185.010906
118.488196,94,2185.284422
121.534925,103,2185.586977
420.909683,239,2186.27946
16.512414,40,2186.41855
267.32912,176,2186.93722
286.922148,179,2187.408902
1083.339116,455,2193.449694
1082.055378,470,2194.868931
505.802229,205,2195.377343
411.460526,238,2198.361034
298.037512,175,2198.832161
505.607561,202,2199.421905
291.116133,182,2199.933041
16.283856,44,2200.063437
152.036546,120,2200.456295
414.010325,237,2203.143057
66.585174,69,2203.360076
714.855423,288,2206.789447
897.200266,376,2207.888714
567.35399,233,2208.55446
117.142535,94,2208.805711
76.3274,71,2209.017011
715.048608,280,2209.819465
901.136363,361,2213.442496
899.394192,368,2216.39259
118.966074,95,2216.755303
414.790017,243,2217.444024
415.257134,242,2218.131487
283.7267,178,2221.431574
233.680804,161,2221.897104
755.747707,348,2222.909824
79.310837,59,2223.095481
712.970965,292,2223.909014
229.799526,164,2224.39787
119.134085,101,2224.706497
1080.367002,465,2230.120668
54.760409,88,2230.389858
-38.384474,105,2230.723122
716.04336,290,2231.512361
898.446338,362,2235.042633
714.338468,286,2235.948035
14.916323,39,2236.042544
211.55878,152,2236.501303
1082.527119,440,2239.762459
506.737621,201,2240.429594
260.136362,187,2243.201568
316.007534,189,2243.759218
15.296429,41,2243.944362
81.961645,50,2244.110646
265.856845,189,2244.626616
-8.071712,1,2244.648932
288.164227,175,2245.186005
118.242944,105,2245.519925
566.552985,229,2246.231161
713.981589,291,2248.651346
505.695105,206,2249.221874
449.787965,289,2251.865036
232.623292,160,2252.4293
898.038898,361,2253.462898
412.593139,241,2257.267696
123.580989,100,2257.574982
74.735799,67,2257.824907
245.026665,183,2258.365017
287.051815,168,2258.902478
187.331063,142,2259.330061
59.672626,91,2259.655077
791.14334,401,2265.214024
808.871809,407,2266.299084
286.042772,178,2267.012686
244.601304,152,2267.586535
239.789469,151,2268.048954
80.070434,61,2268.242794
232.220909,160,2268.746971
256.659158,179,2271.189855
283.790481,175,2271.67921
713.74504,369,2272.834366
567.210497,231,2275.369339
211.325884,152,2275.776115
109.616242,94,2276.088612
714.772676,279,2279.250539
80.378008,55,2279.401984
49.230854,55,2279.574084
715.612058,282,2280.422513
256.341369,172,2280.979639
898.238955,385,2282.09708
505.583976,198,2285.048729
1082.501138,446,2288.06553
567.243388,235,2288.668564
216.554551,164,2289.181575
505.030724,209,2289.728306
124.488064,97,2289.992927
715.158908,284,2293.1314
1083.828259,456,2294.388393
347.915797,213,2295.054564
1082.439395,463,2300.457376
314.427995,192,2301.023943
66.044401,65,2301.27383
73.422869,76,2301.485629
506.540317,206,2302.133196
898.675798,361,2303.253252
261.442809,183,2303.864815
714.587809,281,2306.593853
566.654036,238,2307.241863
565.06117,237,2309.795085
14.746833,40,2309.928327
712.97039,378,2310.965369
939.411797,401,2314.331167
715.881794,277,2315.161791
1083.178021,440,2316.607509
81.977322,60,2316.760238
1083.185449,438,2322.124778
715.835276,283,2322.986458
159.661013,119,2323.33538
566.618526,240,2324.150561
411.293813,238,2324.865952
90.058586,81,2325.121314
413.451743,236,2328.268832
715.047007,290,2329.058427
714.829864,277,2329.832011
899.157707,370,2332.683195
97.201068,88,2332.941678
1081.984446,459,2336.139615
15.111339,44,2336.268554
414.984133,243,2337.05523
210.869183,149,2337.487441
456.631596,282,2338.356638
119.19479,96,2338.65361
83.416206,75,2340.927955
567.229547,239,2341.592872
109.657463,93,2341.84087
1083.705612,463,2344.955474
344.544902,206,2345.572831
715.357735,281,2348.084463
713.1508,288,2348.877505
506.015205,204,2349.465518
694.274961,355,2350.613706
295.248812,177,2351.061679
121.101946,105,2351.420182
505.879455,210,2356.803358
414.084994,245,2357.536439
413.76411,243,2358.222555
186.112211,147,2358.667002
714.501033,287,2359.515853
203.156307,149,2359.990146
273.50476,178,2362.442839
714.042613,280,2363.322176
337.133015,235,2363.988031
38.900226,81,2364.251216
82.436172,52,2364.468486
715.244904,284,2367.107119
203.752769,151,2367.473618
565.69487,227,2370.170876
567.046269,231,2370.774377
940.188931,399,2371.899492
505.194542,204,2372.532612
295.301199,181,2373.052938
47.426879,99,2375.366187
795.391946,428,2378.337028
100.609627,89,2378.611209
1084.513604,440,2379.846761
355.394721,216,2380.482283
283.525763,178,2383.869367
713.981785,289,2384.724182
297.622006,174,2385.264143
715.776467,287,2386.030086
715.4093,284,2388.705445
300.87635,180,2391.365305
141.177857,110,2391.797869
148.904082,115,2392.183344
505.991769,202,2392.813995
234.082272,163,2393.295328
566.526105,237,2393.998511
566.703011,232,2394.662413
1084.396528,461,2398.393867
566.178175,234,2399.020416
939.921818,395,2402.020468
715.161589,280,2405.309218
236.707465,161,2405.749752
714.480204,292,2406.604033
296.713902,171,2407.140524
320.753846,196,2407.671617
566.966359,235,2408.360118
291.859575,175,2411.302729
567.140742,236,2411.956224
505.713189,204,2414.312174
782.036285,396,2415.529818
148.59067,114,2415.895895
414.532128,244,2416.802228
454.930144,257,2420.145415
141.446073,114,2420.448226
15.23306,36,2420.597316
715.427956,286,2421.387758
567.171452,227,2422.019456
81.776199,55,2422.21101
414.444708,244,2424.763655
219.014114,156,2428.342124
1082.523068,444,2429.681579
15.051886,41,2429.815491
713.961375,290,2430.644332
421.386542,234,2431.374963
567.571029,222,2433.905111
344.677092,202,2434.55563
100.167732,94,2434.914173
283.38675,179,2435.469179
76.621583,63,2435.647118
80.41885,52,2437.583064
1084.694174,447,2438.877298
1081.445645,471,2442.29599
288.161096,168,2442.789177
-8.042239,1,2442.829459
262.317757,178,2443.365267
714.538937,283,2444.171079
444.28697,278,2447.329143
3.562405,26,2447.399544
714.619406,284,2450.041105
567.382226,231,2450.775666
350.075206,224,2451.366074
236.442694,162,2451.787165
900.061336,373,2454.855201
898.020765,358,2455.952841
1081.755949,439,2457.236048
100.047937,94,2457.555113
756.867834,337,2462.120839
506.395227,197,2462.82637
522.593463,286,2463.678602
504.725285,201,2464.241279
355.689948,207,2464.849405
230.363961,160,2465.426013
119.458017,97,2465.735339
715.174972,283,2468.847668
253.448676,157,2469.276561
1081.717104,459,2472.498356
177.698727,143,2472.873097
593.077229,321,2476.094668
567.173675,230,2476.747451
714.806802,288,2477.600308
121.335222,106,2477.893447
301.878536,182,2478.559047
81.967122,59,2478.731958
81.082723,53,2478.890918
505.739965,200,2479.519589
-8.050872,1,2479.545681
77.119515,65,2479.72615
-16.047312,1,2479.752375
287.347001,172,2484.567982
314.051611,184,2485.090699
5.751699,29,2485.225312
1084.333194,456,2486.490405
1082.176155,452,2490.439067
78.139982,57,2490.604576
790.695237,401,2491.808088
507.05002,193,2492.516214
232.272833,159,2493.072109
414.496588,243,2495.587188
208.085934,141,2495.982285
565.632921,237,2499.369573
506.652522,198,2500.098624
232.196047,159,2500.507317
102.017063,85,2500.78813
505.191061,200,2501.353544
336.190612,201,2502.020776
566.973783,231,2504.63152
15.205125,44,2504.824168
1082.443996,457,2508.040885
716.591014,279,2508.85077
231.773912,166,2509.304956
233.588401,160,2509.797215
714.477811,285,2512.707826
504.565133,205,2513.271196
568.224552,229,2513.951839
231.897402,165,2514.423931
565.960934,237,2515.130793
566.941715,229,2517.57889
288.496215,173,2520.531626
506.615805,201,2521.092677
505.989231,194,2521.705509
1082.356207,451,2523.091382
499.917749,278,2525.876281
565.666216,224,2526.575271
565.99173,239,2527.285264
567.069794,236,2527.960517
898.67361,366,2530.813271
942.873907,374,2534.265023
81.485371,52,2534.410254
80.416106,60,2534.576026
296.216209,186,2535.098077
218.668534,152,2535.594344
898.830748,376,2536.638572
79.327654,53,2536.826937
715.279472,283,2540.073701
81.682973,46,2540.186592
81.19995,57,2540.398523
564.801989,241,2542.832778
414.097989,237,2543.534336
15.176973,38,2543.67508
504.863697,202,2544.344944
792.858372,409,2547.944733
565.611449,232,2548.684427
714.963523,286,2549.458763
507.127852,198,2550.124464
506.026919,210,2550.744263
415.263989,245,2556.2493
505.799441,202,2556.896936
505.261781,207,2557.461212
422.702082,252,2558.224819
897.397316,377,2559.673041
898.494702,354,2562.609581
80.467058,56,2562.741314
276.709836,169,2563.293581
504.064875,200,2563.880456
714.820953,281,2566.454724
-16.066811,1,2566.483737
505.532508,202,2566.982799
713.419043,288,2570.088345
82.075373,48,2570.201311
156.635606,117,2570.576807
81.956759,53,2570.724174
413.773309,232,2571.446693
-6.010305,76,2571.698843
1081.112626,460,2573.044388
897.229557,358,2578.482522
82.19071,49,2578.618885
91.932481,39,2578.705868
276.05845,172,2579.206964
80.861614,52,2579.414356
232.163514,164,2579.8727
504.853157,200,2580.435442
111.540845,91,2580.768792
15.183464,37,2580.886699
1081.666319,445,2584.470928
1079.903759,466,2585.849129
505.116223,204,2586.411
102.127716,82,2586.718858
413.132523,232,2589.161574
256.054821,179,2592.315385
110.772781,89,2592.557548
817.364102,409,2593.697572
250.191732,180,2594.164654
756.353528,339,2595.168202
241.819675,168,2598.386571
153.099239,118,2598.686213
714.614278,286,2599.462754
715.231401,280,2602.055464
284.691748,176,2602.557716
414.356997,239,2603.278327
81.644653,55,2603.462881
295.662279,184,2606.822559
413.401963,240,2607.562027
22.414176,36,2607.6916
714.208995,286,2608.608707
82.18712,52,2608.778261
125.47518,96,2609.133782
566.422385,228,2609.85151
1081.825332,456,2615.301782
118.290966,101,2615.630809
142.978774,110,2616.127414
756.467392,340,2616.955491
81.297696,60,2617.155374
504.853589,207,2617.886045
1082.251804,456,2621.074125
715.523367,289,2621.818105
895.559285,361,2624.625724
152.214435,113,2624.921502
897.10764,369,2628.259744
413.388707,236,2629.010286
566.56206,230,2629.65519
504.11824,210,2630.308477
713.501337,292,2631.106237
565.840726,240,2634.491646
1082.56481,460,2637.743098
896.286316,367,2638.835042
413.912972,240,2639.531651
118.798476,99,2643.187807
757.326683,338,2644.199524
897.058186,360,2645.209229
81.49819,56,2645.378367
271.074036,165,2645.832301
566.759846,231,2646.47251
715.336442,282,2651.326163
565.379573,239,2651.969382
335.758251,197,2652.556147
40.168613,79,2652.809989
505.54606,201,2653.452435
193.85632,133,2653.858715
414.118914,242,2657.06125
505.902029,195,2657.659687
505.462538,196,2658.265209
506.04606,197,2658.920006
1082.653117,430,2661.89884
566.228806,235,2664.931056
895.996031,367,2665.987286
896.502552,365,2667.107705
413.233197,242,2667.826403
897.720707,371,2671.207956
152.901183,115,2671.63283
146.327296,124,2673.709934
118.481026,93,2674.004002
343.736335,203,2674.8505
715.417743,277,2675.605818
414.0269,237,2678.937716
231.069572,158,2679.480282
1080.1464,463,2680.717479
296.351268,179,2681.240425
566.423571,226,2681.966715
346.789872,201,2684.38515
567.5797,235,2687.25221
414.171994,238,2688.017313
505.65919,208,2688.563977
275.129042,183,2689.103947
505.292752,208,2689.664062
757.038025,340,2692.907059
413.479981,241,2693.657074
714.844102,292,2694.559901
504.285238,206,2696.952585
897.452952,380,2701.056392
99.880299,89,2701.344542
272.727928,170,2701.846821
567.439461,227,2702.492387
567.383573,235,2703.144821
233.896788,161,2703.545881
414.495482,239,2704.359566
505.930922,200,2707.288807
1080.116218,457,2710.511168
505.413716,197,2711.065075
414.406016,235,2711.780243
503.964757,207,2712.438634
125.567652,103,2714.851683
568.493962,220,2715.510771
897.593716,369,2716.556404
267.882411,183,2717.050579
714.309017,275,2719.709538
413.905912,234,2722.847152
897.495961,349,2723.890035
504.081985,203,2724.493701
567.008118,225,2725.147962
118.230711,101,2725.455079
810.941725,409,2729.560537
219.463443,160,2730.053522
896.200068,375,2732.930754
118.186952,102,2733.205066
566.70086,233,2733.82555
82.718486,53,2733.989796
110.788141,90,2734.269319
898.283198,367,2738.049145
121.434104,106,2738.352041
295.431789,181,2738.860833
-8.055319,1,2738.890489
505.819994,199,2739.463118
290.374693,179,2739.984436
117.567817,98,2740.246521
895.495305,361,2743.326323
119.166825,96,2745.38748
897.900426,365,2746.529179
80.910601,68,2746.741099
82.582041,54,2746.906921
898.671283,358,2747.877206
265.530931,181,2748.45834
110.826472,91,2751.059338
-8.064604,1,2751.092743
567.349064,232,2751.727861
896.652127,379,2752.838017
565.660256,233,2753.455178
897.361043,363,2758.248231
895.950144,347,2759.316699
79.434661,72,2759.529686
504.767526,202,2760.060232
714.063251,286,2760.778703
218.130732,148,2761.410813
897.913816,370,2765.010914
714.009017,275,2765.800213
118.101367,95,2767.905158
464.237707,280,2768.620388
789.697051,409,2772.138931
153.807149,116,2772.464854
896.385091,365,2773.505362
1081.358512,435,2774.758529
27.951979,270,2775.482436
505.490218,198,2780.292078
-105.042755,483,2781.636714
566.703113,229,2782.340834
757.518718,327,2783.336376
211.516137,148,2786.397023
413.437518,243,2787.185303
354.253273,202,2787.808337
714.045888,291,2788.727084
505.608781,201,2791.080349
505.888353,204,2791.596586
503.966649,211,2794.516346
580.426265,312,2795.395594
297.72999,183,2795.958031
568.382071,222,2796.539706
-16.055071,1,2796.565173
14.950912,40,2796.716623
429.611419,246,2797.476145
492.504823,271,2800.919988
714.966204,276,2803.525389
567.00122,232,2804.123516
567.124312,230,2804.860131
78.369787,60,2805.023153
14.430773,43,2805.169944
940.451706,374,2809.138164
1082.465925,465,2810.448408
413.254519,239,2811.134465
715.934724,279,2811.932936
505.847756,200,2816.837495
260.205753,181,2817.34244
283.724974,179,2817.841559
757.921019,342,2819.024454
414.479277,232,2819.686307
146.420274,106,2820.082439
713.464614,279,2823.753117
757.018588,336,2824.722785
566.852731,237,2827.26082
52.04629,84,2827.516286
898.696159,371,2828.482412
429.836578,253,2831.504571
504.927189,201,2832.038987
292.848169,174,2832.517265
87.271503,56,2832.706803
504.820158,207,2833.270899
1082.26019,439,2837.027545
266.377715,179,2837.55916
941.190018,387,2840.591286
712.977668,283,2841.403158
506.754945,206,2841.944089
413.121441,244,2844.359399
1081.302979,448,2845.585182
713.810691,290,2846.397263
421.296752,241,2847.11433
77.575422,67,2849.091229
73.060661,70,2849.278404
148.708769,114,2851.382027
256.152554,171,2852.010847
124.035084,100,2852.330185
248.064434,163,2852.858501
413.595109,243,2853.572819
-16.065962,1,2853.603423
897.771154,361,2854.7003
203.435933,140,2855.087029
714.578784,287,2858.478647
218.472546,153,2858.878418
712.865844,292,2861.635141
566.993481,227,2862.255315
713.329935,283,2863.104347
507.135368,196,2866.401928
506.637198,205,2867.013502
713.950244,288,2867.864942
414.282149,232,2868.573182
342.190767,207,2869.216778
896.104099,362,2874.755925
247.821759,166,2875.288191
566.692724,229,2875.977377
566.938818,230,2876.680269
716.111681,280,2877.4228
503.779492,208,2880.334292
105.601705,94,2880.579216
149.355912,112,2880.940114
196.915267,150,2881.485334
755.305683,339,2882.520586
92.501536,41,2882.632987
121.861526,105,2882.906254
279.911546,185,2885.315936
712.308449,284,2888.686567
506.661272,205,2889.287775
1080.22971,442,2890.69706
714.284615,275,2891.579909
234.124486,161,2892.109179
1082.614233,438,2895.910615
713.022553,286,2898.583731
197.106343,153,2899.030655
504.774304,208,2899.600015
41.001286,78,2899.870533
231.898759,154,2902.55715
714.669568,288,2903.362985
756.778837,324,2904.362767
413.312563,239,2905.024132
755.95152,334,2905.998261
81.964115,55,2908.682829
282.220868,174,2911.094299
897.814851,372,2912.156954
15.070083,40,2912.299458
184.270468,124,2912.655583
566.853689,235,2913.364253
896.337072,372,2916.942455
564.934866,227,2917.650449
414.267626,239,2918.339864
356.898046,212,2918.983804
249.186563,171,2921.323133
343.545243,206,2921.881861
218.443714,155,2924.849939
1081.536509,451,2926.151864
210.770619,149,2926.662938
896.358828,360,2927.680826
217.015714,154,2928.181421
755.273067,334,2932.890681
714.600572,283,2935.576896
566.339106,234,2936.238127
110.372607,88,2936.600268
80.777648,54,2936.730547
329.416039,191,2937.291984
899.022383,361,2940.687735
243.817413,150,2941.113977
504.868788,199,2941.65534
-7.440835,600,2943.540256
566.320983,236,2948.294624
715.301395,269,2949.029295
116.906603,97,2949.308905
898.01731,357,2950.283589
219.634858,164,2950.770902
420.229816,257,2954.16482
249.383442,181,2954.672503
1079.43697,469,2956.212062
220.357886,157,2958.476909
15.40169,37,2958.617285
407.573077,270,2959.318691
284.615401,176,2962.771633
897.894549,368,2963.857119
897.428293,368,2964.892236
91.950703,39,2965.00226
-8.044666,1,2965.032424
505.23948,203,2965.62197
211.882131,145,2965.982768
336.648124,197,2968.892432
713.693453,291,2971.627907
505.08548,199,2972.176321
755.42849,352,2973.221978
14.882081,49,2973.368603
119.227107,97,2973.698445
39.062167,88,2973.939429
1080.663473,457,2977.963091
565.834076,230,2978.641909
110.681252,95,2978.961274
897.552288,367,2981.818995
343.297078,204,2984.680489
455.892345,277,2985.38403
231.107923,154,2985.884194
90.166836,44,2986.03763
898.41539,369,2987.205012
421.094892,270,2987.976843
898.273924,365,2991.208808
1082.365266,447,2994.226581
117.338132,97,2994.512435
232.575506,166,2995.049206
102.226735,85,2995.363539
119.226515,96,2995.615297
92.29739,40,2995.726199
18.513071,40,2998.101239
896.551487,357,2999.078524
414.902739,233,2999.776715
41.878695,125,3000.14014
897.136154,375,3001.32596
283.812196,173,3003.918757
80.94352,72,3004.14151
756.702998,332,3006.855933
754.827918,339,3007.944271
462.791124,292,3008.771083
1082.966149,447,3012.45493
7.15762,32,3012.560069
91.689344,41,3012.719971
897.578304,363,3013.676672
1081.50712,457,3016.844391
310.544488,187,3020.270128
898.407845,369,3021.251107
116.838736,95,3021.522702
897.759992,375,3022.621324
636.683624,336,3026.482272
99.169431,92,3026.840011
503.498264,213,3027.420443
897.723981,360,3030.301537
505.892684,201,3030.758828
78.271662,67,3031.114445
896.822012,368,3034.29105
1080.38509,447,3035.803907
91.052159,41,3035.931749
714.093538,286,3036.704638
14.907002,40,3036.806972
159.595418,118,3037.167704
18.563487,46,3037.327691
896.771297,373,3042.620757
896.834088,363,3043.599299
1080.800784,446,3044.932266
566.867872,231,3045.594153
413.226128,240,3048.448976
221.521601,160,3048.87979
713.682553,286,3049.651703
219.09214,143,3050.129127
897.666487,354,3052.893843
140.070928,109,3055.206217
1083.279952,443,3056.590184
-8.043423,1,3056.618171
505.638631,205,3057.216407
505.568976,207,3057.797895
1080.879085,450,3061.481437
336.026134,199,3062.027688
566.905983,227,3064.493462
296.75872,173,3064.975684
1080.434846,461,3066.315849
413.83442,267,3070.120397
567.355209,228,3070.698582
755.694233,337,3071.71456
565.971828,232,3072.4062
504.828532,205,3072.947818
117.973264,99,3077.635133
354.675143,204,3078.229792
939.362189,380,3079.314136
504.192753,206,3079.907455
412.84691,241,3080.564704
405.59373,262,3083.664511
90.012762,44,3083.813299
439.163065,254,3084.500135
712.774858,285,3085.280997
414.896014,242,3087.869607
1080.298659,439,3091.971971
897.231885,372,3092.978992
413.207134,268,3093.807632
218.122837,156,3094.311929
1079.900639,451,3098.079682
755.952606,338,3100.922706
788.718372,410,3102.151797
291.738196,179,3102.6849
941.049678,381,3106.363949
420.518907,242,3107.122922
564.667989,229,3107.727578
220.694865,171,3108.202683
714.036078,287,3109.031208
567.015282,234,3113.634764
236.861149,163,3114.203932
566.524848,230,3114.904082
756.316284,328,3115.891043
782.162783,395,3116.994504
101.801292,94,3117.274003
82.651642,51,3119.589927
228.196324,168,3120.134822
504.681323,204,3120.801191
80.254037,57,3121.000664
273.133851,168,3121.509596
895.797457,356,3124.373446
1082.970068,432,3128.397996
627.143632,335,3129.303628
267.018626,188,3129.888254
470.577759,278,3130.629894
82.204025,54,3130.82314
1081.518675,446,3136.486386
414.483074,273,3137.410727
896.272702,369,3138.375752
287.105729,174,3138.933186
714.565494,274,3141.773275
896.274331,372,3142.880362
148.582097,114,3143.212942
279.020536,186,3143.710232
504.72116,199,3144.265371
290.810349,200,3146.649959
427.132174,276,3150.180554
92.102598,38,3150.300456
1081.264149,435,3151.47481
82.593204,46,3151.602835
712.482791,286,3152.471408
939.654627,396,3156.03106
627.289799,335,3157.093955
343.16848,202,3159.491837
219.395029,147,3159.898587
714.605738,294,3160.883091
505.385101,209,3163.9561
101.744112,90,3164.216439
897.460254,351,3165.17377
505.042631,205,3165.840293
208.761647,138,3166.283871
149.341609,111,3166.551783
342.466346,211,3167.125529
91.77805,38,3167.240931
505.576834,198,3171.99755
897.010653,365,3173.016826
83.23682,47,3173.220321
245.361834,171,3173.712272
92.318751,39,3173.825224
92.403823,37,3173.985527
151.804227,114,3174.273867
329.107102,191,3174.836959
564.658011,238,3177.84263
566.935688,238,3178.593803
431.507194,248,3179.335166
1080.879466,463,3182.633476
150.095757,112,3182.976292
5.272277,31,3183.139061
217.363763,158,3186.476369
714.770337,282,3187.35158
897.720711,360,3188.355918
398.177463,259,3189.150397
756.586441,340,3193.181811
714.129718,293,3194.155697
565.947718,234,3196.696725
297.413349,179,3197.155888
112.769375,89,3197.425557
92.653132,37,3197.539832
755.800561,331,3201.571246
93.292065,40,3201.670598
713.73445,290,3202.491588
209.982072,147,3202.881717
90.016247,42,3203.003193
714.588899,277,3203.813139
756.391922,337,3204.772447
938.921701,393,3210.303253
423.370333,242,3210.969581
897.204474,356,3212.044062
443.399294,304,3212.881048
1080.504349,458,3217.087639
713.564898,284,3217.94069
505.041037,201,3220.296405
896.762763,372,3221.435738
1083.005025,446,3225.229168
281.193025,193,3225.804366
436.845884,313,3226.767945
119.244646,97,3226.991124
505.45564,193,3227.558274
713.261016,279,3230.652453
109.906286,97,3232.772943
565.071338,238,3233.438165
713.902357,293,3234.296062
438.894235,280,3235.079486
897.072768,369,3238.220799
80.342491,62,3238.39408
897.222063,367,3239.561892
715.916056,281,3240.514827
414.172974,237,3242.883552
1080.900267,441,3245.918593
413.054002,240,3246.649843
627.957766,342,3247.668761
1080.848121,443,3251.355786
151.941073,117,3251.702385
713.764044,292,3252.514685
895.497034,382,3255.389106
565.830375,234,3256.232006
216.852395,158,3258.62447
564.355203,223,3259.302994
469.036917,306,3260.241355
80.311047,50,3260.434415
807.295819,433,3261.732337
566.588007,235,3264.674123
897.84079,360,3267.519716
-4.782679,15,3267.635562
415.052606,259,3268.382584
1079.887675,463,3269.685169
261.363027,174,3272.504304
504.891941,207,3273.189652
564.573807,238,3273.917485
714.588381,295,3274.748233
897.252084,359,3279.718485
1082.858429,443,3280.988425
413.075165,237,3281.604061
713.616421,280,3282.433375
896.446324,368,3285.888562
210.114602,147,3286.339296
566.266091,233,3287.09095
462.894803,330,3289.835251
565.869901,228,3290.517452
232.846924,164,3290.999452
482.144721,341,3294.588426
713.881442,287,3295.473317
80.260165,48,3295.618003
83.387823,49,3295.739321
91.647972,36,3295.902644
504.792052,215,3296.458415
567.214837,226,3297.182506
8.978058,33,3297.307124
504.438293,203,3300.953216
65.075362,65,3302.939733
-8.04791,1,3302.968893
212.366268,156,3303.370897
346.996781,199,3304.045795
335.399509,209,3304.606814
14.689997,39,3304.759598
566.903499,230,3305.382191
118.964419,92,3305.624101
79.798401,75,3305.932653
120.937114,106,3308.450719
713.936109,296,3309.240794
1079.801205,455,3310.576769
565.625369,242,3313.065554
296.368617,179,3313.644345
1081.078882,449,3317.395077
1078.798829,466,3318.650662
92.001665,42,3318.789196
504.588206,202,3319.318928
231.495289,163,3322.232014
456.225326,326,3323.112199
565.363176,232,3325.491018
461.763424,291,3326.378484
78.823241,65,3326.551933
505.739536,206,3327.085259
713.52591,290,3331.046981
938.97754,401,3332.254377
109.279821,88,3332.463676
756.098773,330,3333.54439
713.977779,282,3338.114062
-16.069,1,3338.144419
896.280575,372,3339.153964
122.734449,108,3339.440799
343.782492,199,3340.060258
413.652453,238,3340.764472
564.719521,240,3341.392307
232.405462,165,3345.230445
504.429805,209,3345.885353
3.267675,27,3345.959021
1079.742453,468,3347.309341
503.959524,206,3349.711474
71.592429,70,3349.865613
217.156629,157,3353.515385
1079.364102,463,3354.966218
117.070934,90,3355.238403
565.699133,229,3355.904553
412.813907,248,3356.696496
14.861056,41,3356.82906
712.545242,292,3360.50882
211.165404,156,3361.058782
501.86561,281,3363.547843
565.15103,236,3364.241177
98.564217,90,3364.483267
7.070761,30,3364.566958
896.609611,379,3367.980361
231.088069,163,3368.453841
503.669958,210,3369.052605
1082.367461,448,3370.365732
286.715309,175,3370.894603
414.70852,261,3375.909846
466.722161,341,3376.871486
566.376344,230,3377.564998
197.644434,151,3377.969857
714.537739,287,3378.745577
321.793591,185,3379.316893
231.695559,162,3382.326462
-8.04911,1,3382.351569
755.724959,334,3383.312152
286.959283,182,3383.824922
79.722465,75,3385.86473
141.657598,112,3386.221582
-8.076679,1,3386.247164
1079.84453,445,3389.840322
362.154055,222,3390.40034
565.373764,226,3391.263986
1080.22036,449,3392.591188
260.468604,182,3393.147201
-8.05789,1,3393.23297
414.054968,246,3396.111691
714.310651,283,3398.86071
357.206787,212,3399.411319
1083.145083,442,3400.717429
566.458295,229,3403.771561
81.767969,48,3403.906439
1081.410129,468,3405.249681
439.798065,308,3406.130789
152.230127,120,3406.458874
1079.016094,468,3412.122674
80.250635,71,3412.361174
896.794255,380,3413.35003
79.381492,57,3413.518824
565.38745,232,3414.167417
287.917963,173,3414.64258
15.012416,41,3414.767361
355.823178,211,3417.55213
504.697366,208,3418.075461
16.912022,48,3418.210802
504.180484,209,3418.786415
505.008037,213,3421.254713
715.422184,292,3422.063236
1079.297516,479,3426.211096
503.776008,202,3426.823932
505.423393,206,3427.50867
94.760223,90,3427.756894
1081.858378,462,3431.807427
61.49325,76,3431.980051
199.776998,138,3434.186982
149.094097,110,3434.566236
503.421009,215,3435.113602
504.970632,205,3435.738728
465.898397,359,3436.841092
232.657495,159,3439.310877
101.799189,86,3439.555106
506.556648,279,3440.373437
108.284679,97,3440.733738
1080.927388,447,3442.185084
567.108713,236,3444.723852
712.536594,277,3448.468088
940.400025,384,3449.534884
57.884207,87,3449.861378
714.031987,284,3450.731351
755.31644,362,3453.810991
80.51437,73,3454.0324
713.589769,274,3454.842476
899.280162,373,3457.767063
896.28958,378,3458.970961
1078.7381,462,3462.992234
1080.288256,455,3464.492269
119.212787,97,3464.86657
1081.493544,452,3470.953203
564.820093,246,3471.616532
713.385211,298,3472.422387
793.970653,402,3473.542891
404.682145,245,3476.237319
218.728213,152,3476.705916
757.267328,334,3477.657118
3.288405,26,3477.804321
202.956584,150,3478.234515
355.282377,212,3480.669125
504.471765,212,3481.259047
895.353824,383,3484.960346
277.253929,169,3485.534369
713.227915,298,3486.390765
426.861431,274,3487.137046
564.467069,241,3490.58498
410.993571,245,3491.240556
205.308797,147,3493.512315
79.615729,73,3493.726826
110.639183,95,3493.981743
283.240137,174,3494.430501
100.647858,84,3494.644763
79.203479,76,3494.906266
34.398598,83,3495.162937
1081.365701,467,3499.073397
219.163867,160,3499.508428
185.807683,150,3500.00603
152.776542,124,3500.351452
79.742528,76,3500.554807
246.704085,172,3501.179245
330.369683,220,3501.826168
142.180987,114,3507.05812
566.246815,229,3507.749992
505.183757,198,3508.220484
116.019477,99,3508.47211
152.703789,115,3508.796832
144.522865,117,3509.212191
81.420953,54,3509.391881
412.607527,244,3510.160378
896.577235,373,3513.799019
895.546189,382,3514.91076
1082.568307,465,3518.14567
895.978122,361,3521.222741
713.311571,295,3522.007354
896.340836,381,3523.145396
414.839774,246,3523.889323
1079.661899,460,3527.856493
119.291602,99,3530.081672
413.532198,244,3530.740666
429.732533,249,3531.445613
897.292996,377,3532.487274
466.90154,311,3535.632968
1080.514843,459,3537.080958
3.216379,23,3537.143113
506.36929,201,3537.803929
791.968738,421,3543.455333
235.843121,165,3543.912125
712.482259,290,3544.819546
1081.740134,443,3546.016701
566.034904,242,3547.945914
80.127553,75,3548.203664
37.12272,92,3548.530709
895.217492,375,3549.530989
564.135817,243,3552.113393
14.740159,38,3552.255414
715.311613,290,3553.078507
1079.645175,449,3556.774483
463.052064,326,3557.736549
755.634987,345,3558.843254
463.546829,324,3562.509585
91.556944,42,3562.631476
1081.165578,457,3565.825845
713.464744,285,3566.706193
125.961127,97,3567.051096
755.474769,341,3571.169443
354.788773,218,3571.748312
897.517732,372,3572.867868
564.098838,236,3573.516014
1084.499337,434,3578.596808
505.696408,208,3579.176157
756.344654,332,3580.159953
714.843342,285,3581.029736
123.875891,95,3581.368437
1081.846292,451,3585.011569
296.969342,178,3585.566113
938.463223,395,3588.442239
1080.630097,447,3589.729604
565.891155,242,3593.339885
897.218378,358,3594.308529
566.451415,228,3594.929972
1080.713464,464,3599.243895
318.001271,197,3601.605405
81.44639,53,3601.780428
564.473516,238,3602.421779
714.669507,284,3603.272125
117.118454,98,3603.486144
1079.848744,459,3606.825418
940.47775,372,3607.866086
217.671376,169,3608.391707
505.74625,210,3609.010044
504.974236,216,3611.481123
712.554266,285,3614.765176
894.140037,374,3615.769268
1081.37,447,3617.110598
81.768121,49,3617.267056
505.420833,209,3617.875986
211.103911,153,3621.040644
148.986285,114,3621.465199
505.059003,212,3622.089753
755.070809,353,3624.821866
566.695068,230,3625.521943
1080.884655,459,3629.58376
1082.204513,444,3630.928854
1080.731853,451,3632.273102
210.218447,152,3634.506543
141.989482,109,3637.612442
504.127413,202,3638.068468
217.27862,168,3638.513113
265.4888,181,3639.061927
1082.266266,458,3640.318683
506.321907,207,3643.223581
150.245491,121,3643.646862
219.738249,162,3644.072751
712.914717,284,3644.831264
412.293345,239,3647.365058
73.611298,67,3647.534399
151.902073,113,3647.908786
186.178775,149,3648.36444
564.805117,241,3652.458867
148.958511,115,3652.825909
91.190559,40,3652.946059
567.214801,235,3653.688527
92.327379,41,3653.831285
412.836162,242,3654.633162
504.514384,213,3655.200959
226.213613,157,3655.686393
504.554122,207,3658.272039
895.988326,372,3661.237693
1083.557183,455,3662.449402
895.118899,377,3665.900429
119.266066,94,3666.299772
756.322936,315,3667.159812
297.274424,180,3667.792635
420.653014,248,3668.458884
506.003252,196,3670.776648
714.561265,279,3674.45913
491.123765,276,3675.216306
323.256333,199,3675.882181
1080.873038,454,3677.167669
296.31551,188,3679.376347
565.60578,224,3680.272815
714.443527,279,3681.174101
713.475062,289,3683.728856
243.558243,177,3684.212116
414.879969,240,3687.72974
504.85498,210,3688.268712
456.777511,285,3689.11382
152.092045,119,3689.50425
898.237242,358,3690.482194
431.267249,242,3693.551204
896.518762,376,3696.427284
-6.528471,13,3696.499666
1081.636952,460,3697.872129
1080.397166,445,3701.290547
756.254262,331,3702.268984
714.961449,286,3703.1234
90.209311,89,3703.37082
426.555889,274,3705.896491
248.192181,178,3706.471357
19.747504,43,3706.693027
756.056882,346,3710.080101
897.607857,360,3711.128377
291.554628,178,3711.619308
566.768174,233,3712.307883
897.022532,372,3715.986343
504.809435,209,3716.542875
713.077979,289,3719.238003
566.753188,232,3720.010039
898.33114,352,3724.448781
895.455425,374,3725.527817
74.497698,69,3725.686567
565.76023,229,3726.256754
268.575865,180,3726.922336
91.769866,41,3727.034312
755.87044,327,3730.738081
226.023623,175,3733.040237
225.203125,161,3733.483878
267.800484,173,3733.93872
151.587754,119,3734.306422
120.447988,109,3734.66167
851.471882,428,3735.926371
897.623114,366,3739.961243
413.235249,237,3740.621124
565.605088,235,3741.293232
414.685011,241,3743.749843
1081.60037,449,3747.169872
714.812043,281,3748.054955
565.479847,233,3748.811728
566.06979,240,3749.53227
413.541937,235,3750.151158
414.131888,241,3753.879951
1082.157704,452,3756.963962
505.032773,207,3757.599308
899.189236,357,3758.501535
505.878176,207,3761.553261
343.241093,205,3762.125817
896.894718,367,3763.131357
1083.044717,448,3764.367362
519.437867,322,3769.891192
1080.346875,457,3771.138285
204.834479,131,3771.531317
429.719696,249,3772.241517
507.049675,198,3775.261339
1081.691735,435,3776.487724
213.448082,158,3776.982986
8.024869,36,3777.094948
110.884206,91,3777.346528
1081.471571,437,3780.39181
155.232248,120,3782.692811
506.041354,203,3783.36017
566.325367,224,3783.973907
123.917072,99,3784.322134
504.838489,201,3784.896996
79.140715,73,3785.131778
567.154462,222,3785.78395
210.473448,160,3788.043073
205.101493,147,3788.516056
145.001388,121,3788.83644
1082.230518,441,3791.834364
712.85357,285,3792.733764
713.453231,287,3795.97213
1080.232439,445,3797.329714
715.918295,390,3798.442649
283.429966,170,3799.015042
506.078314,197,3803.317769
565.881631,223,3804.067473
119.091961,96,3804.33438
89.411806,53,3804.51547
19.619126,61,3804.697508
267.864885,182,3805.287775
81.422214,53,3805.445483
506.370976,201,3806.011925
120.522558,108,3806.354628
224.350961,162,3806.798164
503.681128,198,3809.690964
566.006975,230,3810.38435
-16.076365,1,3810.413308
91.795152,44,3810.592667
715.157984,292,3811.402098
1079.951428,471,3814.509099
481.25291,325,3817.707007
566.335951,228,3818.404923
108.406379,100,3818.67612
567.384521,222,3819.312261
117.987696,98,3819.670479
1081.306362,439,3823.497721
54.283823,57,3823.671865
282.538606,180,3826.099082
290.45158,205,3826.593546
231.734538,160,3827.030357
506.141957,290,3827.917937
8.398661,29,3828.018095
23.399796,41,3828.166999
6.836531,29,3828.263571
897.340601,363,3832.445215
567.279468,239,3833.217852
566.160316,230,3833.865501
145.932925,119,3834.250112
756.123533,336,3837.024988
895.013103,377,3840.700994
713.757148,287,3841.44261
505.575538,218,3842.115884
212.010228,152,3842.575719
713.014671,286,3843.327921
15.439828,34,3843.438544
712.720589,280,3847.211936
412.735629,241,3847.874474
431.140998,246,3850.388017
218.76753,155,3850.887174
280.044731,199,3851.369235
939.954127,388,3855.094296
93.312499,42,3855.233527
897.326748,359,3856.202265
505.711009,202,3856.910509
152.573886,117,3857.26336
80.391758,73,3857.472695
714.915355,277,3861.029168
412.484359,241,3863.588126
152.733084,121,3863.943435
92.276589,42,3864.085091
1081.005919,439,3865.37492
567.006905,237,3865.941071
1079.245553,468,3870.079782
567.167534,242,3870.798373
566.412509,232,3871.401506
898.109122,353,3874.21701
896.745083,369,3877.198238
480.565686,306,3878.069742
212.556934,152,3878.615097
714.055864,282,3879.492252
1078.308599,470,3883.80022
119.110611,98,3884.133343
755.150019,348,3886.974882
92.444674,40,3887.110956
715.178584,273,3887.968225
713.290202,284,3888.796705
4.262205,26,3890.996432
274.873726,193,3891.562672
567.342314,229,3892.211748
896.822697,355,3893.259697
113.861261,91,3893.578366
293.659333,183,3894.144616
566.235722,240,3899.205725
82.042024,52,3899.423603
413.373531,238,3900.143863
433.137246,274,3900.937081
565.335484,232,3901.593688
-16.040941,1,3901.616989
506.000782,206,3902.272957
93.224228,38,3902.374087
80.667137,60,3902.620541
279.532447,188,3906.179568
714.196389,284,3906.945911
231.318487,163,3907.370519
67.110415,79,3907.612381
1079.254895,463,3910.699101
1080.101556,435,3914.831752
289.71591,172,3915.315223
566.709278,233,3915.921364
79.100198,71,3916.214067
567.30938,229,3916.842221
92.292289,39,3916.95983
84.323983,89,3917.258628
505.332121,193,3920.780689
123.199703,98,3921.042784
80.214337,61,3921.203936
224.13006,164,3921.678857
712.76824,378,3924.57473
564.993084,239,3925.228019
567.406312,222,3925.836794
711.822596,288,3929.028326
97.463163,82,3929.294857
503.876781,208,3929.854786
413.646845,240,3930.618803
409.835038,233,3931.225394
462.287075,295,3937.160822
413.643565,239,3937.899783
1081.019871,445,3939.21718
91.585906,37,3939.356946
756.955,340,3940.338245
805.611356,429,3944.107296
390.094123,237,3944.929258
414.190332,236,3947.384839
148.631027,120,3947.69656
567.44131,234,3948.422356
225.478042,168,3951.511835
1081.098806,462,3952.92907
143.796448,120,3953.296525
755.908665,334,3954.25122
341.413064,196,3954.834104
92.579907,37,3954.964373
283.272139,169,3957.79543
504.21589,211,3960.296258
713.144971,282,3961.076736
505.05247,196,3961.638911
-8.044265,1,3961.662038
897.094801,362,3962.807927
228.099765,171,3965.29063
897.578715,372,3966.303607
464.226444,274,3967.132431
290.0923,177,3967.67239
567.216189,230,3970.211464
151.694145,123,3972.991547
91.671057,44,3973.102771
755.420219,361,3974.092435
103.340467,89,3974.378288
429.59298,247,3975.134021
755.286428,357,3976.129359
712.119224,298,3979.781556
83.278801,52,3979.910576
565.214857,235,3980.633899
505.538486,200,3983.019581
713.135442,291,3983.791167
412.444481,242,3984.501548
755.144623,344,3988.44578
506.027501,211,3988.985415
314.574289,188,3989.602425
7.206023,28,3989.700283
-8.048268,1,3989.727349
155.040292,121,3990.05028
376.252428,217,3990.652267
92.026611,42,3990.803209
219.379424,149,3991.229599
566.514576,231,3996.499776
429.91032,242,3997.249082
312.71557,190,3997.855339
-16.087099,1,3997.881376
90.305236,42,3997.98824
206.793805,134,3998.389143
566.260535,230,3999.018355
505.690456,206,4002.234349
14.751776,40,4002.326272
505.257661,205,4002.910674
609.021407,342,4003.977324
-8.052016,1,4004.004663
84.997764,52,4004.177416
93.241243,39,4004.277103
755.494326,349,4007.053638
411.781278,242,4010.515786
896.709123,356,4011.465861
1080.967813,456,4012.802579
712.595116,277,4013.646354
411.528949,242,4016.392217
1080.257781,453,4019.683035
-16.047441,1,4019.708306
711.864315,296,4020.619525
897.995124,359,4021.669097
896.27248,374,4025.519821
504.25194,204,4026.034748
108.021113,64,4026.218526
470.085158,310,4027.125699
565.6283,230,4027.689225
464.755615,312,4033.403183
506.263815,200,4034.025807
507.965876,198,4034.599714
712.622539,286,4035.396268
310.947482,195,4035.9953
142.029398,110,4036.3009
713.062497,284,4039.606638
755.276243,347,4040.622191
313.756073,186,4041.23504
565.847288,238,4043.693758
896.455769,365,4046.659082
1081.630868,440,4048.080937
566.608251,242,4048.700522
91.639535,35,4048.805601
210.632573,157,4049.362298
224.290829,155,4049.780393
7.498758,31,4049.883533
119.055565,107,4053.758678
241.42015,154,4054.196238
453.011055,258,4056.720278
212.334828,161,4057.21192
16.33141,40,4057.325831
474.422912,305,4058.13792
1080.846513,458,4061.867394
757.235825,326,4062.898676
1078.991545,455,4064.453631
117.661498,103,4064.739219
187.611236,143,4065.132518
507.171563,203,4069.862853
713.749369,293,4070.699735
93.229545,38,4070.826051
713.049779,290,4071.653607
712.584497,294,4072.588969
714.285166,285,4076.54778
565.710799,234,4077.186083
413.285285,233,4077.839841
102.501548,86,4078.110015
209.917047,147,4080.32403
714.766365,284,4081.23409
295.847351,179,4084.286949
414.584782,240,4084.953074
-16.081196,1,4084.97772
14.169946,35,4085.080903
1082.195234,436,4086.310165
81.441271,59,4086.552088
895.362834,386,4087.642277
504.481743,204,4090.420793
88.964373,41,4090.541516
273.759169,208,4092.963086
121.137783,107,4093.233891
504.568268,191,4093.790507
15.274653,41,4093.934451
756.673569,339,4094.97054
1079.122834,448,4098.817452
152.541697,124,4099.150021
50.249291,60,4099.421474
414.263092,237,4100.158689
413.914795,239,4100.927827
896.197435,376,4106.783794
1081.319117,453,4108.016949
566.080259,235,4108.736592
1082.34577,451,4110.210225
-8.074412,1,4110.236291
259.525166,174,4113.2641
610.021909,337,4114.22849
218.757169,146,4114.751043
565.762588,229,4117.10645
468.563807,325,4118.065591
14.930098,36,4118.175647
1081.361184,452,4121.416737
504.626908,200,4121.927098
109.901259,91,4122.263104
110.075686,93,4122.474823
121.626987,108,4122.835814
440.240765,317,4123.792944
713.042573,290,4128.937748
210.130735,159,4129.374194
712.583702,287,4130.239776
1080.09534,449,4131.585396
218.728254,141,4134.970378
1080.921573,446,4136.159719
505.541928,190,4136.680826
565.857149,235,4137.377419
898.277403,372,4140.190492
564.515949,229,4143.238439
757.841989,314,4144.125832
712.221681,290,4144.90037
625.181685,339,4145.869846
756.203344,340,4148.733742
714.802961,283,4149.474768
897.658109,356,4152.215606
428.405339,255,4152.947572
4.536516,26,4153.019313
457.963814,279,4156.301108
461.646574,299,4157.242521
117.223946,107,4157.5738
794.683597,414,4158.681027
466.740495,315,4162.30435
491.416678,282,4164.970569
505.280338,204,4165.514431
504.278845,205,4166.146723
15.692884,34,4166.25254
244.738101,180,4166.838432
256.910629,159,4167.322787
566.617185,227,4170.491681
566.430007,229,4171.200658
148.234466,124,4171.540238
755.376951,342,4172.603896
1082.228194,450,4178.158653
102.177183,87,4178.425184
566.183588,231,4179.04521
83.35618,51,4179.262275
235.679456,158,4179.772263
430.347484,242,4180.40938
1080.00017,442,4181.65142
443.749321,255,4185.189803
1081.621299,433,4188.213654
713.39134,281,4189.022157
430.322439,245,4189.688381
210.400636,156,4192.504013
755.416395,341,4193.369323
1079.990078,444,4194.742802
506.213058,207,4195.334271
564.491774,236,4200.942351
474.200124,265,4201.617659
257.634362,170,4202.090032
506.27794,208,4202.656031
713.928132,282,4203.486682
714.017613,282,4206.583471
504.78563,206,4207.267771
940.134111,371,4208.240628
566.419244,226,4210.84101
1082.221033,445,4214.393143
712.547181,289,4215.179348
633.691286,349,4216.092766
202.197085,167,4216.580192
1079.937222,455,4220.857951
715.042903,278,4221.650963
521.276538,287,4224.281369
232.705491,162,4224.839114
471.620044,314,4225.721018
419.152736,264,4228.787804
715.358538,278,4229.532546
713.769412,284,4230.296341
-16.060188,1,4230.326754
566.336136,238,4230.980672
-8.078924,1,4231.008867
5.40388,27,4231.08232
939.595459,380,4236.909398
1080.508923,443,4238.190559
1079.201702,444,4239.439444
232.415899,161,4239.992742
505.359891,203,4242.84723
211.404139,153,4243.229363
330.107683,193,4243.828969
896.856961,358,4246.677386
565.560757,233,4247.387053
712.634844,285,4251.199296
391.127364,228,4251.912348
279.849635,187,4252.487838
504.235157,207,4252.977588
489.814577,309,4253.947637
429.211036,247,4254.657756
70.520801,72,4257.059336
896.818537,370,4259.898264
567.284362,226,4260.478203
93.206886,39,4260.57202
713.328317,286,4261.3763
1080.112922,441,4265.253329
565.956356,234,4265.940047
23.085988,43,4266.049206
152.810684,117,4266.407133
428.715708,252,4267.120755
100.016168,54,4267.250211
323.477014,197,4269.649988
504.712238,198,4270.173022
5.43038,29,4273.251936
117.762303,102,4273.560214
93.909738,37,4273.680416
428.55086,249,4274.419385
1082.007873,442,4275.689453
72.383624,66,4275.907249
437.962263,305,4276.722487
118.075867,102,4279.70616
93.37476,36,4279.800656
275.003925,206,4280.416994
565.860503,236,4281.11394
898.209927,350,4283.967493
565.146267,238,4284.718298
714.207428,283,4288.003375
14.783647,41,4288.107598
505.87641,194,4288.636471
429.034555,249,4289.337645
753.180359,342,4290.434886
566.971977,226,4291.117752
713.687789,278,4295.793503
805.017004,409,4296.95097
1078.756537,443,4298.274424
409.431444,232,4301.038071
356.066979,210,4301.665321
92.540868,41,4301.770227
412.835431,238,4302.512989
53.4794,80,4302.696577
70.58679,73,4302.943481
504.466194,201,4305.319496
464.766794,322,4308.817482
505.532153,197,4309.422845
492.386271,277,4310.369214
938.608255,381,4311.582438
896.034532,368,4312.676711
567.28902,220,4316.692269
-16.046915,1,4316.722012
713.698845,279,4319.267308
92.254765,41,4319.444505
207.558409,141,4319.832377
712.930586,281,4320.632263
290.014496,171,4321.121776
566.212019,222,4324.361422
335.126033,252,4325.060181
506.540066,202,4325.583144
898.596774,374,4326.577293
897.550957,367,4330.857711
895.453749,365,4331.801551
758.108275,324,4332.733385
80.455933,58,4332.89394
109.45859,89,4333.194072
896.718825,350,4334.183328
713.634867,279,4337.333652
235.690857,164,4337.802464
712.995047,280,4338.561364
566.63237,233,4341.028535
940.194394,381,4344.583002
504.67656,200,4345.185565
290.066735,172,4345.6505
261.080502,181,4346.19966
565.404813,229,4347.083981
504.516797,195,4347.572486
896.592035,372,4351.055212
