#{"t_start": 1777940034.9146094, "env_id": "None"}
r,l,t
18.840771,85,18.670418
22.796601,121,18.803807
12.656111,135,18.95009
-15.755119,300,19.261751
27.777205,176,19.487849
8.987576,76,19.58648
12.096379,115,19.729818
12.416634,173,19.916538
9.666826,69,20.010289
17.857315,133,20.17737
-45.434267,600,39.8835
-14.310844,600,40.470052
-68.87773,600,41.143145
-16.22108,600,41.761914
25.834663,175,41.951037
12.970711,156,42.126097
-17.459378,300,42.449851
35.480132,233,42.700887
-12.555823,600,43.360379
-40.034183,600,43.995705
-18.343066,300,63.170614
-24.242301,300,63.464382
-19.601539,300,63.75904
-23.912911,300,64.066407
-25.716496,300,64.400897
-23.716944,300,64.721958
-16.870179,300,65.04084
-18.740246,300,65.363789
-20.616685,300,65.691655
-16.519112,300,66.003422
-14.8588,300,85.078501
-23.994076,300,85.381478
-18.369796,300,85.679133
-27.917914,300,85.988379
-71.965951,600,86.625803
-22.62168,300,86.939693
-28.614791,300,87.260075
-25.247033,300,87.650783
-19.346491,300,87.958115
-23.157075,300,88.28385
-2.970418,900,107.801875
-49.847887,600,108.415678
-11.954777,900,109.344896
-37.414085,600,109.982393
-34.279411,600,110.61129
-14.961638,300,110.947935
-20.631467,300,111.267301
-18.869644,300,111.589429
-22.825857,300,111.898929
-19.656936,300,112.209919
-55.636749,900,132.249264
-2.625452,427,132.681449
-34.952541,600,133.287961
-21.432933,600,133.90631
-58.901969,600,134.564886
-50.743815,600,135.154757
-48.70383,600,135.840904
-47.422511,600,136.454764
-32.115118,600,137.06555
34.762717,296,137.367655
62.105524,215,157.075963
-8.060761,1,157.101629
3.013991,56,157.1722
4.035305,62,157.254133
-35.057028,600,157.820957
-8.079275,1,157.843869
-21.289037,300,158.159504
9.816107,43,158.246349
10.186758,42,158.325294
9.687112,48,158.404392
-34.081622,900,178.842045
16.29253,109,178.968956
94.067572,209,179.18691
45.486977,174,179.375215
-50.35235,600,180.060023
12.43372,900,181.002131
45.236612,188,181.237423
80.467652,339,181.590589
15.120417,96,181.718616
59.961447,249,181.992123
10.941189,117,201.272291
-3.390389,600,201.850214
92.023179,164,202.033946
21.954758,165,202.201118
98.151561,194,202.400328
55.155893,173,202.619507
38.567126,89,202.732855
11.662508,600,203.407839
-63.485819,600,204.011476
38.908224,87,204.130268
-24.302538,300,223.950352
-48.828748,600,224.516325
-6.226919,54,224.596661
19.928086,51,224.677894
28.988857,69,224.781335
-45.415298,600,225.412316
-16.026901,1,225.434482
24.1663,60,225.523735
-51.937584,600,226.146631
-54.132111,600,226.742417
19.851846,58,245.980613
57.326522,120,246.116214
106.539263,477,246.580338
10.024979,138,246.733634
-12.488385,466,247.187737
115.981321,433,247.639914
37.037802,80,247.764135
10.501306,278,248.050373
107.72091,183,248.260477
-16.063255,1,248.280627
79.838,180,268.052956
79.188816,185,268.328406
90.876649,152,268.489641
196.222188,288,268.79188
-16.069513,1,268.814219
13.412937,77,268.912734
197.118521,287,269.228898
24.390628,600,269.828422
19.846253,372,270.204774
57.597841,131,270.366917
13.35892,78,290.100159
31.240499,600,290.722328
94.653162,183,290.907579
131.04289,900,291.826025
21.260716,97,291.937357
13.852131,600,292.603005
94.106249,192,292.843572
98.38451,265,293.146852
25.636381,600,293.744061
127.185446,900,294.649633
77.561482,208,313.992191
196.077422,278,314.28127
42.041354,108,314.396866
2.609399,48,314.460824
86.443307,130,314.604426
77.528699,196,314.82631
196.068889,281,315.125831
22.284768,70,315.222815
-3.852211,30,315.270103
86.062254,135,315.42784
49.160631,600,335.174345
13.763661,65,335.268592
59.578912,114,335.382592
-59.467256,600,336.012218
97.336361,148,336.188713
52.068079,600,336.84425
151.143951,600,337.454991
42.762081,92,337.570594
-60.142284,600,338.187497
156.124304,900,339.120115
54.694927,98,358.350233
177.713239,600,358.944366
52.882546,600,359.577737
147.640587,600,360.183769
-50.561578,600,360.842969
79.847789,154,361.032055
181.734208,600,361.659227
-4.871304,18,361.69973
48.465178,86,361.808591
46.634191,104,361.987318
28.133632,366,381.387106
2.052062,51,381.461821
50.8872,128,381.620136
129.975464,900,382.541519
38.355891,600,383.174701
48.811516,171,383.390366
-3.194073,575,383.961537
45.729179,110,384.105539
137.626369,600,384.737231
80.251185,167,384.937501
104.307139,155,404.354756
48.774485,100,404.458094
134.236003,900,405.37718
45.948546,103,405.494883
151.295555,600,406.14046
39.242604,600,406.765206
33.051184,600,407.415833
46.66693,99,407.542021
49.026435,103,407.657658
49.18454,101,407.781355
49.100051,98,427.432835
1.696189,600,428.005324
50.262303,100,428.13661
49.233227,96,428.247929
-1.520008,600,428.823266
45.265543,80,428.916101
19.348645,146,429.090858
187.567604,600,429.714824
126.600674,600,430.35909
49.040015,96,430.478316
215.985296,312,449.938709
136.261742,566,450.505785
127.856794,674,451.17924
-6.151046,18,451.221229
-3.873062,141,451.37659
48.91733,118,451.509814
-6.899625,23,451.552715
9.602162,600,452.144837
2.550657,51,452.205228
394.254974,970,453.25344
50.123014,111,472.709708
294.031348,524,473.248111
49.795731,93,473.35919
1.063205,72,473.441344
97.750869,641,474.082317
338.383593,652,474.790818
404.607756,759,475.58958
677.006975,1500,477.225466
100.701397,214,477.48252
100.810142,199,477.719823
2.645881,44,496.981753
691.724415,1500,498.492058
68.746087,121,498.626285
145.315456,347,498.994459
1.733503,68,499.082528
96.734754,900,500.083719
49.827975,90,500.19236
138.358035,298,500.523815
669.708086,1500,502.136012
403.269174,771,502.957594
47.637015,73,522.116212
149.01348,312,522.429536
69.799382,107,522.53972
50.184919,78,522.632192
68.77373,112,522.750509
130.925481,709,523.516282
-7.928179,34,523.569377
161.864743,483,524.103429
69.040612,113,524.229777
197.740674,212,524.462508
283.813156,486,544.494304
131.570855,900,545.411122
206.195772,226,545.660162
332.409402,720,546.43527
125.893273,900,547.369709
282.443789,498,547.900273
98.181749,118,548.039452
7.800591,157,548.219404
283.115039,496,548.756721
238.481361,428,549.192264
720.729111,1500,570.308314
206.123292,221,570.557724
48.88094,77,570.652741
34.234215,69,570.746469
613.663464,1356,572.165431
14.699706,66,572.253691
24.681459,86,572.355876
69.180414,95,572.469478
68.757208,94,572.581915
249.956559,392,573.001483
250.78579,341,592.954166
102.429959,136,593.113295
70.39745,89,593.209642
96.398974,182,593.399371
182.105829,208,593.625176
178.35796,194,593.832993
70.63097,99,593.945111
212.321739,240,594.231667
70.094591,96,594.342308
198.096791,216,594.574203
14.504352,73,614.229713
175.909441,183,614.422273
225.241387,270,614.713255
197.129243,208,614.939352
97.676835,113,615.062842
176.120011,180,615.248196
-16.040328,1,615.278769
209.861688,224,615.527769
285.747276,383,616.026288
22.864593,47,616.106286
713.318643,624,636.39533
327.188246,520,636.930676
167.701582,600,637.550941
389.0379,639,638.283458
325.851338,504,638.859015
328.619996,514,639.416242
131.431486,900,640.366247
201.335144,305,640.671149
117.336402,153,640.855896
102.501877,137,641.021898
290.232729,380,660.79705
115.250795,162,660.981424
141.079198,202,661.192649
114.536517,161,661.373912
24.465078,86,661.473519
264.039215,403,661.939433
114.580456,170,662.13935
96.854333,140,662.291773
97.284371,145,662.450294
214.705267,237,662.715606
175.90392,185,682.158599
197.774556,193,682.372168
198.135986,194,682.581923
198.417529,195,682.80923
166.87767,163,683.014542
346.0442,471,683.541635
209.033637,221,683.788601
-8.045918,1,683.813673
176.383037,183,684.025559
750.151082,774,684.853531
-5.540277,600,704.686289
328.025054,436,705.133392
559.141785,501,705.667367
891.831264,714,706.393316
115.891809,166,706.592011
327.29549,445,707.088235
240.063489,263,707.374446
-13.875557,600,707.977206
560.539165,488,708.466794
144.707269,202,708.705354
1064.877719,1359,729.248095
197.532625,268,729.550315
116.902459,191,729.78178
235.292704,321,730.136065
776.879941,1249,731.488072
250.305022,370,731.897771
560.175743,543,732.504374
184.207692,224,732.739008
3.72951,600,733.36829
239.405928,329,733.739091
25.018538,70,752.954145
113.243931,183,753.170603
15.572199,45,753.237136
235.942072,300,753.533859
558.299624,533,754.04049
136.989254,215,754.293987
696.853019,1014,755.402875
710.941088,599,756.028436
265.561364,305,756.362394
110.810739,176,756.549851
288.002469,389,776.267406
217.856539,335,776.615365
240.150235,255,776.873767
380.988494,522,777.43958
56.614447,173,777.638993
285.833429,411,778.056294
281.598748,379,778.462853
297.192242,345,778.839253
710.708741,573,779.421477
563.724252,469,779.942107
218.612146,221,799.350269
559.779024,485,799.81613
-25.741376,600,800.414753
223.362581,271,800.721713
217.552137,292,801.023864
560.14566,503,801.532532
120.036346,165,801.725351
188.776062,213,801.958203
227.614346,262,802.245609
226.387411,268,802.568615
700.224723,834,822.512976
245.514448,257,822.76609
145.140842,176,822.970602
57.751705,130,823.121749
309.48275,608,823.749615
233.51282,799,824.59436
712.620198,490,825.114147
104.878246,119,825.264175
502.809458,377,825.644567
560.994816,450,826.121769
109.386374,145,845.221622
563.039002,448,845.660317
1074.291855,1134,846.898507
1077.751644,1101,848.083133
57.682748,137,848.249628
503.964685,392,848.657912
700.657466,905,849.64326
895.824908,657,850.331567
327.07183,414,850.774671
329.448206,426,851.242405
243.316736,298,870.701576
1081.715101,1009,871.755105
504.713123,357,872.15405
288.035092,347,872.512762
57.771572,125,872.653952
118.419098,127,872.80403
289.640426,326,873.136115
289.491508,343,873.495654
504.629133,356,873.853865
46.118478,99,873.96538
897.913045,646,893.841838
1080.211622,1080,894.968727
754.569239,708,895.735493
505.340374,367,896.098444
56.287052,132,896.254162
505.938174,371,896.626473
118.407165,142,896.797232
715.047044,512,897.319659
564.032209,442,897.789271
1080.993689,1060,898.951322
714.628832,428,918.395166
-66.255847,600,918.973781
896.921794,555,919.529617
98.192848,112,919.655295
445.49937,540,920.241884
447.801967,554,920.835166
411.576761,453,921.322702
15.095234,29,921.379991
99.843505,116,921.511197
716.592347,412,921.940371
1075.476257,1191,942.314499
891.79546,755,943.138793
560.451218,473,943.616285
14.850178,32,943.676967
502.31289,428,944.115225
144.446954,199,944.344079
-14.011921,600,944.965332
117.09019,175,945.180254
117.41478,183,945.395629
166.3806,600,946.028766
714.341046,496,965.478285
-16.068653,1,965.505973
259.844939,364,965.878165
503.863886,360,966.24267
753.060288,710,967.013679
103.190582,123,967.177178
898.00738,617,967.816238
144.74564,189,968.023125
413.955796,514,968.567793
392.155533,479,969.076796
1083.113967,907,988.881985
413.820063,445,989.347305
1083.362992,909,990.313836
790.182154,804,991.176731
895.848952,597,991.7966
221.650975,221,992.052855
547.374931,639,992.719537
755.012336,651,993.415745
245.386662,225,993.672096
506.073615,305,993.983208
14.788099,37,1013.291846
437.92966,678,1013.963013
245.188628,243,1014.214388
503.383461,413,1014.610705
14.7286,35,1014.676431
41.283595,97,1014.78846
437.233442,740,1015.55785
1080.44106,1098,1016.819785
1080.476407,1085,1017.980941
895.313959,655,1018.662425
714.775336,471,1038.268811
199.065772,180,1038.470623
755.757224,681,1039.142827
57.843968,143,1039.30522
412.932284,461,1039.809533
565.715305,386,1040.20406
0.808798,183,1040.407853
755.599728,670,1041.116077
60.080118,112,1041.253815
504.468718,356,1041.619936
-15.620101,233,1061.071498
68.949879,129,1061.211185
199.804094,180,1061.404599
351.274501,339,1061.770561
-55.453083,410,1062.188352
247.020902,217,1062.437105
101.918127,114,1062.575795
350.972586,351,1063.005906
1083.465264,891,1063.969203
219.855351,223,1064.203961
114.362602,115,1083.740077
139.99223,141,1083.907804
101.550163,113,1084.027237
300.468167,304,1084.366707
58.159464,117,1084.493846
219.327132,239,1084.726728
133.91814,135,1084.880896
152.134976,170,1085.102226
245.109575,240,1085.358483
199.622759,167,1085.552022
711.871024,555,1105.471317
753.990297,710,1106.178174
563.938527,405,1106.599494
287.334506,281,1106.900881
564.297068,398,1107.31081
-8.048102,1,1107.333584
563.646987,409,1107.753363
753.255022,714,1108.507241
504.289725,343,1108.885243
335.813777,464,1109.37712
939.722727,685,1128.948403
714.110996,437,1129.375548
715.620459,436,1129.820536
621.704816,589,1130.463215
150.920202,160,1130.646519
757.831396,581,1131.334302
338.804942,380,1131.737458
-12.272588,161,1131.915311
1084.395532,818,1132.814758
755.81364,599,1133.472571
563.870568,390,1153.597433
565.841666,374,1153.96564
426.914919,503,1154.456598
895.87913,632,1155.103219
756.190138,617,1155.805391
258.920885,298,1156.133114
756.916652,623,1156.820093
260.703478,313,1157.162633
939.679674,734,1157.983757
714.176318,476,1158.484065
457.887386,438,1179.6876
715.061214,407,1180.133061
566.403879,323,1180.474648
506.119364,271,1180.755213
758.965345,492,1181.282852
338.147832,339,1181.654453
337.634146,323,1182.00078
200.952304,159,1182.179084
345.130181,319,1182.514975
1084.833345,733,1183.317688
59.371072,85,1202.521877
245.939386,210,1202.75698
249.783101,212,1202.977931
337.449716,359,1203.348893
714.973887,430,1203.784308
672.77328,609,1204.426737
758.324694,550,1205.021937
566.514576,340,1205.39204
405.711609,376,1205.796835
549.973865,533,1206.378407
339.311945,372,1226.078247
573.134179,523,1226.622734
506.480121,290,1226.939788
715.57854,421,1227.378528
408.640292,375,1227.784256
715.182522,425,1228.236013
506.014746,294,1228.542192
716.305871,425,1228.987856
1086.985586,794,1229.839461
506.352885,295,1230.143012
398.078237,339,1249.546
263.506412,271,1249.823356
-7.298457,600,1250.390002
397.274131,328,1250.72766
262.10673,269,1251.028249
716.935147,416,1251.513547
-17.551766,600,1252.110367
1086.735991,729,1252.908923
-14.219036,600,1253.526471
261.692562,270,1253.821234
-16.052879,1,1272.898031
442.932291,402,1273.30915
398.359757,313,1273.621015
300.723348,249,1273.871503
-32.235674,600,1274.457136
716.01449,398,1274.885367
1086.060064,679,1275.619183
1086.309156,697,1276.384465
541.080482,483,1276.928347
405.810385,332,1277.299464
716.17275,421,1296.914562
506.158125,290,1297.199084
716.196736,421,1297.619496
27.749859,49,1297.693701
900.401735,547,1298.28979
-25.965002,600,1298.90435
406.639939,373,1299.32238
899.71853,547,1299.895405
505.789818,303,1300.20362
268.409945,275,1300.489499
901.932297,544,1320.20905
1085.868081,745,1320.975294
100.993244,111,1321.098146
505.926753,288,1321.397536
567.045008,329,1321.736415
-21.138869,600,1322.341245
114.863556,110,1322.479383
114.506063,118,1322.626398
341.513867,391,1323.037615
1086.703357,774,1323.913085
-31.432792,600,1343.583693
718.712771,404,1343.979964
717.303204,414,1344.382608
14.677614,34,1344.445467
854.879683,699,1345.215374
345.245441,319,1345.547182
342.223807,312,1345.876068
341.1567,313,1346.210249
407.670268,355,1346.59428
-16.005589,1,1346.701215
530.905462,416,1366.586025
17.365781,35,1366.640115
264.015605,250,1366.919118
411.13194,279,1367.224225
411.47453,274,1367.52534
507.712313,253,1367.794952
106.818668,115,1367.921414
26.333112,46,1367.984771
903.585883,439,1368.443142
467.202269,423,1368.890749
262.25104,251,1388.469019
78.531972,104,1388.586259
718.308646,343,1388.924724
407.253878,282,1389.226153
901.200901,450,1389.705748
109.004741,131,1389.85237
57.500004,94,1389.955899
243.405426,183,1390.182927
106.888744,133,1390.332532
1089.929216,575,1390.988173
339.772902,302,1410.691805
27.70349,44,1410.752168
900.570625,474,1411.216547
759.867295,426,1411.676773
50.627239,92,1411.789622
900.655678,470,1412.272587
1087.0534,616,1412.950454
-16.03681,1,1412.976048
1087.118726,620,1413.641106
60.535399,76,1413.749668
147.741176,137,1433.228581
269.774132,210,1433.476251
145.707519,137,1433.618914
93.091893,123,1433.746186
394.242158,301,1434.08028
339.215954,293,1434.409438
565.644139,300,1434.740788
899.019435,487,1435.259546
103.300382,98,1435.398114
717.293885,364,1435.800176
417.006385,302,1455.668881
331.952131,239,1455.941556
807.780756,554,1456.515163
67.129893,90,1456.627462
568.817419,285,1456.973726
338.038768,314,1457.338468
192.421773,172,1457.545815
567.37033,285,1457.855745
58.35587,93,1457.963687
345.975717,249,1458.24195
123.06002,108,1477.934746
507.556485,235,1478.179638
418.100858,263,1478.467189
508.962643,237,1478.689872
455.169782,383,1479.102146
181.184268,151,1479.264354
316.117456,222,1479.504952
418.545553,274,1479.810614
761.089517,379,1480.235631
418.434541,274,1480.536801
761.904757,399,1500.303246
507.607963,235,1500.537787
901.718114,454,1500.980938
1091.317747,569,1501.603837
568.065624,260,1501.873999
507.325276,247,1502.132644
507.349792,243,1502.386401
272.569035,196,1502.625626
900.397851,473,1503.117965
467.986481,431,1503.579206
58.018869,66,1523.135306
106.761345,126,1523.2723
250.593496,195,1523.471635
248.345582,193,1523.677213
210.202412,183,1523.881088
246.242199,196,1524.082828
291.615239,229,1524.34239
-8.018993,1,1524.369797
1087.912626,565,1524.991023
759.408761,425,1525.467454
569.126732,268,1545.374865
-13.455117,155,1545.536024
35.169218,137,1545.681292
-6.203176,156,1545.857269
-22.839037,600,1546.447077
618.0034,383,1546.864092
342.473679,297,1547.25185
619.579995,394,1547.686401
903.629079,439,1548.150558
762.820715,380,1548.559202
14.713925,32,1568.281867
902.64952,439,1568.728514
-4.127206,86,1568.822654
14.541227,33,1568.887757
5.934464,23,1568.92871
320.075108,210,1569.153839
1092.526739,533,1569.779013
508.733871,228,1570.012066
862.798781,492,1570.571827
1092.357978,526,1571.157924
316.01007,208,1591.094816
762.320793,409,1591.529523
56.201295,86,1591.630486
82.679331,108,1591.749631
411.085552,281,1592.046537
35.526092,49,1592.108898
760.764668,402,1592.536099
903.438897,431,1593.023963
762.08193,396,1593.456797
271.818958,189,1593.683081
231.58434,159,1613.364284
569.01398,253,1613.615116
904.192363,414,1614.063656
250.892979,178,1614.25905
446.56418,301,1614.655924
267.948827,213,1614.890236
568.737043,255,1615.156229
182.119302,144,1615.312111
268.30519,214,1615.534392
396.953803,257,1615.827009
567.926715,281,1635.579035
712.044718,471,1636.074488
146.21971,137,1636.234228
901.562871,452,1636.709189
902.2764,456,1637.188555
759.214145,463,1637.682429
566.896116,281,1637.995803
567.702315,289,1638.331812
710.541875,519,1638.898985
1088.066324,678,1639.663246
419.947093,255,1659.578453
62.641679,95,1659.695664
50.81606,66,1659.777387
508.255824,228,1660.000205
904.187861,424,1660.422671
78.667009,163,1660.609953
763.101548,368,1661.011651
-16.05777,1,1661.033513
410.863641,259,1661.328322
509.121854,217,1661.550602
721.692022,300,1681.181195
290.37798,200,1681.382769
509.00456,227,1681.625733
1093.373812,483,1682.129147
904.812327,399,1682.552999
720.970036,315,1682.903897
150.526768,119,1683.048551
444.21754,305,1683.387399
60.146468,83,1683.488666
905.849742,399,1683.967766
30.046919,148,1703.57893
58.653433,81,1703.681231
507.753449,228,1703.901301
720.22786,306,1704.212842
507.952376,216,1704.425161
360.28035,234,1704.680351
719.918213,308,1705.005951
509.015927,220,1705.23255
59.488105,76,1705.332588
419.292014,269,1705.657473
57.816957,78,1725.369707
1094.51604,458,1725.858551
506.878675,224,1726.072986
903.776397,402,1726.493772
904.009942,409,1726.932337
1094.563083,478,1727.455029
509.146484,205,1727.676866
905.126241,393,1728.112152
59.409272,95,1728.221702
948.489511,421,1728.679904
1092.392402,525,1748.73431
904.614651,410,1749.153013
568.894159,261,1749.414477
760.933035,374,1749.810997
-1.369562,600,1750.411458
506.946541,223,1750.654006
567.949732,265,1750.931782
568.687155,252,1751.194338
761.58468,383,1751.611615
472.433561,365,1751.99786
1094.791647,454,1771.918192
275.292512,173,1772.12718
2.557861,600,1772.697969
436.978718,260,1772.992975
761.411951,361,1773.386232
719.631885,295,1773.696779
59.208492,89,1773.804942
1094.599257,468,1774.322485
904.011611,377,1774.787449
761.899298,355,1775.175827
5.957971,600,1795.315789
720.781479,314,1795.623096
1093.207524,494,1796.156288
904.855944,423,1796.603786
617.405943,361,1797.006825
904.808654,396,1797.434755
902.984257,403,1797.862692
-36.00915,600,1798.467472
761.016538,382,1798.883364
903.042892,406,1799.316256
760.197804,387,1819.376953
760.300655,393,1819.772137
1094.805017,509,1820.3253
60.062244,78,1820.422663
903.218358,420,1820.879697
643.184504,387,1821.295228
411.496929,264,1821.595609
508.670039,234,1821.870006
760.925701,383,1822.288529
719.406661,318,1822.625523
508.295383,219,1842.149802
569.358753,240,1842.404562
570.644624,254,1842.664575
508.028829,209,1842.868537
1094.818125,487,1843.395565
720.948474,307,1843.727196
720.344319,305,1844.05317
569.485538,244,1844.330606
948.171564,435,1844.806322
48.61705,63,1844.895591
144.498342,111,1864.34639
762.85677,350,1864.70739
513.50029,333,1865.059755
1092.562869,497,1865.626202
641.818728,384,1866.040103
508.924927,209,1866.257889
762.208904,348,1866.637637
761.822202,362,1867.041343
719.530766,299,1867.354064
60.969166,76,1867.525838
-14.195394,600,1887.709541
360.277464,216,1887.943139
1093.6208,496,1888.471051
507.505152,206,1888.685243
1095.655647,480,1889.229326
349.503943,217,1889.477887
904.239306,404,1889.900949
904.436664,398,1890.322769
721.257148,300,1890.635247
271.450181,178,1890.859562
-10.061847,600,1910.626083
298.94798,195,1910.848451
348.594884,212,1911.084658
904.283084,397,1911.492733
60.499122,75,1911.583664
56.135023,78,1911.684979
-16.087476,1,1911.710302
475.591572,308,1912.052739
508.866568,210,1912.279546
507.226051,218,1912.513451
904.340162,400,1932.285882
154.519866,122,1932.42622
411.501069,270,1932.710752
-16.891326,600,1933.285336
567.814916,255,1933.557673
902.96664,405,1933.984875
719.36256,305,1934.308098
642.156581,382,1934.720551
409.952519,269,1935.021745
431.359211,285,1935.346845
762.034691,356,1955.216885
60.780051,73,1955.301764
509.625395,204,1955.507344
905.754499,380,1955.893119
151.070323,112,1956.027109
905.465091,386,1956.426061
569.085522,236,1956.693916
508.166146,207,1956.917584
569.651896,237,1957.171481
348.193346,212,1957.421107
904.541077,382,1976.987767
102.660288,85,1977.160124
508.024945,208,1977.366517
905.302127,379,1977.748288
294.811098,186,1977.965425
507.952262,291,1978.292939
233.156911,154,1978.467765
69.428395,106,1978.596713
1092.681238,479,1979.12356
904.758868,397,1979.5543
720.646389,301,1999.204046
298.31554,187,1999.416583
59.214077,70,1999.51236
60.225765,75,1999.596277
508.115594,214,1999.813078
508.508343,200,2000.012987
569.52448,244,2000.26318
247.231888,173,2000.463604
289.763912,177,2000.68214
-16.051834,1,2000.710433
568.728672,235,2020.185503
418.395079,248,2020.451764
150.681016,117,2020.58122
1093.315838,491,2021.095701
764.097714,331,2021.456464
1093.082952,473,2021.991797
236.13313,160,2022.196197
37.459525,56,2022.271929
763.991866,329,2022.635155
269.756209,185,2022.85298
1090.654765,531,2042.837445
762.61916,355,2043.214895
719.482728,318,2043.532162
507.886628,211,2043.753862
1091.259091,519,2044.329078
569.058723,249,2044.587127
60.702905,75,2044.748947
104.028831,91,2044.858088
721.490081,312,2045.197774
720.514717,328,2045.544576
570.430492,221,2065.531757
570.379431,233,2065.756764
719.941089,284,2066.057256
720.118433,297,2066.374596
1092.993176,474,2066.898895
435.888208,246,2067.202027
-16.032104,1,2067.22813
904.850536,359,2067.606009
361.822751,213,2067.850404
904.978728,385,2068.291705
347.28226,244,2087.943721
905.975576,384,2088.326999
905.491714,387,2088.716408
293.750998,188,2088.928652
509.83828,207,2089.147645
413.264246,250,2089.429462
720.900777,296,2089.740126
60.958,77,2089.833254
265.78732,194,2090.05724
568.169352,251,2090.349801
151.755103,119,2110.020758
568.417577,240,2110.272802
507.92113,219,2110.495282
947.89411,412,2110.929517
903.470452,394,2111.359504
333.229043,217,2111.601596
720.44426,298,2111.92005
904.198801,386,2112.3375
411.587693,243,2112.617558
719.297598,294,2112.927544
763.075555,347,2132.775545
507.89769,218,2132.987516
906.308468,389,2133.384365
907.056773,386,2133.786639
905.28045,397,2134.205982
1091.862459,504,2134.776176
905.84526,387,2135.185719
905.609552,384,2135.601097
1092.246394,505,2136.168268
906.865659,382,2136.576358
508.736329,208,2156.238868
70.115992,87,2156.339353
413.417394,243,2156.593734
480.020423,306,2156.914309
494.875444,320,2157.2598
1092.148921,491,2157.895889
69.461725,79,2158.005869
905.346717,388,2158.416707
508.159526,201,2158.628702
643.983815,365,2159.036685
763.364372,340,2178.886131
949.02662,406,2179.31037
1093.520357,479,2179.840019
720.625866,301,2180.167977
719.955787,301,2180.537586
719.888937,306,2180.889332
763.789802,349,2181.270026
762.818214,338,2181.637179
720.042729,310,2181.96709
721.466293,298,2182.337378
509.278714,211,2202.233947
70.439769,84,2202.339317
508.793483,212,2202.552706
569.756571,237,2202.794134
471.329381,328,2203.126348
1092.483647,491,2203.666663
508.911032,221,2203.898411
762.514391,348,2204.274483
509.66561,209,2204.487056
508.548985,217,2204.726669
719.951784,305,2224.478239
721.444404,298,2224.777791
763.363278,343,2225.133872
1092.8246,464,2225.636624
615.916205,353,2226.022821
763.683318,337,2226.392815
905.182421,394,2226.811764
949.064677,396,2227.255505
1093.003298,465,2227.776548
1092.591906,485,2228.330445
270.498037,189,2248.013133
570.216001,230,2248.244174
143.690659,115,2248.373749
905.785767,372,2248.7959
340.191649,213,2249.02232
569.136455,242,2249.276937
904.267553,397,2249.692533
569.07266,238,2249.945567
222.682145,155,2250.121381
349.9605,229,2250.382829
720.034542,292,2270.276927
627.169984,333,2270.633118
117.927518,103,2270.745761
290.415537,175,2270.934179
1092.565938,468,2271.446626
143.95593,108,2271.580711
905.262243,371,2271.968106
426.243248,254,2272.252631
70.584758,81,2272.349447
762.795146,329,2272.708553
48.865979,59,2292.364444
721.683019,297,2292.714556
905.564174,385,2293.131486
721.848165,288,2293.434272
721.207908,293,2293.740808
905.102773,390,2294.153541
764.350819,324,2294.529446
226.392822,160,2294.698935
764.497749,324,2295.0562
635.072947,347,2295.442881
619.228132,353,2315.345275
764.369356,347,2315.710047
569.858704,228,2315.943453
570.115036,240,2316.184332
764.766039,342,2316.564792
905.436702,384,2316.977437
60.141491,87,2317.085549
59.662085,69,2317.176407
1091.741961,492,2317.734211
907.221987,402,2318.177621
477.489123,307,2337.901632
70.380396,86,2338.009169
655.968878,360,2338.396239
571.511097,226,2338.623372
1091.404296,477,2339.153091
721.211185,307,2339.476971
466.515429,302,2339.800798
569.737055,230,2340.048513
266.505317,181,2340.244004
906.090495,375,2340.638237
70.849618,80,2360.424617
1091.644117,487,2360.958891
569.367159,231,2361.201324
508.069903,209,2361.411561
764.744321,341,2361.785293
509.246824,204,2362.010768
154.883241,120,2362.154975
722.236411,297,2362.471299
570.041175,232,2362.719928
569.434982,229,2362.966574
509.433128,214,2382.555481
509.124781,215,2382.775072
762.680503,348,2383.130902
60.636961,75,2383.218078
-8.080963,1,2383.235939
1093.013617,494,2383.787032
763.982993,344,2384.160035
-16.059788,1,2384.186398
721.025314,302,2384.501481
1093.24274,471,2385.024928
62.233233,66,2404.460175
481.760564,300,2404.76509
765.297165,331,2405.129416
636.080663,341,2405.492722
63.078986,70,2405.577815
1093.401307,460,2406.092829
508.433097,208,2406.304784
711.53414,332,2406.670251
570.741357,229,2406.919456
-16.041588,1,2406.941497
145.909553,114,2426.539413
904.856256,377,2426.920807
152.494431,110,2427.045517
70.800576,82,2427.135742
763.414013,339,2427.4947
905.319404,374,2427.889184
10.656781,27,2428.000307
150.607918,117,2428.136861
720.86553,297,2428.454909
720.873655,293,2428.769605
60.321592,66,2448.26127
508.487692,213,2448.469713
410.77035,242,2448.730041
60.596748,69,2448.80895
1091.570541,483,2449.321098
906.588174,380,2449.72274
764.708836,335,2450.103046
949.991646,398,2450.53239
719.949263,296,2450.849897
570.836365,226,2451.104597
1094.812454,477,2470.963085
69.024927,81,2471.05755
720.223567,289,2471.344775
569.624191,234,2471.597937
905.00508,366,2471.995992
68.03414,79,2472.096759
412.710983,237,2472.36547
764.252616,339,2472.753147
571.371035,225,2472.996155
508.235767,193,2473.20649
721.151448,297,2492.96599
904.516734,384,2493.346266
715.122068,327,2493.678933
57.594631,71,2493.760093
1093.559698,478,2494.277687
763.953255,323,2494.635932
118.544274,105,2494.759072
497.102918,320,2495.107224
721.656166,296,2495.415036
569.63696,230,2495.682273
762.878539,349,2515.523935
1092.817009,482,2516.027081
949.951799,386,2516.455878
59.788462,72,2516.544549
570.963921,225,2516.794105
509.244063,206,2517.008642
59.459215,83,2517.108657
1093.623055,491,2517.654501
904.898348,368,2518.040853
800.693429,429,2518.580667
70.831483,80,2538.301733
509.254574,202,2538.502631
-8.035962,1,2538.527236
576.990843,324,2538.865768
763.678335,335,2539.214476
509.285598,208,2539.430761
762.739306,348,2539.811753
904.002198,373,2540.199621
270.6328,190,2540.404848
905.768764,385,2540.81034
1095.819236,473,2560.829867
69.152984,78,2560.929666
905.501006,381,2561.300184
63.087618,66,2561.382708
484.923924,305,2561.695484
-6.100542,12,2561.728994
427.52932,247,2562.028641
722.460939,288,2562.342372
1094.186396,452,2562.846905
765.366654,335,2563.210469
1092.965827,491,2583.139301
1093.746898,482,2583.653539
763.533252,333,2584.009145
508.229052,203,2584.231248
106.717376,109,2584.363897
629.196314,349,2584.74427
122.016005,97,2584.865182
764.363224,341,2585.228991
507.851176,203,2585.473245
903.87406,399,2585.892498
152.423987,117,2605.463531
570.657835,229,2605.68958
950.545484,393,2606.094845
116.857051,102,2606.204985
1093.347579,460,2606.727826
906.293162,369,2607.118186
906.315527,372,2607.516114
570.139656,234,2607.768404
905.075628,377,2608.182674
569.527595,231,2608.431249
719.119478,305,2628.289509
344.012864,233,2628.531361
948.377713,403,2628.945349
570.311831,232,2629.183836
66.89278,75,2629.269608
571.299235,224,2629.511378
764.025658,344,2629.887213
1092.397873,470,2630.409258
1093.32925,458,2630.913303
1093.859255,457,2631.418487
904.892187,374,2651.117028
142.008556,112,2651.249991
905.30694,384,2651.630951
720.838272,293,2651.922642
1093.627418,465,2652.448994
574.923491,321,2652.795848
508.222505,205,2653.023701
763.505355,330,2653.393785
573.681402,314,2653.736169
720.551456,288,2654.064631
904.719269,369,2674.03022
764.123522,320,2674.362989
719.905053,296,2674.677498
114.962384,101,2674.78563
905.518905,386,2675.192546
949.098,383,2675.595819
906.582182,372,2676.022495
569.572592,232,2676.277688
485.754484,308,2676.611605
570.820607,235,2676.860307
619.206379,335,2696.700402
507.354781,204,2696.909636
1093.829667,467,2697.471399
-16.092499,1,2697.495482
762.928341,330,2697.855546
1092.902937,440,2698.338344
121.22535,98,2698.470599
764.890356,328,2698.840789
950.556299,398,2699.275619
1093.578193,453,2699.779171
904.224038,381,2719.465896
273.920518,177,2719.656678
413.307321,232,2719.907663
568.627948,228,2720.13789
719.212425,293,2720.427505
262.218041,172,2720.617825
569.695122,229,2720.866923
145.335127,112,2721.003133
507.968559,196,2721.209637
426.724749,242,2721.486183
101.730357,94,2741.032865
762.506031,349,2741.40365
904.038913,383,2741.786467
1093.475579,490,2742.308533
720.579077,301,2742.626004
-23.592928,600,2743.231081
720.588972,297,2743.544308
507.720656,213,2743.794165
69.464339,86,2743.897077
1091.859807,489,2744.450482
764.819672,334,2764.606176
1094.201853,469,2765.095614
273.174541,170,2765.277458
1094.024718,469,2765.796783
569.725144,226,2766.02739
342.887125,213,2766.272165
116.871153,95,2766.379471
763.279078,328,2766.743409
509.701195,202,2766.955352
249.666117,170,2767.167246
720.279476,286,2786.789755
36.149486,47,2786.85761
35.850866,51,2786.918364
619.523407,345,2787.344842
115.840493,100,2787.454133
147.155344,108,2787.583661
1092.59013,457,2788.097288
720.243197,297,2788.408298
145.083723,109,2788.544493
59.757914,67,2788.630325
1091.70506,465,2808.642
508.109997,204,2808.842581
1093.301726,466,2809.356691
71.603614,72,2809.454733
905.147998,383,2809.859193
903.875344,370,2810.259578
298.687177,191,2810.479632
720.424392,288,2810.778279
569.967454,230,2811.029491
947.686208,408,2811.477273
719.604537,289,2831.059813
763.74777,322,2831.39055
508.546253,210,2831.599454
507.71107,206,2831.806771
904.134651,384,2832.201462
905.719368,368,2832.593461
1092.056734,470,2833.148451
948.064833,396,2833.590245
115.495759,105,2833.705049
719.355112,292,2834.037699
464.878489,272,2853.850594
619.20951,340,2854.203661
951.000829,375,2854.591984
763.526471,322,2854.930764
569.770649,229,2855.184956
764.60325,328,2855.536048
509.26698,203,2855.762562
763.737436,329,2856.124584
948.776565,386,2856.548753
509.104439,203,2856.76259
121.904439,94,2876.42367
569.283554,230,2876.678643
619.912279,339,2877.029981
721.234515,288,2877.319372
949.332931,385,2877.734592
906.922655,358,2878.209134
145.326993,113,2878.347928
763.713075,324,2878.702535
904.605589,379,2879.100636
1093.386417,475,2879.624055
1091.990643,467,2899.800632
472.682048,284,2900.11898
948.546225,382,2900.527248
16.987277,35,2900.578864
569.34064,226,2900.812556
568.88046,228,2901.04943
263.31855,178,2901.267195
904.956706,372,2901.660985
570.865973,227,2901.903425
481.332197,294,2902.244975
764.174745,329,2921.905067
63.865782,73,2921.98789
509.669396,202,2922.205699
508.535599,196,2922.400011
510.231799,202,2922.600021
426.669822,246,2922.872677
720.969275,290,2923.178023
1092.822845,466,2923.723874
570.205217,220,2923.962959
720.775646,294,2924.270182
763.456328,346,2943.988773
1091.852783,463,2944.504967
453.47676,297,2944.810252
484.869879,304,2945.148516
709.909647,310,2945.487818
59.625651,69,2945.581954
59.148978,72,2945.667922
59.165343,66,2945.755713
905.643862,377,2946.164174
-15.999158,1,2946.184479
720.122973,284,2965.857855
363.202365,212,2966.074929
-8.056437,1,2966.102259
117.51949,96,2966.20835
871.934002,433,2966.686992
719.655592,282,2966.98898
146.627755,109,2967.133141
60.911232,68,2967.223885
1093.591703,443,2967.716052
720.337407,286,2968.085429
68.046181,76,2987.797182
568.953643,225,2988.026614
509.600525,202,2988.226236
59.343643,74,2988.316036
60.571845,67,2988.396734
1093.167502,451,2988.878942
904.294512,367,2989.272363
620.171076,334,2989.636101
60.754148,66,2989.726922
720.229217,286,2990.030007
763.265984,317,3009.805544
61.65775,68,3009.888681
905.676922,364,3010.260526
721.32492,288,3010.547178
118.157773,101,3010.662722
904.577609,369,3011.064511
764.871564,322,3011.413885
905.046056,355,3011.803559
15.69367,35,3011.856133
510.373028,197,3012.068262
904.914905,377,3032.198201
721.678443,291,3032.49779
61.489093,71,3032.578572
568.655985,228,3032.814178
508.224227,213,3033.036368
861.743901,459,3033.552011
948.467586,391,3033.984926
65.093422,69,3034.069346
569.639778,228,3034.308938
1092.661375,446,3034.795501
950.02662,388,3054.533822
722.166068,290,3054.828995
66.747996,72,3054.907962
1094.213462,444,3055.376536
720.764967,285,3055.676573
949.796767,404,3056.115399
71.067211,77,3056.21529
481.441554,285,3056.529425
510.080499,204,3056.743069
1094.193231,467,3057.315161
509.104762,202,3077.053846
765.239058,321,3077.395594
904.392165,370,3077.780416
427.161896,246,3078.041988
62.435154,67,3078.116701
764.228241,334,3078.479526
764.057224,336,3078.848114
570.762919,224,3079.093852
721.665827,288,3079.396698
345.298476,225,3079.65634
570.11273,227,3099.602209
906.883262,369,3099.974103
712.531637,297,3100.279048
1092.139912,437,3100.77838
154.640167,113,3100.913436
569.994676,222,3101.155933
529.14619,301,3101.489064
949.509187,387,3101.924812
154.746583,108,3102.053147
905.45955,377,3102.455704
569.536185,230,3122.061117
720.085791,285,3122.341287
508.403162,201,3122.540211
569.201185,225,3122.770905
1096.411946,451,3123.275863
116.717192,99,3123.385992
763.602987,327,3123.741938
427.318529,247,3124.022436
569.381282,221,3124.253232
413.897997,243,3124.537325
903.385531,374,3144.478473
154.529438,111,3144.615652
59.525075,65,3144.698703
903.652844,379,3145.078937
151.737919,108,3145.211611
51.010669,58,3145.283652
622.377789,336,3145.655686
949.507934,399,3146.172356
721.267602,291,3146.476828
903.378045,375,3146.876061
765.302279,313,3166.567077
950.574052,390,3166.991048
508.409458,196,3167.185099
905.386708,363,3167.57362
-16.02603,1,3167.5967
1093.864287,442,3168.108663
904.408903,359,3168.496901
271.811348,164,3168.702199
59.803093,63,3168.783422
720.294614,286,3169.097672
-6.131517,14,3188.722932
1092.828811,462,3189.210543
571.201066,217,3189.432841
948.364234,396,3189.837042
569.022964,220,3190.064577
949.364326,372,3190.467376
508.091985,201,3190.683533
906.378638,360,3191.064084
61.340059,67,3191.15038
721.351175,285,3191.449794
903.840001,389,3211.187563
903.455521,391,3211.580705
60.726272,66,3211.662438
947.217974,406,3212.098871
510.646554,198,3212.311185
948.563552,388,3212.732149
719.800795,296,3213.04835
50.967041,60,3213.126886
146.376928,111,3213.267245
904.059542,383,3213.740045
904.424095,370,3233.505537
948.75173,392,3233.904464
570.517089,230,3234.138139
904.23866,360,3234.516192
1093.530507,432,3235.0451
508.394495,201,3235.259051
763.795091,322,3235.636723
63.653594,68,3235.719297
720.095623,279,3236.03276
905.63176,358,3236.42103
570.569955,217,3256.203409
67.674116,75,3256.28993
765.128712,327,3256.6259
765.212166,316,3256.9528
720.205092,291,3257.245988
719.717842,292,3257.560264
903.851291,374,3257.952354
904.560184,386,3258.366742
904.328719,370,3258.763235
764.447058,331,3259.129961
950.717523,373,3278.84743
570.857911,217,3279.065111
950.015995,374,3279.451795
763.756793,317,3279.790042
570.392642,223,3280.02526
951.013004,381,3280.445695
1095.533744,448,3280.968003
569.586069,229,3281.217629
510.078798,193,3281.420813
1095.041246,444,3281.923698
904.571255,377,3301.797725
84.299422,81,3301.892109
1092.975096,457,3302.371682
905.268156,371,3302.763069
721.578811,280,3303.06595
720.76243,286,3303.383598
1093.084462,458,3303.901371
570.979762,221,3304.142477
84.375956,79,3304.237529
569.453498,219,3304.470959
100.79018,94,3324.388915
1092.806778,458,3324.886844
948.855471,393,3325.294166
345.379372,211,3325.529969
508.235535,197,3325.798067
344.980242,216,3326.03987
508.799894,193,3326.243195
1093.544218,448,3326.735543
713.683882,307,3327.065974
62.65152,65,3327.145233
343.860226,210,3347.019894
106.871489,84,3347.130291
568.96824,218,3347.33938
720.20389,285,3347.634952
478.825805,275,3347.919883
570.864204,225,3348.168952
569.057025,220,3348.414367
568.765592,223,3348.660454
508.945595,200,3348.871107
763.634449,310,3349.231785
61.908797,67,3368.947781
722.316397,281,3369.246887
-16.018984,1,3369.272552
84.27254,79,3369.370469
63.005239,65,3369.445366
64.318692,69,3369.515153
61.227925,66,3369.600177
713.589096,308,3369.933293
906.162917,365,3370.335665
493.458807,287,3370.641663
570.832547,221,3390.327193
455.265243,265,3390.610864
59.550357,75,3390.689698
904.315363,364,3391.057467
764.27068,315,3391.38472
720.841927,292,3391.706046
720.941109,290,3392.012163
1091.705688,458,3392.512412
763.562627,308,3392.857095
343.391522,209,3393.097115
765.369045,321,3412.884199
94.607189,89,3412.983877
720.615511,299,3413.284075
720.062694,286,3413.572684
419.358465,238,3413.832475
60.07864,79,3413.935294
795.910131,415,3414.413213
1091.322761,456,3414.990343
905.19011,361,3415.362848
99.233495,87,3415.478722
720.015478,288,3435.28335
1092.992631,433,3435.749386
436.890037,250,3436.016145
259.304725,172,3436.196714
906.471559,376,3436.597854
720.410674,289,3436.898667
1093.941494,444,3437.401125
569.556551,230,3437.642543
569.282517,224,3437.882145
1092.747402,434,3438.36558
652.930275,344,3458.261324
1093.169656,441,3458.73286
343.170143,216,3458.987332
950.210462,383,3459.409132
1094.710895,443,3459.893139
61.382456,65,3459.983528
764.138971,316,3460.333642
508.687198,202,3460.555316
1092.761094,446,3461.048901
617.804115,326,3461.406902
569.689848,221,3481.251874
1094.674418,444,3481.719721
69.691833,75,3481.806221
947.944246,390,3482.201799
949.052183,381,3482.598617
1093.229721,454,3483.114861
569.810338,223,3483.348519
1092.950844,459,3483.867393
719.623618,291,3484.178497
264.902539,176,3484.378338
71.446246,74,3503.988543
456.499241,268,3504.287585
569.264084,221,3504.510688
-16.003572,1,3504.588455
719.335356,277,3504.866356
904.140926,360,3505.252356
61.294564,64,3505.334558
569.058877,222,3505.588248
950.241643,389,3506.010087
765.628251,308,3506.395455
66.123305,70,3526.275485
765.471814,304,3526.600003
272.191459,172,3526.799782
568.957174,222,3527.031454
143.871522,106,3527.1574
344.097933,207,3527.381866
473.746807,292,3527.701061
68.921864,72,3527.793972
70.570635,74,3527.883516
65.302444,65,3527.963861
60.834401,70,3547.275057
71.308946,72,3547.361614
283.70499,178,3547.551512
444.726305,242,3547.815392
948.984383,387,3548.215537
509.744147,197,3548.410087
949.867104,394,3548.836685
36.43345,46,3548.898619
64.727406,67,3548.981124
948.96233,371,3549.380217
36.2113,52,3569.399845
906.493503,379,3569.779918
-16.088491,1,3569.804568
51.222763,58,3569.884962
721.637542,287,3570.170196
948.415275,393,3570.58008
720.575148,292,3570.897542
60.345458,67,3570.985052
948.820102,385,3571.408242
570.002015,224,3571.64516
904.45354,371,3591.76214
60.901514,61,3591.84675
426.410243,249,3592.107687
721.35303,282,3592.410262
765.220022,314,3592.742906
215.830186,145,3592.919343
98.095928,86,3593.019276
764.504358,321,3593.379312
905.151754,380,3593.785305
905.933827,371,3594.184288
764.038337,318,3613.819382
569.604362,224,3614.103689
569.849311,224,3614.329173
905.303847,367,3614.693295
494.862831,291,3615.011274
801.627837,420,3615.494053
155.477299,109,3615.644017
569.224769,214,3615.87067
569.080463,222,3616.110123
50.834834,57,3616.18645
60.885716,70,3635.767642
764.312248,314,3636.10104
825.873633,406,3636.5487
1094.154924,444,3637.040146
764.288244,303,3637.373473
721.132035,288,3637.676825
948.199436,382,3638.08861
62.124582,67,3638.175831
23.77945,92,3638.280902
720.837981,284,3638.59301
60.435361,63,3658.334622
60.488937,68,3658.413554
764.132282,317,3658.745865
68.79817,73,3658.841972
82.350142,89,3658.942753
145.555064,106,3659.06704
712.974111,303,3659.39518
82.348754,88,3659.50175
280.52761,173,3659.700279
721.221925,283,3660.000541
906.231482,379,3679.854716
68.063736,79,3679.946423
497.107076,291,3680.246341
570.321546,227,3680.477464
721.138496,289,3680.767652
-8.026491,1,3680.786947
69.322686,70,3680.882096
763.942744,315,3681.221956
82.509099,86,3681.332654
803.115482,406,3681.784225
1093.092746,444,3701.784094
60.53404,61,3701.858349
417.904504,244,3702.174674
719.830973,286,3702.467247
507.601347,199,3702.679381
60.174555,65,3702.762519
84.813174,79,3702.86112
568.992584,217,3703.089047
436.315213,240,3703.364501
469.46809,261,3703.644088
497.413181,286,3723.532994
721.706685,286,3723.817152
763.772342,313,3724.150024
508.070843,188,3724.338469
477.791827,292,3724.657158
570.330835,220,3724.892655
495.580062,291,3725.211359
60.294966,64,3725.290938
948.731429,385,3725.72056
906.511655,377,3726.152639
495.886498,284,3746.085652
59.623541,63,3746.166244
1092.036816,454,3746.63882
721.474734,283,3746.923652
154.619114,115,3747.068714
508.454812,192,3747.271246
949.632876,389,3747.692621
569.868941,226,3747.937204
508.35087,202,3748.16092
-16.050278,1,3748.187829
1093.606962,444,3768.030836
950.02205,386,3768.428648
904.7676,379,3768.805148
1092.465734,445,3769.300745
61.319458,72,3769.39212
951.109115,379,3769.806241
721.683795,287,3770.103943
569.120314,218,3770.339273
570.100188,229,3770.583048
764.927928,313,3770.924277
949.499612,387,3790.845782
508.039868,198,3791.041386
157.64081,110,3791.175014
721.500275,281,3791.462808
905.655187,367,3791.872435
509.600594,198,3792.080444
299.02342,182,3792.361809
720.743413,287,3792.697471
508.625369,195,3792.903811
720.376685,282,3793.21459
905.846045,364,3813.1681
435.777651,245,3813.437476
569.918099,224,3813.660147
763.624189,308,3813.99347
507.329923,193,3814.193253
721.142216,278,3814.491248
61.834345,70,3814.578173
569.339655,217,3814.809805
475.949097,277,3815.11319
59.763135,67,3815.203512
570.669509,218,3834.863197
63.94511,71,3834.94197
721.372711,286,3835.230998
87.840808,102,3835.347072
951.097907,380,3835.754797
721.614521,291,3836.063801
569.093329,220,3836.299198
905.598971,367,3836.696211
570.011365,223,3836.935155
905.384725,370,3837.323452
949.068674,374,3857.096302
60.196595,67,3857.176299
23.013833,101,3857.293709
948.60647,382,3857.731853
1092.496331,445,3858.223235
570.321517,218,3858.454225
569.77849,231,3858.699502
765.542293,314,3859.039838
58.35855,123,3859.185735
426.885757,254,3859.494123
904.50503,371,3879.432189
568.196943,219,3879.6582
471.230792,276,3879.960078
75.790275,79,3880.052664
-6.082694,12,3880.081217
-5.981737,11,3880.111656
764.308323,314,3880.456224
155.853433,114,3880.59251
507.502976,186,3880.788688
719.688616,278,3881.086075
36.077269,54,3900.776447
452.145923,285,3901.073322
720.595492,289,3901.427421
720.427896,293,3901.721278
721.085842,288,3902.021266
569.047031,222,3902.267545
905.926739,369,3902.662816
480.077271,287,3902.98241
721.909058,284,3903.286526
764.149966,326,3903.649072
60.57512,67,3923.068476
157.941518,117,3923.200429
949.517326,373,3923.586891
764.043457,312,3923.907335
720.714628,276,3924.183559
764.959532,312,3924.53788
764.100438,308,3924.872035
71.551851,71,3924.964628
905.078792,375,3925.36065
714.423081,289,3925.674256
1091.374746,455,3945.564202
60.029612,60,3945.634113
797.482104,417,3946.084054
906.466358,362,3946.449217
764.806057,315,3946.811223
764.962798,317,3947.14553
798.510853,398,3947.603436
267.930123,179,3947.805457
1091.180633,431,3948.300395
721.861276,275,3948.596669
510.254872,197,3968.255962
904.706623,377,3968.637874
70.039779,76,3968.729743
480.773093,292,3969.030452
763.661908,306,3969.346896
436.298279,243,3969.686443
764.694039,311,3970.043827
905.01707,383,3970.452827
950.602591,379,3970.868796
1093.092614,438,3971.42973
764.218257,318,3991.174708
950.061658,372,3991.566404
764.990304,317,3991.890864
155.712702,113,3992.02369
712.995742,306,3992.34575
906.679958,354,3992.729112
508.053902,192,3992.932279
108.587673,96,3993.042412
718.935374,294,3993.37131
904.207027,369,3993.763818
248.906109,153,4013.699717
1093.706282,447,4014.178468
903.977567,372,4014.549337
5.963825,29,4014.595663
904.147058,375,4014.982792
59.711074,64,4015.062954
250.09964,153,4015.249
1092.017573,435,4015.741445
48.56901,61,4015.820056
763.449016,315,4016.165088
257.708572,171,4035.633942
428.013474,245,4035.91066
903.914097,373,4036.285767
569.401746,222,4036.509175
154.699921,114,4036.642595
476.684567,284,4036.949187
508.273288,195,4037.154988
1092.275687,457,4037.657748
720.853558,286,4037.960277
765.856607,308,4038.306784
146.755224,108,4058.040677
47.468194,54,4058.109438
1093.271519,434,4058.594562
721.695563,286,4058.882775
721.09153,284,4059.180261
568.579183,224,4059.422223
799.811806,396,4059.927156
214.821153,143,4060.097923
1094.299588,426,4060.601992
100.693399,87,4060.710995
155.004771,112,4080.576933
1093.094913,457,4081.058969
507.85631,187,4081.242398
569.149917,221,4081.473287
568.8656,221,4081.698686
72.043894,75,4081.786495
764.109879,316,4082.133244
1095.582732,435,4082.617079
569.264661,223,4082.846795
478.452904,284,4083.15972
764.500533,310,4102.920329
508.283818,190,4103.122565
276.603702,195,4103.316094
508.426456,187,4103.516282
113.80418,97,4103.622242
59.991994,66,4103.7037
158.436008,111,4103.837125
480.211759,271,4104.136076
-6.206626,14,4104.170233
509.056765,192,4104.369667
68.690966,72,4123.857572
905.338247,368,4124.240382
906.536705,376,4124.614892
64.957263,69,4124.696689
1093.645511,434,4125.17588
157.510525,118,4125.322538
948.425161,395,4125.766722
569.099802,223,4126.003066
417.191957,240,4126.275438
569.833512,222,4126.51046
-5.86323,10,4146.106932
904.859072,366,4146.485615
143.42018,107,4146.6139
144.338557,107,4146.748461
436.334179,238,4146.997314
762.816715,318,4147.360417
763.882607,307,4147.717677
158.168412,113,4147.849446
764.458348,310,4148.194682
1092.865073,450,4148.717746
249.885061,164,4168.308879
948.283467,383,4168.711797
720.717156,284,4169.012417
948.681893,388,4169.424775
60.234697,62,4169.50385
251.155306,169,4169.698601
906.567661,357,4170.084336
98.411552,88,4170.185913
570.826646,226,4170.427456
249.602609,171,4170.619428
720.771153,290,4190.339318
568.751593,224,4190.568395
763.666201,319,4190.901348
763.691227,319,4191.240185
720.152769,288,4191.543368
1094.064423,439,4192.034302
147.494477,107,4192.171961
764.926747,314,4192.517205
722.204557,280,4192.822662
157.848098,114,4192.966956
76.072849,77,4212.746121
350.607408,218,4213.003146
906.273733,372,4213.37451
720.633703,277,4213.643178
1092.153103,447,4214.157944
717.027587,303,4214.484993
119.089972,100,4214.5993
344.682732,211,4214.837972
796.598912,404,4215.293799
720.292594,278,4215.596822
764.04446,315,4235.498385
722.219998,287,4235.798465
99.75977,89,4235.894372
763.803367,316,4236.233286
764.099844,308,4236.576854
713.21667,286,4236.893576
569.967296,227,4237.134976
144.048416,106,4237.265637
1093.323171,445,4237.774972
720.033601,286,4238.074552
719.770178,288,4257.736667
507.894695,201,4257.936104
84.056282,85,4258.036997
271.029612,176,4258.232034
764.091575,315,4258.615306
1094.074006,435,4259.117512
1092.719006,446,4259.632843
764.16883,307,4259.987903
568.463812,229,4260.238116
948.176365,384,4260.656507
1093.056004,440,4280.516622
570.54758,218,4280.737491
3.65956,28,4280.783746
-16.073532,1,4280.804978
570.462591,217,4281.04968
77.161057,85,4281.149343
949.014845,382,4281.566589
907.04016,374,4281.959091
10.771912,30,4282.005481
1093.337315,438,4282.520883
107.177417,99,4302.391655
721.18506,288,4302.682564
764.07024,313,4303.01554
1092.53782,460,4303.504349
950.362172,390,4303.936832
466.760293,279,4304.245247
764.040446,311,4304.586516
1092.868773,457,4305.110757
763.390675,311,4305.46279
905.852576,361,4305.849921
1090.769715,469,4325.833461
412.962472,242,4326.084714
800.970263,415,4326.600232
800.064658,407,4327.052826
719.272592,291,4327.365428
334.086794,206,4327.600895
59.199337,67,4327.687254
947.809527,384,4328.102027
471.103409,274,4328.394404
799.4102,417,4328.893975
948.777859,392,4348.877585
764.423601,323,4349.213728
719.471553,284,4349.515632
720.367906,283,4349.823656
268.718447,179,4350.021499
948.24756,390,4350.478699
721.100537,284,4350.778962
56.388316,65,4350.869424
905.958419,364,4351.262755
948.497507,380,4351.67272
215.288958,141,4371.558087
358.709273,232,4371.828582
906.052599,362,4372.196144
214.077366,145,4372.369398
802.035954,402,4372.805778
249.267747,174,4373.001534
258.637337,165,4373.170668
720.779129,278,4373.481531
719.834008,287,4373.806124
487.673763,295,4374.134313
906.304173,366,4394.04383
949.181962,382,4394.433478
569.78679,222,4394.663475
269.333381,173,4394.848887
765.02846,313,4395.204632
101.497807,93,4395.312209
146.092295,106,4395.444632
68.647778,78,4395.537353
721.181862,286,4395.846171
146.183307,109,4395.989812
473.61893,287,4415.98666
721.862383,275,4416.276925
571.227262,228,4416.502987
721.013778,279,4416.793696
483.424257,288,4417.170519
-8.020668,1,4417.19958
764.794379,307,4417.537392
508.529972,198,4417.762752
949.372927,378,4418.176331
101.5788,92,4418.273464
480.215144,293,4438.017792
670.852612,347,4438.400324
906.236432,367,4438.7686
483.890494,275,4439.046235
720.558407,287,4439.349077
949.599927,389,4439.787513
763.597362,318,4440.170497
721.526008,290,4440.479446
509.260513,196,4440.711091
251.324722,173,4440.901579
59.844326,70,4460.533653
1093.762649,456,4461.019109
907.283234,377,4461.424975
568.54671,227,4461.660491
904.962804,377,4462.06018
1093.918692,436,4462.562947
568.981355,226,4462.798553
1093.122729,451,4463.30298
510.141401,204,4463.520186
509.033699,199,4463.725935
570.342047,223,4483.615118
508.473899,195,4483.801593
251.218648,167,4483.9783
47.61544,57,4484.063408
462.556105,264,4484.341313
1092.89237,456,4484.871803
477.559467,300,4485.191543
462.46378,279,4485.566273
477.395069,279,4485.870737
570.85786,219,4486.100902
216.449132,145,4505.820678
764.037055,315,4506.154528
151.63519,108,4506.288745
571.295622,218,4506.510643
70.138157,76,4506.604422
765.68556,307,4506.931628
721.168928,283,4507.234159
71.450337,71,4507.32722
722.772138,289,4507.634582
1092.745627,455,4508.141914
948.647881,385,4528.193982
71.18649,75,4528.285087
571.345269,236,4528.527128
763.671974,321,4528.944263
949.602421,393,4529.410236
721.494882,290,4529.728964
510.435718,194,4529.935124
509.557152,194,4530.139388
721.559253,278,4530.458076
436.197026,245,4530.75755
