#{"t_start": 1775582685.097408, "env_id": "None"}
r,l,t
-92.931554,242,6.649405
-30.72019,1,6.708483
-185.849481,954,22.48053
-235.594537,909,45.431762
-120.437566,464,53.223347
-130.614432,1292,81.950891
-134.482852,424,88.998409
-176.268484,1278,121.704425
-104.214685,537,130.455557
-97.83033,587,148.431872
-146.974176,875,163.738291
-179.146597,1500,194.470793
-96.271641,619,204.409956
-115.821542,1500,238.326659
-109.895585,1200,266.722153
-86.019133,573,276.203589
-102.355362,492,294.472892
-180.640465,428,301.720574
-136.700194,352,307.247841
-33.889534,600,317.423026
-30.712492,1,317.482157
-72.425608,900,339.69737
-42.665422,900,354.84516
-79.546514,1500,393.394539
-34.587392,1200,423.594192
-30.200716,1,423.649767
-67.944272,900,443.753144
7.663077,1200,463.733814
44.656457,900,491.698162
-87.375807,1500,529.386005
-34.038153,858,543.217685
-49.352052,1200,570.765179
-104.606645,900,600.11235
-52.735462,600,610.073326
40.836639,1271,642.31273
33.352298,1200,663.359733
22.200664,600,684.182539
-20.740598,287,689.270152
121.884173,668,700.942619
99.973555,525,722.470452
-46.722709,600,732.464331
-37.261827,600,743.267248
36.48145,600,762.958728
39.594872,600,773.581865
-129.041725,828,799.048221
19.970338,600,809.13246
0.998607,600,818.99095
103.949668,900,842.58329
146.94437,1200,870.646359
48.877543,600,880.760542
38.353716,600,891.151947
2.365427,600,913.659863
1.916126,600,922.448265
834.539752,796,942.815786
66.46346,1189,963.435136
-2.046814,600,980.325666
-75.821835,102,981.828627
-30.750515,1,981.882286
-12.639283,261,986.370879
-2.482194,271,991.614784
77.192165,900,1021.770631
-88.511459,249,1026.199865
444.082872,480,1033.4902
281.534867,470,1040.763185
85.474442,900,1069.461296
-44.5334,237,1073.702114
-205.780192,91,1075.243792
-30.737535,1,1075.302881
501.060746,426,1082.637866
517.506688,1200,1113.543922
715.894051,573,1123.569334
223.516748,342,1129.423737
241.419804,337,1142.017253
493.600562,711,1155.138312
470.687232,598,1164.180952
668.26756,391,1179.020278
317.639197,432,1186.921605
182.147584,268,1191.038437
392.378277,315,1196.384967
-30.741083,1,1196.444144
32.374989,207,1200.269419
48.906321,158,1211.046623
-30.764049,1,1211.100204
603.6414,372,1218.271231
-34.450659,104,1219.804179
210.178601,301,1224.521441
391.392249,485,1232.098072
-46.315947,120,1233.797355
-60.436171,109,1235.846742
388.072082,409,1251.320084
382.507882,267,1255.690405
107.339707,179,1259.0578
202.002823,271,1264.015007
252.836741,309,1268.997746
576.796435,381,1282.93291
39.052292,155,1285.596458
360.047541,411,1292.561773
282.558983,355,1298.598792
162.499231,223,1302.694661
931.210999,763,1327.359262
-241.400284,167,1330.208832
759.198414,477,1338.508563
-7.774885,115,1341.070778
806.336637,468,1348.839613
923.755931,702,1368.85463
176.759957,248,1373.982224
48.729018,202,1377.673294
779.805755,440,1385.441823
405.405786,314,1398.685522
-80.486192,96,1400.35183
52.713935,246,1405.026288
-30.74965,1,1405.087888
240.880377,277,1410.02685
-10.114645,104,1411.949403
520.278443,296,1416.782293
14.59951,89,1418.511995
577.935273,357,1424.966794
128.916124,300,1439.351318
177.121363,305,1444.648611
479.562057,294,1450.199785
240.798136,295,1455.096465
294.163576,294,1459.511158
422.025777,264,1464.658947
-30.757321,1,1464.718536
-50.889419,600,1483.097241
172.243347,337,1489.23084
448.652745,245,1493.792452
628.356818,474,1502.906847
507.872272,272,1516.720824
594.737207,328,1521.504772
972.08734,573,1531.95385
388.657285,437,1538.961012
588.083559,450,1553.438795
216.720043,364,1560.57998
-89.81622,162,1563.634302
179.941626,386,1569.789269
466.00063,286,1574.437262
599.349215,454,1588.064298
394.231271,246,1592.995578
673.553621,466,1600.835802
294.971175,406,1608.474445
1060.837198,547,1627.154784
218.161441,308,1632.279684
314.235765,287,1637.084717
1051.184709,541,1645.415158
-115.205558,147,1648.094316
672.213461,324,1659.965546
699.811435,328,1665.709208
1063.571581,516,1674.744375
436.406292,227,1678.845424
1026.589578,545,1696.79688
171.55534,165,1699.531579
344.386221,374,1705.545946
437.848045,363,1711.953076
313.149069,287,1717.707645
311.862342,295,1730.985001
642.217945,371,1737.539273
1038.95101,495,1746.335637
381.763554,334,1751.914535
-51.900874,154,1754.518928
222.411226,263,1759.01492
145.622651,200,1768.755018
370.013902,326,1774.585864
989.371811,518,1783.938704
672.970779,342,1790.09683
-32.799613,109,1792.164771
350.848243,329,1804.316189
755.59327,418,1812.586784
850.880898,413,1819.421932
202.534165,312,1824.864023
157.496133,206,1828.451326
335.822346,343,1840.083425
367.944027,354,1846.437113
511.289781,390,1852.794387
147.922312,219,1856.455977
367.440789,231,1859.948532
522.552456,238,1863.560529
206.593193,240,1874.467796
548.655393,246,1878.490978
-30.205223,1,1878.545052
831.343146,440,1886.097753
546.808539,242,1890.571316
881.657799,430,1897.731125
462.822052,222,1909.016566
700.416465,306,1913.626221
709.099582,366,1920.04577
647.866033,299,1924.955788
308.202086,284,1929.560955
835.687391,403,1942.555777
-30.758622,1,1942.612864
959.513634,500,1951.080347
508.407387,237,1955.410204
1051.076225,497,1964.206571
511.789631,391,1977.448339
196.730141,205,1980.713278
805.486003,403,1987.251564
805.025822,436,1994.17906
1066.187509,502,2004.034306
231.028695,308,2017.024863
495.595746,235,2021.196915
335.214131,359,2026.592604
237.654142,278,2032.055836
463.28444,216,2036.286535
456.870033,235,2039.826659
897.043398,419,2052.754598
867.559134,402,2059.609745
-141.467089,414,2067.704914
237.796814,281,2072.325897
463.632376,210,2075.683715
476.399202,209,2084.506627
-30.743846,1,2084.568525
508.805214,237,2088.089779
461.907383,214,2091.349759
671.620703,351,2097.931692
-30.224541,1,2097.984781
535.770837,227,2102.089194
476.064923,216,2105.543505
264.849742,240,2109.824556
1064.488147,502,2125.17701
732.267035,387,2132.778488
497.330918,244,2136.602579
461.977219,211,2140.064207
674.010557,346,2150.971497
290.410473,318,2156.207131
1043.32739,496,2165.258908
852.733378,384,2171.909323
1030.373536,480,2187.188092
799.580701,386,2194.771697
234.074365,267,2199.465198
697.539134,355,2205.453176
1003.62806,480,2213.341528
1065.411,483,2228.660773
852.992388,398,2235.532089
1065.66004,490,2244.289368
673.848073,307,2249.408575
1066.532255,456,2262.828148
828.107793,378,2269.239408
522.44046,234,2273.381904
549.840724,233,2277.341356
824.331293,370,2284.093519
-47.926752,145,2292.887106
315.193753,297,2298.324835
-30.277096,1,2298.379911
758.249253,369,2305.17222
-30.727118,1,2305.224298
840.109772,378,2311.217364
1044.571798,484,2319.607748
1065.140304,500,2335.549671
712.653301,343,2341.606414
-75.006063,138,2344.218137
576.758133,346,2350.922346
710.347769,377,2357.638835
419.485839,320,2368.434258
698.578379,339,2373.593048
818.112331,421,2381.539057
724.951746,350,2387.516865
832.347509,412,2401.013144
647.004538,348,2407.351459
450.611725,192,2410.944581
700.678186,291,2416.677956
-30.688583,1,2416.733561
701.722611,289,2421.353608
463.543763,199,2424.425408
871.999768,404,2435.829227
757.675238,385,2442.422383
659.348159,336,2448.776493
-26.174608,79,2450.03002
871.080665,417,2456.832781
852.892554,388,2469.540122
507.701395,240,2473.958551
594.601686,324,2480.297935
-30.724594,1,2480.353007
673.927012,299,2484.982602
605.066903,315,2490.148795
818.785933,401,2496.747745
686.227693,333,2509.635126
-30.750076,1,2509.689707
1065.169449,501,2518.543509
858.010544,423,2526.430161
1066.687184,486,2540.645337
1072.138515,476,2548.678916
832.39403,411,2555.154071
688.706347,284,2560.175107
699.786669,309,2565.300081
631.446328,328,2577.605798
1068.357091,515,2586.918669
840.112714,391,2593.477915
1018.136786,499,2602.081057
240.193497,252,2612.075938
772.313091,368,2618.836035
745.661206,371,2625.54969
536.432769,228,2629.388844
-12.761352,92,2631.419745
839.764649,388,2638.926454
725.208875,334,2649.605927
536.556613,232,2653.211905
858.233035,413,2659.390956
824.923293,370,2666.178042
605.796967,327,2671.896225
1030.32696,500,2686.885588
1066.796311,468,2695.272921
528.476046,393,2702.862326
673.122955,331,2715.363824
-30.256584,1,2715.420415
609.279488,306,2720.279193
713.252971,327,2725.619933
1045.860061,464,2734.869949
1067.906244,452,2742.747351
1064.26819,485,2758.360144
701.663644,285,2763.874826
820.425854,409,2770.512333
1066.495459,465,2778.176948
584.037086,321,2791.753098
695.197613,300,2797.400199
758.396492,383,2803.525473
1057.070686,483,2812.220572
-51.029521,121,2814.042144
51.947241,194,2822.380886
871.894533,417,2829.975118
-30.734952,1,2830.026708
496.546543,222,2833.60349
712.743627,335,2839.042683
1066.662288,469,2847.493059
712.736788,341,2859.33467
-30.723164,1,2859.391859
-15.324162,104,2861.230486
725.79897,325,2866.659975
725.414652,342,2872.421512
865.697031,390,2878.96104
549.503318,224,2882.738762
506.550532,362,2896.579349
798.225817,370,2903.452627
1018.105614,485,2912.027627
-30.718922,1,2912.078716
463.502437,203,2915.855263
450.619099,199,2919.726691
567.501582,416,2932.765908
1066.837807,475,2940.203577
497.295311,212,2943.594074
357.69863,311,2949.871793
643.840856,311,2955.772784
1045.174391,474,2969.348482
1069.003942,498,2978.20937
700.78133,295,2983.883731
1057.8681,471,2991.472023
872.165093,409,3004.084833
1066.474265,466,3012.302282
701.721122,298,3018.045039
-30.755386,1,3018.104626
523.037748,222,3021.693145
515.654193,393,3035.491793
463.063236,204,3038.896025
1056.656653,487,3047.710715
687.11067,317,3053.345901
325.286984,368,3059.288348
1066.976632,464,3073.141074
852.871577,392,3080.909006
664.163905,463,3088.832658
1066.800669,467,3096.794834
522.965033,221,3105.893079
-30.744272,1,3105.95016
388.883335,322,3111.914309
695.807649,300,3117.309005
-81.298492,136,3119.578826
523.341742,220,3122.883015
866.742805,391,3130.227579
523.137917,218,3139.131288
611.220783,307,3144.99662
366.591603,293,3150.716982
518.290095,381,3156.791896
-30.719955,1,3156.843976
340.694456,283,3161.460347
725.539478,331,3166.649467
1043.759699,464,3180.293902
698.881384,335,3185.773898
1044.278961,464,3194.075798
1026.270589,480,3208.749465
885.059981,416,3216.324984
758.629467,372,3222.236456
625.253433,306,3227.133284
339.660548,290,3231.869833
1072.064979,459,3246.416671
820.214513,398,3252.788879
727.3289,322,3258.85098
365.12064,403,3265.920413
596.357915,307,3270.784418
834.443968,392,3283.676525
1071.479814,460,3291.153653
-30.254099,1,3291.214716
760.394016,373,3297.753062
-30.735571,1,3297.805611
105.406536,192,3301.158629
-30.210732,1,3301.219705
702.796774,282,3313.778135
727.064089,315,3319.176139
991.412072,486,3327.12833
496.431526,220,3330.461296
852.169551,392,3336.849869
522.635311,224,3341.042647
786.228711,360,3353.268931
740.062229,320,3359.367381
297.750318,344,3365.234058
648.884052,306,3371.055493
175.253481,218,3375.371578
516.117733,358,3386.787506
551.388782,396,3393.298998
725.675071,333,3398.418684
340.381645,307,3404.537494
1059.169446,467,3419.374792
839.865213,387,3426.558847
-30.712637,1,3426.618939
451.801494,202,3430.290339
859.511203,392,3437.529242
663.205744,406,3444.14114
-30.74519,1,3444.202739
701.895274,291,3455.095553
-30.723446,1,3455.149639
866.827522,369,3461.625657
1057.770816,491,3470.73752
451.179658,200,3474.225163
701.822304,296,3479.71775
-30.71225,1,3479.774352
221.657068,274,3491.554884
846.058164,404,3499.449011
647.672091,292,3504.395463
852.971336,391,3510.949442
509.33094,217,3514.378453
1032.335221,467,3528.958043
-30.778206,1,3529.015134
701.766672,290,3534.853741
772.053057,369,3541.793661
489.92635,193,3545.374299
350.208644,303,3550.423674
866.216608,380,3564.065489
886.252492,402,3570.318417
866.693545,380,3576.839283
866.554858,365,3583.282139
464.216671,198,3586.565741
621.49014,311,3597.154955
674.563641,303,3602.042024
675.192634,317,3607.473918
1066.35107,460,3615.520567
1044.818062,474,3624.428819
812.168448,352,3639.115374
516.556881,395,3646.230002
1031.873625,453,3654.791117
523.011681,228,3658.849692
771.262135,371,3671.949709
1052.509045,459,3679.613868
712.108893,387,3686.902192
648.945983,310,3691.896199
854.401153,399,3698.850482
-30.21946,1,3698.907053
739.287084,326,3711.437541
1066.257291,456,3720.324503
1053.94642,459,3727.679035
854.205546,365,3734.014353
-30.719482,1,3734.06892
648.716796,295,3743.810039
535.814447,229,3748.459297
1053.130874,463,3756.49824
489.9427,198,3759.954995
799.722049,354,3766.738395
739.966728,327,3781.434313
-30.716825,1,3781.488903
702.023163,293,3786.528595
-30.721764,1,3786.583218
872.577974,401,3793.827835
1044.426299,459,3801.573415
634.986784,308,3807.24047
739.226193,325,3820.008117
713.902855,320,3826.124444
846.966138,398,3833.52933
727.03307,319,3839.591063
597.6484,290,3845.155433
482.215686,225,3855.739248
1067.565008,461,3863.523981
879.035094,384,3870.522389
850.658607,426,3878.304777
1065.108662,476,3892.549359
-30.753613,1,3892.606423
-30.734354,1,3892.666006
438.557572,193,3896.017161
704.467849,362,3902.761938
477.740015,198,3906.401532
476.598168,207,3909.785179
476.607291,203,3913.111114
607.855725,308,3918.708971
372.12156,296,3929.67241
873.309847,408,3937.418571
-30.247044,1,3937.472647
620.689496,297,3942.545682
1066.796444,475,3950.977543
523.235267,218,3954.263242
866.266322,391,3967.972594
838.16473,358,3973.579823
536.228471,225,3977.412276
702.054688,297,3982.994058
1057.875141,453,3998.092456
549.680931,221,4002.365274
1032.728494,464,4010.023789
797.608557,380,4016.118065
1067.528195,475,4023.189903
523.610251,215,4034.287856
868.233064,375,4040.378776
701.415542,286,4045.60957
341.843252,290,4050.853413
1067.028257,447,4059.014891
710.874536,367,4072.504735
799.356136,355,4078.432798
701.878266,291,4083.165332
522.194154,229,4086.742753
701.773461,301,4092.199363
630.574307,307,4104.303513
685.558186,302,4109.689021
-30.745098,1,4109.745077
730.564716,370,4116.281832
509.222413,223,4120.086374
811.081518,369,4126.821687
701.295651,303,4132.379223
674.428432,307,4143.081779
867.188659,395,4149.446174
1067.292254,444,4157.502005
449.849631,204,4161.662475
701.343127,291,4166.403911
688.013245,291,4175.60113
-30.215515,1,4175.663715
-30.255978,1,4175.722299
701.45303,301,4180.46949
464.464691,195,4183.365162
1059.075015,458,4191.99198
740.108106,318,4197.467564
865.791066,381,4210.521023
702.764097,287,4215.429665
1071.113547,489,4224.883705
887.356121,402,4231.933743
476.644387,200,4234.97849
655.863342,313,4245.64607
-30.258518,1,4245.702654
739.363138,320,4250.751917
1058.377674,479,4259.95082
522.097932,221,4263.412325
-30.758747,1,4263.466897
-30.747967,1,4263.523958
886.072716,414,4276.163865
867.85175,367,4282.171205
702.935561,298,4287.97772
810.709024,383,4294.930909
687.341755,314,4299.890317
648.24194,300,4311.029766
702.819587,294,4315.471236
846.777561,415,4323.549711
1067.5206,457,4331.040844
-30.723665,1,4331.093394
-30.26849,1,4331.14507
1031.304183,476,4340.042526
852.016,354,4351.315267
864.727614,375,4358.397471
523.650499,218,4361.746742
-30.230042,1,4361.798806
701.548235,291,4366.32696
786.372645,349,4372.648378
852.066997,362,4384.355855
726.167513,328,4391.021463
-30.762253,1,4391.130098
701.12414,344,4396.503491
672.894692,350,4402.60763
785.486521,365,4408.063207
624.261605,306,4418.726208
522.610398,217,4423.007613
523.583136,219,4426.346917
1066.602878,458,4434.665761
1068.505365,440,4442.219703
476.807152,195,4451.896401
799.726284,363,4457.994677
654.096157,322,4463.299341
-30.754107,1,4463.359427
508.3946,222,4466.830811
725.913911,311,4471.478028
854.067198,376,4484.423666
703.283174,289,4489.29566
867.666583,367,4495.616294
1047.119549,471,4503.76457
1046.056223,457,4519.125121
510.615315,212,4522.805793
741.460774,344,4528.746907
423.891445,207,4532.28881
1072.262385,462,4540.621827
701.543903,294,4546.61564
476.324447,195,4557.650751
1058.98471,477,4566.201411
450.497095,202,4569.422366
853.738302,384,4576.685511
661.00333,301,4581.612301
850.230585,437,4594.619448
749.811121,349,4600.32386
898.170107,411,4608.279893
410.424688,208,4611.99814
-30.736343,1,4612.05522
713.629369,324,4617.209763
367.755654,309,4628.110492
596.31976,307,4633.207162
744.10967,360,4640.031856
852.279121,353,4646.248718
522.908711,219,4649.58145
365.968606,303,4659.427071
785.736407,366,4665.812241
701.969652,289,4671.291733
1072.149634,462,4679.788471
687.490356,291,4684.341538
535.164745,224,4687.835149
751.254135,360,4699.268941
483.477027,220,4703.439672
887.530847,391,4710.376984
635.375735,304,4715.252705
436.957197,199,4719.001606
-30.771476,1,4719.062694
363.351066,295,4729.053775
619.413086,286,4734.559525
436.592247,199,4738.588062
739.837639,320,4743.953818
464.717291,193,4746.99176
517.632322,348,4752.914438
686.346029,316,4764.04768
887.105656,386,4771.550159
758.211375,340,4777.362555
450.563311,200,4780.748814
541.190161,399,4788.130268
548.959562,396,4800.529012
799.233713,369,4807.259195
1041.374765,459,4814.408628
636.559287,296,4819.509132
714.027303,311,4824.981671
701.351985,303,4837.47406
1018.548776,474,4845.172857
866.493196,383,4852.031497
812.274445,362,4857.648066
726.865132,323,4869.647487
761.498322,342,4875.060846
1045.411162,466,4883.528548
606.039309,296,4888.643883
1067.395159,455,4896.975236
873.169028,387,4908.832546
523.601112,218,4912.270722
888.181773,422,4919.061157
886.251272,406,4925.120937
662.199138,306,4937.495433
509.164593,218,4941.007379
853.58813,361,4947.369524
867.888946,364,4954.271643
523.005416,218,4957.671383
246.607129,238,4962.179339
669.147182,312,4974.230196
688.393671,292,4978.84911
522.516296,211,4982.100953
1046.448935,451,4989.63455
701.072704,298,4995.305709
742.808972,339,5007.874915
812.065441,367,5014.696836
912.7517,405,5021.343998
725.340395,319,5026.373357
880.336266,374,5033.374463
712.569204,321,5044.878354
523.359478,212,5048.818383
807.884518,397,5055.656852
649.461579,294,5061.213891
826.166117,353,5067.904276
1071.625196,484,5082.007943
860.634527,401,5088.041441
913.339534,394,5095.636032
675.249242,313,5101.037109
1065.767205,467,5114.293683
535.995758,216,5118.072125
449.807086,194,5121.741526
1070.984137,466,5130.585753
508.616845,220,5134.276026
623.510632,312,5139.912516
777.820181,348,5154.485182
1067.185579,458,5162.954033
536.00196,219,5166.305621
701.412457,288,5171.380004
549.156889,220,5175.080235
633.516492,305,5183.64653
875.624558,424,5192.015579
635.379209,305,5196.953651
463.870349,189,5199.84678
-30.745003,1,5199.904352
1068.210533,459,5207.220845
436.635483,194,5210.467475
689.272383,300,5221.47816
886.252416,408,5228.581626
1057.05977,469,5237.172513
509.66546,216,5240.833693
1070.504452,459,5254.341994
853.443922,368,5260.789264
329.472907,284,5265.40758
688.261036,289,5270.8161
1067.940641,457,5279.221053
760.511771,343,5293.097714
899.164773,392,5300.263548
671.732019,293,5305.131503
482.43104,213,5308.48087
801.428337,348,5315.226739
476.57436,188,5319.283541
1066.907699,460,5334.571386
-30.774466,1,5334.632032
729.181239,341,5340.705244
522.645964,212,5344.934737
551.51428,386,5352.807597
-30.22443,1,5352.865183
868.496755,369,5366.038553
1067.183916,457,5373.615489
759.37863,349,5380.985618
-30.265453,1,5381.049233
522.503183,212,5384.606839
656.01243,310,5390.179016
1055.52351,490,5405.656981
621.801853,306,5412.274123
761.105789,345,5418.2113
450.472023,191,5421.464175
674.90118,286,5426.484801
721.160973,340,5439.06697
837.73238,362,5446.09536
700.269732,318,5451.991291
411.216927,188,5455.479747
733.758309,343,5461.950399
877.662691,386,5469.503013
-30.746346,1,5469.561606
689.435851,288,5481.07373
523.09552,219,5484.78529
522.962459,220,5488.674399
881.010385,366,5494.517453
609.572352,293,5500.098305
688.555767,292,5506.298992
880.40124,378,5519.497481
683.021503,300,5524.889488
-30.740547,1,5524.947609
745.734226,374,5532.161777
708.724761,349,5538.832156
713.341169,339,5552.164683
549.132647,215,5555.915912
866.271258,366,5562.543069
673.37676,314,5568.995543
674.393078,309,5574.596152
396.127892,193,5578.313176
-30.21134,1,5578.371761
811.53185,362,5591.892238
689.268976,289,5598.059511
773.487536,333,5603.854556
1068.234766,442,5611.152417
702.041311,284,5615.805042
1066.327711,468,5630.291234
494.324306,224,5634.076709
-30.239273,1,5634.136836
436.463133,195,5637.636822
443.807932,219,5641.857782
411.243771,181,5645.329656
675.347641,338,5651.210474
339.199256,280,5663.928289
701.336839,316,5669.237114
899.99204,391,5675.771726
518.788063,374,5682.260427
1046.006655,465,5691.961858
1066.076616,460,5705.666149
1019.137226,459,5714.105508
712.679151,320,5720.711332
1072.972838,456,5728.615915
755.099493,337,5738.988216
532.675895,373,5746.014512
713.757907,347,5753.646681
646.324902,298,5758.723165
747.904081,341,5765.151202
463.235417,189,5775.22999
-30.253426,1,5775.286206
1053.580069,454,5784.774331
1058.947784,454,5792.351507
339.054438,284,5797.168003
799.776054,359,5811.287521
1005.715124,462,5820.297725
585.480684,301,5825.905409
-30.712271,1,5825.964414
838.270935,365,5832.636114
700.06295,313,5837.767572
1067.650313,451,5853.657669
594.701622,296,5858.638169
702.222451,298,5864.178758
1066.236746,457,5873.041615
665.891914,300,5879.343401
529.393497,376,5893.308009
746.631745,327,5898.585401
865.608426,372,5905.658615
812.327439,366,5912.414503
536.665271,214,5915.937801
1067.568899,469,5928.855139
714.821966,303,5934.721896
-30.738708,1,5934.784998
435.957455,201,5939.20433
812.690355,345,5945.552798
726.638283,317,5951.127332
854.248769,376,5963.309211
725.594467,321,5969.987978
449.16096,190,5973.312602
725.778666,340,5978.876219
738.502741,312,5984.912864
516.494579,300,5996.703864
754.206079,327,6003.854136
867.214821,362,6009.947164
661.411584,312,6015.358168
548.413734,223,6019.362378
728.401622,360,6032.635651
674.812419,293,6037.542136
535.674661,222,6041.418875
687.932716,301,6047.410661
644.49911,295,6052.902096
570.854633,393,6060.78092
786.386679,347,6074.569884
1044.86512,472,6082.453319
1053.988097,456,6090.401592
1057.771943,473,6099.289427
798.885193,373,6112.621373
1045.57989,450,6120.949514
700.781551,291,6126.777077
688.337272,299,6131.742449
726.407194,311,6143.625803
225.78306,226,6147.415065
879.586607,374,6154.542406
772.915241,361,6161.536388
548.843254,226,6165.721182
450.529643,205,6169.720685
826.507004,352,6181.822647
632.277777,291,6187.889592
1068.465024,458,6195.593392
604.06734,432,6202.948976
1067.336524,464,6218.644914
688.688782,293,6223.506756
698.622457,319,6229.316684
875.870426,423,6236.994734
130.098938,180,6240.515978
886.574025,399,6256.175324
865.824152,382,6262.682894
688.393642,295,6267.627035
-30.753202,1,6267.686158
1045.934535,462,6276.878483
701.708877,291,6282.593248
-30.776108,1,6282.650328
640.781908,306,6293.952413
673.897296,286,6299.392124
880.369361,382,6306.907554
1071.78278,468,6315.764953
726.522484,303,6320.843388
812.088265,362,6333.612591
-30.742022,1,6333.671726
682.406975,300,6339.857905
924.77967,404,6347.015671
736.16059,335,6353.219214
661.664888,296,6358.659397
726.665134,317,6371.030358
1067.563782,449,6379.055484
911.746705,408,6386.492211
564.473516,390,6393.374169
850.758822,423,6409.477294
702.417702,294,6414.964362
-30.230381,1,6415.021451
549.235592,215,6419.137431
863.002517,426,6426.515255
874.33799,409,6434.635052
1066.641704,470,6449.110199
634.781077,318,6454.777546
812.35307,354,6461.852895
709.398307,351,6468.975072
208.294009,215,6472.90208
-30.765579,1,6472.956684
701.310808,287,6484.250366
336.773221,278,6488.912169
757.174943,334,6495.885063
825.249589,349,6501.8768
650.170148,301,6507.078811
899.309945,407,6520.668581
644.939409,299,6526.994427
701.233171,286,6532.23243
867.23067,361,6539.022606
632.271887,293,6544.133378
825.222685,358,6556.887329
726.499715,323,6562.647967
-30.752819,1,6562.759655
711.97248,330,6568.406605
460.613797,203,6572.20341
476.445727,188,6575.748655
1070.267499,484,6590.985029
608.264606,298,6596.023068
699.544968,324,6601.811986
-30.713867,1,6601.870583
727.086914,307,6607.171218
490.870405,198,6610.497769
-30.729082,1,6610.553407
1059.258451,452,6619.938824
839.20224,359,6633.182408
657.340643,299,6638.791994
787.961281,329,6644.800969
-30.725101,1,6644.859595
682.465878,298,6651.347593
687.862376,305,6656.782355
651.080229,303,6669.476308
675.126516,283,6674.001135
838.197446,368,6681.467709
655.927009,302,6686.866923
539.833489,390,6693.726399
700.703728,313,6705.157279
900.757906,391,6712.661901
727.445038,314,6718.106515
900.02998,391,6724.493856
867.607621,379,6730.916777
535.13248,213,6741.020904
866.241622,377,6747.95527
898.921331,405,6754.545431
595.68753,307,6760.123131
881.566354,363,6766.469878
812.989375,355,6778.507379
655.423965,297,6783.5126
902.455614,437,6790.773735
746.73519,333,6796.006443
636.831483,294,6806.26021
1066.633482,452,6814.420574
477.961912,190,6817.528618
872.283844,401,6824.678506
887.783994,439,6831.903311
701.238602,299,6842.791818
899.543634,398,6849.034932
1032.813814,450,6856.389971
885.773688,394,6863.49754
291.73663,258,6868.538356
695.698381,300,6879.342369
1057.780039,469,6887.089823
356.860735,290,6891.694285
868.148735,373,6897.260244
726.785025,312,6907.865585
1067.949334,444,6914.701005
1068.482546,453,6923.123579
449.479516,189,6926.158659
-30.749971,1,6926.213753
867.355101,374,6932.873923
725.705998,322,6945.063922
887.37341,386,6951.307205
907.238139,436,6958.387169
700.912392,294,6962.825171
898.800357,409,6975.465761
841.787607,366,6981.90617
872.828815,404,6989.608577
1058.795206,464,6996.961695
-30.708385,1,6997.0188
463.599814,194,7000.672565
674.985068,304,7012.373529
824.525701,359,7018.250416
862.130939,442,7025.885853
725.192452,320,7031.688099
762.247177,335,7038.39884
1066.205686,469,7052.191045
-30.751593,1,7052.253124
548.658348,216,7055.913635
880.955334,364,7061.325864
635.460092,294,7067.264947
740.502171,319,7073.088458
913.678531,389,7085.288301
1072.987662,456,7093.502507
847.158226,390,7100.848684
-30.774195,1,7100.903268
851.291386,368,7107.414523
598.165297,296,7118.283582
649.873314,304,7122.943851
510.552409,218,7126.164628
476.700502,188,7129.710436
634.352528,309,7135.838789
701.102266,298,7140.65819
824.66748,375,7153.897818
717.544249,348,7159.969281
887.284409,385,7167.534172
1066.061112,470,7175.375144
739.788389,308,7180.046693
647.64355,298,7190.844542
1067.769152,452,7199.628006
878.898254,391,7206.239081
1066.545698,443,7213.757686
674.642705,291,7225.066138
-30.742367,1,7225.120708
1045.888851,450,7233.602618
866.87257,382,7239.779802
551.013566,381,7246.010638
1070.982553,459,7260.45301
462.137782,198,7264.555633
685.640436,308,7270.105366
703.762923,338,7275.529258
880.201973,379,7282.2712
810.917103,361,7292.862823
725.672104,322,7299.065741
824.60023,380,7305.044248
689.162951,280,7309.943009
662.451432,287,7315.108011
840.857582,357,7326.757703
621.904162,311,7332.942014
867.115189,378,7338.771657
746.992854,332,7343.989026
834.824596,397,7350.126824
541.127171,384,7361.310364
799.79335,367,7367.704432
712.546242,319,7373.024359
655.657026,310,7378.877978
726.954613,312,7383.902609
688.447036,288,7395.246939
1044.605294,476,7402.99346
887.356739,441,7410.573522
634.459599,305,7416.059433
650.046892,303,7421.486347
462.44957,193,7431.830648
739.572567,319,7436.910797
880.421642,380,7443.415334
-30.76025,1,7443.469914
549.457562,219,7447.055625
1067.111622,477,7454.587054
700.789969,294,7466.078834
866.477495,373,7472.186394
852.198879,353,7478.904005
851.891545,374,7485.293107
1059.244405,453,7500.501859
824.560622,361,7506.146117
687.880325,294,7511.081488
865.427713,378,7516.984902
674.24648,290,7522.378896
1058.053382,490,7537.564288
-30.263912,1,7537.618864
1058.465629,464,7545.935302
912.154681,404,7552.707299
1044.53448,488,7561.764388
409.794451,195,7570.918565
611.397414,294,7575.646793
634.722325,312,7580.676196
730.860657,352,7587.044899
848.952321,447,7595.565854
522.570063,218,7604.232314
560.609303,392,7611.403394
634.313302,296,7616.147078
34.970477,122,7618.291122
701.357807,301,7624.257122
911.242838,405,7630.879313
853.143113,347,7642.379529
860.267192,403,7649.376033
673.316784,313,7655.392738
867.177887,378,7662.2399
711.735873,316,7674.012133
-30.759256,1,7674.064704
620.077931,292,7678.625529
535.075532,215,7681.875142
636.44131,338,7688.132657
437.201162,200,7691.906284
879.943024,361,7697.792905
449.701955,195,7701.34134
-30.749926,1,7701.397919
682.084903,300,7712.716234
522.760054,211,7716.315625
648.290437,301,7722.348366
1068.077625,437,7729.461296
-30.76405,1,7729.514378
1067.051525,451,7736.998136
866.640483,378,7750.407522
619.780652,301,7756.277628
825.723064,360,7762.407816
522.427745,221,7765.982268
1065.693472,468,7780.509416
687.513901,294,7786.149109
881.065385,370,7792.811713
899.394478,409,7799.197048
-30.767005,1,7799.254637
1067.504004,465,7806.902311
689.262928,283,7816.714536
510.399655,216,7821.138434
423.733567,192,7824.384641
740.403885,311,7829.253752
250.892057,247,7833.758879
350.173613,283,7838.300034
867.501556,385,7850.463723
542.767062,387,7857.325972
712.268174,324,7862.540549
437.332807,195,7866.174961
685.962718,294,7871.586196
341.183045,290,7882.264946
900.979007,388,7889.572051
1058.522413,466,7896.917552
912.050363,404,7903.523222
719.156081,336,7908.541843
335.862249,284,7919.266354
674.322287,297,7923.901225
739.869759,322,7929.431519
1031.148106,474,7937.955577
675.772974,295,7943.1281
866.24804,381,7956.146835
674.509091,285,7960.45461
1071.239809,468,7967.914136
798.748395,353,7973.75337
1058.985594,462,7988.043886
860.473608,391,7994.810851
-30.722452,1,7994.867422
825.049673,373,8001.609656
-30.245846,1,8001.662225
761.143435,342,8006.850667
887.458234,446,8021.179829
886.187155,414,8027.813972
450.590902,196,8031.433692
825.862016,372,8037.935254
1032.090377,456,8046.52188
1027.845059,471,8060.778737
482.790458,219,8064.600792
787.730126,335,8069.709268
475.954892,189,8072.555372
317.623523,278,8077.839458
825.588099,363,8089.624978
518.637751,374,8096.411039
736.075432,336,8102.44586
-30.243916,1,8102.500946
-30.249641,1,8102.553033
1031.876447,474,8111.180124
872.640131,410,8123.716953
740.291798,328,8128.888148
674.629695,308,8133.996233
477.458121,196,8136.730384
833.34024,430,8144.926861
854.72734,361,8151.39514
688.404595,294,8162.518587
838.340609,365,8168.656649
849.555218,421,8175.955982
853.10816,447,8184.182719
496.527903,212,8194.478056
-30.259249,1,8194.53514
481.583503,219,8198.193961
785.110993,362,8204.433978
648.9648,299,8210.227496
1057.766232,474,8218.614893
-30.762768,1,8218.666958
1072.014352,481,8233.114464
-30.749123,1,8233.171536
-30.747475,1,8233.223104
-30.258133,1,8233.276252
674.257448,308,8238.039888
687.073772,298,8243.678901
718.799864,341,8249.345583
1071.837221,486,8257.651551
699.932594,323,8268.930626
675.173695,289,8274.329815
1065.865787,455,8282.573051
1006.78219,453,8289.940177
1054.199155,462,8303.279423
1045.646603,459,8312.049187
755.610747,335,8317.462195
1067.794659,452,8325.538047
503.018183,373,8338.317671
702.398467,287,8343.794038
1046.987862,463,8351.182353
826.335843,365,8356.931606
510.115637,213,8360.178024
1068.746958,452,8374.176513
755.117694,342,8379.987347
-30.772608,1,8380.08906
236.026433,220,8383.566831
564.054541,402,8391.189407
621.890923,303,8395.946547
522.509575,216,8406.026533
850.895952,420,8413.494262
661.731669,299,8418.087386
449.514023,187,8421.187604
880.419812,382,8427.915189
674.375001,304,8440.190819
475.672314,196,8443.739903
1058.688623,476,8451.445608
838.689458,367,8457.37935
688.188096,291,8461.840412
866.365677,389,8474.993706
647.286414,295,8479.396652
532.835743,409,8486.660597
1021.215322,456,8494.818996
662.282015,294,8500.320097
633.664424,287,8511.660298
688.574375,288,8516.047907
1066.244108,468,8523.430289
867.809321,377,8529.155794
725.770734,317,8540.336927
325.07333,270,8544.636774
799.7626,349,8550.757191
746.310298,331,8556.764916
886.683455,389,8563.06159
739.314707,317,8575.669388
764.673618,339,8581.042606
1059.505441,473,8588.747803
847.294246,405,8595.467869
-30.761288,1,8595.529954
701.305562,297,8601.592756
637.255058,293,8613.500814
842.677533,430,8621.336813
-30.238844,1,8621.390276
509.211084,216,8624.594968
612.324322,301,8629.705616
1020.883874,456,8638.494438
702.293462,293,8649.39492
646.383411,297,8654.947392
1068.744519,447,8662.841493
476.214365,201,8666.691249
689.553521,293,8672.181687
687.835791,302,8683.621843
1067.634418,462,8691.029493
326.532502,270,8695.626193
482.875564,220,8699.885487
757.77255,340,8705.807271
522.121729,218,8709.420697
535.52683,220,8719.505717
291.658702,252,8723.872662
716.627786,327,8729.733751
847.782809,406,8737.526338
689.01809,285,8741.846735
701.348255,340,8752.12004
1067.141604,474,8759.542367
900.901774,392,8767.493814
1046.836247,470,8775.081867
436.397683,196,8778.898191
739.965361,306,8790.081341
-30.753944,1,8790.13664
701.144515,305,8796.231828
538.672625,391,8803.619618
483.648345,210,8807.197267
740.046132,329,8812.825481
509.458934,220,8822.309029
748.035704,331,8829.035781
838.919204,364,8835.802016
597.290104,298,8841.157257
770.577337,348,8847.139974
854.93641,437,8862.27094
714.536057,319,8867.583765
834.414859,426,8875.33281
1068.09587,458,8883.922383
496.836427,214,8888.211552
855.694672,371,8903.074163
673.166001,316,8908.993093
701.75589,296,8913.680617
535.930339,220,8918.039545
610.470475,314,8923.960486
536.75938,219,8927.569338
1058.606803,475,8943.528701
687.837287,289,8949.054524
510.268627,224,8953.573691
-30.726875,1,8953.633293
-30.769897,1,8953.687388
536.139341,210,8957.21397
535.536063,211,8960.764411
547.832003,222,8964.494636
741.112863,326,8977.164817
542.054978,382,8984.990045
412.323424,192,8988.312381
522.429756,216,8991.822307
701.815688,292,8997.362973
852.117284,376,9009.854628
615.891413,297,9015.864597
811.933647,373,9022.449441
825.719966,365,9028.857139
1067.581211,444,9036.219492
1059.201057,479,9051.562997
700.157425,305,9057.085388
1067.031604,458,9065.793811
331.000742,275,9070.844056
1059.792501,475,9086.33381
536.115725,221,9090.29788
1071.453878,472,9098.175622
852.03535,356,9104.566079
697.408808,333,9110.596354
797.874132,383,9124.567537
522.822974,213,9128.390683
594.853432,289,9133.703583
522.895042,230,9138.318771
438.085071,188,9141.659116
1069.399614,439,9149.370904
510.207526,225,9159.935361
867.782463,368,9166.506969
713.002511,331,9172.559575
1046.720171,458,9180.877658
826.474547,362,9193.88441
336.129567,288,9199.517714
522.558413,219,9203.494595
491.100828,188,9206.6098
648.908647,302,9212.325118
701.110821,316,9217.909065
888.239006,404,9232.626158
839.80568,353,9238.995063
689.046854,294,9244.524202
497.390211,214,9248.337088
851.169771,367,9255.156879
1073.923491,467,9269.728788
714.057327,318,9275.296894
535.764232,207,9278.600019
852.114527,359,9285.141204
851.368226,367,9292.479184
687.801696,304,9302.914476
522.92393,222,9307.170556
861.481653,405,9314.282707
1067.158871,474,9323.528265
622.036755,295,9328.674123
397.221412,192,9331.898918
1045.622221,480,9348.283179
900.243515,413,9356.080064
827.348826,351,9362.373108
536.193809,224,9366.627949
-30.223545,1,9366.684035
913.970697,393,9380.25885
534.883482,412,9387.824628
913.950986,398,9394.468363
437.721744,195,9398.031963
1067.851926,460,9406.04194
535.916464,226,9417.726004
879.265613,393,9424.601955
-30.756636,1,9424.662692
449.68009,190,9428.460238
496.355384,221,9432.40624
674.518665,307,9437.772985
543.409196,391,9445.761396
635.787499,307,9457.579856
-30.740887,1,9457.63945
463.698056,190,9460.988228
1055.076096,454,9469.583925
451.22595,192,9473.721035
525.047305,401,9481.469795
623.659388,293,9494.076208
671.378684,343,9499.402557
889.319311,446,9507.749206
703.724745,284,9512.508705
703.02719,294,9517.290095
740.680713,303,9530.144024
1072.960802,458,9539.052775
1059.706986,455,9547.11133
523.22834,219,9550.855642
880.558263,364,9563.085844
880.430105,375,9570.772115
-30.226448,1,9570.824209
863.089294,432,9577.794299
1068.303426,463,9586.71995
854.870039,365,9592.996829
881.982003,367,9605.808116
-30.237011,1,9605.863783
529.983605,386,9612.674189
867.058537,362,9618.598284
874.688191,447,9626.178404
726.703823,322,9638.766306
825.285259,369,9645.358822
-30.766233,1,9645.419051
854.753598,375,9651.929596
-30.761204,1,9651.98632
688.818202,293,9657.31661
912.371752,412,9665.144536
862.001336,385,9676.681654
1068.505312,454,9684.58537
702.915242,287,9690.062853
739.894473,314,9696.124091
847.194689,399,9710.848265
634.094496,302,9716.108258
873.936584,397,9723.759374
1067.937893,438,9731.757838
483.200478,220,9735.240725
483.529103,228,9743.761934
700.906546,318,9749.352976
1068.450684,440,9758.371642
1065.937897,473,9766.405318
1046.657957,463,9780.27424
687.413776,308,9786.178664
594.475372,295,9791.973481
660.754851,296,9796.695244
1058.867119,484,9805.771697
881.489154,375,9819.126521
464.168763,186,9822.606037
787.310612,332,9828.766803
372.873319,304,9834.725398
881.81525,367,9840.83062
901.201237,398,9855.891612
598.762693,309,9861.075121
457.007309,212,9864.712165
689.541867,283,9869.935732
811.610335,370,9876.612799
876.259422,385,9890.872637
1046.933845,461,9898.979343
853.288743,380,9905.023844
483.756385,213,9909.01388
683.393645,326,9915.48934
438.05649,187,9918.661535
464.295775,190,9929.039562
878.214038,382,9935.973876
1072.99627,466,9945.385505
841.167976,352,9951.941157
1066.611186,462,9966.182417
462.675075,200,9969.389576
1068.704051,444,9977.891969
535.232915,220,9981.765235
914.091137,412,9989.126003
620.588522,302,9994.841669
1046.753662,463,10010.408303
497.291396,224,10014.283787
888.905527,441,10021.898634
1068.764148,443,10029.045456
700.790744,298,10041.83318
866.860381,375,10048.56251
913.676516,406,10056.195119
537.606352,221,10060.187769
853.736912,367,10067.109262
901.884978,380,10080.000694
550.856208,219,10083.800659
688.501143,288,10088.689496
634.090033,302,10093.791723
928.547296,450,10102.946678
741.375375,315,10115.440503
868.249142,380,10122.524705
699.321365,335,10128.532561
699.470806,309,10134.755177
702.101604,286,10139.996131
537.540135,216,10150.422853
510.292028,222,10154.115975
535.982408,222,10157.545715
672.218293,294,10163.579667
839.988031,357,10170.507257
1072.263212,479,10178.966357
838.797653,372,10192.236346
827.287122,357,10198.94746
853.033136,352,10205.130213
-30.233685,1,10205.183294
483.300339,215,10208.833684
535.52588,221,10212.798062
647.757993,303,10224.599082
1034.266576,448,10233.591457
868.022771,377,10240.002872
622.37132,297,10245.476949
880.677165,375,10251.415813
1060.066924,452,10266.717882
714.396973,315,10272.102914
523.655044,216,10276.03476
672.325634,309,10281.893035
723.46994,340,10288.423481
476.349265,194,10298.811997
813.370175,362,10305.388025
866.166396,369,10311.738872
535.184098,222,10315.349526
726.606998,316,10321.077542
713.283532,311,10333.512553
926.956782,393,10340.979016
763.682094,337,10347.106285
839.052866,358,10354.129962
901.617574,443,10362.631697
702.445762,286,10374.733104
702.934735,285,10379.279369
-30.747471,1,10379.331983
900.017403,388,10386.640954
536.668393,214,10390.866991
-30.244715,1,10390.922626
838.470089,374,10397.783088
699.789784,319,10407.905899
850.830128,369,10414.718893
674.0476,306,10421.106837
865.308708,389,10427.604704
-30.756115,1,10427.658306
522.992548,210,10431.272182
509.407708,215,10435.034563
675.314374,285,10445.509397
726.812431,312,10451.694951
511.151916,218,10455.718586
635.448266,298,10461.077131
912.792713,397,10468.322412
852.498824,362,10481.056069
478.213744,192,10484.337365
867.356609,367,10490.477858
826.6988,362,10496.810308
-30.254196,1,10496.873074
673.599618,310,10502.26443
873.804383,393,10517.216566
435.531542,196,10520.557543
881.224054,366,10527.497584
683.335524,300,10533.051489
675.203398,295,10538.317605
1068.724463,449,10553.33473
1034.832061,452,10561.343374
879.596434,379,10567.88308
862.242507,445,10577.025874
887.748711,398,10589.44707
880.461364,369,10596.002716
739.283895,325,10601.579791
1058.767664,469,10610.77793
688.424292,297,10615.732104
1045.665158,474,10629.586372
900.106917,402,10637.627608
674.455298,298,10643.565635
739.267639,324,10649.385055
686.852722,298,10654.668491
890.181203,420,10668.708809
688.571878,299,10674.250113
703.011666,289,10679.164417
671.62706,290,10684.623547
672.901363,306,10690.312193
638.380599,287,10703.781562
1058.028251,471,10711.608378
1072.727682,468,10720.011804
837.300937,385,10726.257554
810.988942,370,10737.550224
853.131253,378,10744.16675
866.222083,375,10751.168884
714.88193,326,10757.073255
1068.439671,445,10772.672002
786.372073,358,10778.673197
712.903923,335,10784.207953
1044.480184,479,10792.857368
686.590613,307,10798.835495
359.677647,290,10811.400471
463.03136,193,10814.879582
496.369085,208,10818.329565
437.401252,188,10821.757727
762.869019,326,10828.484032
688.620436,284,10833.177033
889.709699,431,10847.461803
727.50643,306,10852.36837
712.627788,318,10859.102684
1046.770484,454,10867.314
740.721214,302,10873.006862
852.75096,358,10884.494412
766.598917,329,10890.928267
521.979134,210,10894.691959
1066.257162,456,10902.466567
661.448598,306,10907.86268
1067.250856,459,10923.779453
620.430719,302,10928.816838
713.668828,323,10934.764391
1058.778452,473,10942.876229
902.281424,439,10956.328595
700.137364,317,10961.475829
536.01185,222,10965.634241
726.726013,313,10971.620205
673.7705,301,10977.101867
1067.773377,472,10991.958113
686.884156,320,10997.81506
1045.094373,477,11005.942304
701.687896,295,11011.210192
702.198206,283,11016.661809
548.953042,217,11026.715959
550.642941,214,11030.77334
1032.310465,449,11038.649002
749.881045,346,11045.416739
854.925623,367,11052.235294
622.709931,315,11064.247282
1068.187792,437,11071.311746
676.172788,304,11077.220299
722.881104,300,11082.626742
523.926052,221,11086.502333
880.6285,377,11099.529118
656.933353,302,11105.070266
623.473791,305,11111.552773
616.827707,294,11116.620646
1067.978365,467,11124.466474
-30.757055,1,11124.526578
522.525456,211,11127.768924
787.631617,349,11139.700211
728.606668,338,11145.678865
868.114977,371,11152.513716
-30.24865,1,11152.570819
1067.316679,460,11160.870175
550.008215,220,11171.048953
887.832825,408,11178.305007
900.706577,384,11185.104548
550.155393,211,11188.769399
451.680148,190,11191.792798
1068.362699,443,11206.256608
701.766881,289,11211.154909
849.712395,429,11219.345983
812.379164,358,11225.64663
509.677804,214,11229.230322
1039.924081,464,11243.883481
853.174414,347,11249.876295
926.390151,396,11256.653219
662.399499,293,11262.276168
924.697162,401,11269.884634
674.409322,285,11281.932031
880.35472,389,11288.722475
825.225515,359,11295.429923
476.611842,195,11299.097053
-30.74939,1,11299.154149
687.564218,318,11304.356755
672.972938,293,11316.034324
723.66593,320,11321.539437
-30.2526,1,11321.602551
1068.039914,457,11330.803085
549.672055,215,11334.725988
682.74828,331,11340.388782
862.735155,445,11353.044065
903.58079,429,11361.344389
713.082268,299,11366.562908
702.966342,295,11371.762678
863.09239,434,11379.757401
477.495466,195,11388.853236
881.466399,380,11396.135942
713.014866,318,11401.552315
673.669837,299,11406.992853
879.597848,382,11413.344536
662.857426,297,11425.915088
713.686985,320,11431.393069
522.798394,209,11435.5388
688.446521,289,11440.96412
463.13856,187,11444.315193
674.237144,313,11450.900704
876.56233,429,11463.988971
1067.023068,462,11471.826982
760.242802,326,11477.435982
881.251254,385,11485.477656
759.259309,326,11497.874582
-30.728893,1,11497.990828
409.979196,190,11501.571782
437.429449,184,11504.880669
1073.158539,466,11514.156893
673.956333,306,11519.831276
702.063011,285,11524.719901
689.415681,295,11536.375899
687.860865,304,11542.072146
739.019354,331,11548.814179
674.59469,294,11553.93704
437.049625,189,11557.549796
899.466173,402,11565.199658
859.497455,411,11579.872995
656.81333,303,11584.994308
726.665936,320,11590.790875
926.17791,417,11597.896891
522.897303,217,11601.757021
854.234928,371,11614.822476
1067.446574,465,11623.866805
509.889222,220,11628.05837
675.45482,293,11633.009465
713.456441,308,11639.232036
675.040583,298,11651.462499
739.498153,327,11657.192745
688.37427,306,11662.644245
1069.301494,447,11671.851663
756.225945,336,11684.70628
914.731691,444,11693.234149
852.078375,361,11699.63005
622.268518,296,11705.35016
-30.743578,1,11705.402452
1033.42297,476,11713.418405
-30.75452,1,11713.473982
660.889403,297,11725.446021
880.746698,384,11733.221733
799.051474,364,11740.000265
734.94279,337,11746.010383
-27.046602,70,11747.370826
874.750137,385,11759.895986
582.711961,299,11766.034783
1031.167943,483,11774.467249
1073.018121,460,11782.940699
940.927544,433,11798.951968
716.654683,327,11804.756507
854.80589,383,11811.809989
-30.253866,1,11811.878594
862.698241,396,11818.631207
648.10098,297,11824.116462
867.192661,376,11836.574227
913.500508,402,11843.913353
1068.761306,457,11852.016306
699.80947,314,11858.510817
-30.740723,1,11858.572942
864.008609,429,11873.883689
701.306664,296,11879.030387
714.562169,310,11884.712054
-30.745815,1,11884.779727
913.687207,385,11892.261824
652.07431,300,11897.298771
867.941106,364,11908.935938
593.729506,300,11914.639354
900.793323,393,11922.634183
536.498323,213,11926.113245
489.091877,205,11929.568497
649.033932,290,11934.55019
536.986027,222,11944.526325
852.798399,360,11951.710291
687.252887,312,11957.186148
693.903831,330,11962.925407
881.256054,363,11969.679931
1068.311504,455,11985.411285
911.538687,413,11992.494573
-30.761902,1,11992.549686
675.308638,296,11997.535654
328.355634,267,12001.948098
880.205221,361,12008.2083
-30.735126,1,12008.274003
457.582515,209,12019.698335
872.956305,405,12027.180858
868.253313,362,12033.805553
1069.037341,449,12042.748249
606.680514,288,12048.048682
700.766089,340,12058.67144
825.628915,361,12064.639012
687.008043,304,12070.244227
850.246282,437,12078.968211
599.728277,297,12090.862627
-30.272984,1,12090.924214
631.260444,304,12096.288566
662.872336,352,12102.233221
1058.897492,471,12111.67696
523.130306,221,12115.325354
912.831971,405,12127.114235
661.825305,299,12132.516285
219.626742,230,12137.021401
740.298127,307,12143.292147
509.392173,215,12147.012756
1046.480901,463,12155.363635
701.538004,292,12166.041543
1031.710275,465,12174.903392
700.867842,297,12179.813032
899.437975,407,12187.400343
900.238493,385,12201.71764
687.56582,307,12207.539595
886.838725,385,12214.088335
1046.047278,457,12221.696694
1053.398372,467,12233.744023
867.979168,383,12240.518646
711.915144,318,12246.526288
-30.73542,1,12246.584891
700.757406,286,12251.585004
752.51765,329,12257.29917
726.182014,321,12271.049837
642.292623,295,12276.046644
496.44883,218,12279.798791
701.959832,293,12284.622895
682.914062,300,12289.336707
849.499732,417,12297.81866
928.119214,437,12310.755102
450.977566,195,12314.416128
675.675404,293,12319.209842
1068.273083,465,12328.386235
874.837977,399,12340.772105
913.618808,389,12347.23415
853.594258,376,12353.34966
701.699808,295,12359.440165
536.576917,219,12363.803694
489.979014,202,12367.351649
862.574949,431,12380.694099
451.004581,194,12384.041712
727.461181,308,12389.500248
1066.907963,460,12397.983171
914.270966,388,12404.334716
700.600893,310,12415.536625
852.382857,371,12422.512638
657.819445,299,12428.407802
902.94013,441,12435.69505
868.583331,380,12447.084248
1069.895317,440,12455.285183
714.126044,297,12460.551
851.533601,376,12467.327674
670.860942,304,12472.917533
696.39677,300,12484.726219
1044.689448,484,12493.81741
689.010576,292,12498.710977
881.154606,387,12505.053437
535.65231,221,12508.664442
863.166381,433,12522.542728
726.678971,337,12528.240999
1020.400257,450,12536.851812
648.638015,294,12541.999061
-30.735325,1,12542.058316
1067.905891,448,12557.642485
522.708364,217,12561.566617
1069.491006,443,12569.409094
642.605978,301,12574.045967
887.063072,388,12581.734121
605.458743,306,12593.330201
-30.219414,1,12593.392314
712.771284,324,12599.697842
726.856213,318,12605.493964
624.973072,309,12611.67144
695.513857,330,12617.729703
725.982488,312,12629.270219
737.8328,318,12634.370847
1068.507016,463,12642.680319
867.815373,386,12650.03207
847.913768,400,12661.862867
839.908743,354,12668.275229
651.618671,281,12672.930539
899.997562,394,12680.62233
713.14781,315,12685.821326
435.802427,189,12689.16802
889.460612,420,12705.363966
477.316282,191,12709.275809
1069.434905,441,12717.00776
437.008267,190,12720.464136
648.51895,291,12725.624941
1072.860068,470,12740.214443
451.231003,194,12743.888701
463.370074,200,12747.195068
449.311569,194,12750.383633
464.074106,199,12753.899717
890.255317,439,12761.952484
661.782086,303,12774.500009
913.236757,401,12781.280775
536.222026,213,12785.220864
900.038631,396,12791.815054
535.741511,220,12795.267368
826.994627,358,12807.760181
549.481051,389,12814.290868
551.538962,395,12821.78764
913.835059,399,12828.755297
880.847108,355,12835.966882
-30.748999,1,12836.025493
606.545451,290,12847.285157
436.983474,191,12850.554495
-30.760094,1,12850.6122
549.096491,216,12854.42945
869.006175,358,12860.090388
672.95516,294,12865.623479
660.433102,304,12871.62552
874.242087,400,12885.433175
647.665384,299,12890.712916
1067.648956,463,12899.852407
862.657405,430,12907.373072
687.42887,308,12919.929203
889.074832,443,12927.500042
687.913187,286,12933.28085
423.073192,193,12936.742263
-30.250992,1,12936.795349
621.458079,292,12942.003428
887.685446,393,12954.949179
1057.228247,475,12963.8508
477.135013,187,12967.184239
850.968186,366,12973.312224
651.389914,297,12978.433817
700.90788,291,12983.462304
673.606934,315,12995.55523
424.550729,195,12998.964526
868.783681,364,13005.40754
725.847696,318,13011.217231
437.557911,194,13014.581784
799.895926,367,13027.104728
437.216788,186,13030.071356
700.725205,309,13035.136824
875.226335,426,13042.747407
702.768004,284,13047.84323
495.815864,225,13052.312239
463.869937,195,13062.204745
476.135319,196,13065.603585
371.900946,282,13070.837931
689.692139,283,13075.643579
595.036875,294,13080.646709
880.034468,370,13087.505848
881.155533,380,13098.900968
-30.742138,1,13098.963067
620.848971,304,13104.765147
536.672851,219,13108.469548
688.696746,284,13113.630302
738.556968,328,13120.08709
843.466975,435,13135.142118
1071.675797,475,13142.824391
397.203662,195,13146.334924
1031.533821,481,13155.364507
863.220983,424,13162.791067
659.697547,302,13174.507491
522.689397,219,13178.559434
723.570387,326,13185.184062
738.370833,332,13190.676794
594.151321,300,13195.851073
647.784729,295,13207.51504
1032.68751,469,13216.411573
748.89083,330,13221.718261
880.825802,364,13228.781523
881.050783,382,13235.463547
886.229693,413,13249.124195
489.79245,192,13252.181975
687.741714,291,13257.351662
-30.759112,1,13257.411287
713.793701,301,13262.781437
1057.18695,488,13271.003187
851.349001,352,13284.456489
535.407923,225,13288.40542
622.987356,303,13293.76571
648.376184,306,13299.587392
522.682745,222,13303.155503
519.03962,376,13316.893317
701.986755,287,13321.958647
1019.182097,472,13329.860343
1067.210791,457,13338.441447
712.363359,317,13344.514352
666.423987,300,13356.144077
888.781416,437,13363.789593
674.863166,302,13369.212901
658.699481,298,13375.128251
848.768994,441,13389.825049
861.865159,434,13397.609499
1071.673213,478,13407.233937
713.468328,314,13412.717217
718.542595,335,13418.501743
1033.974425,459,13433.9977
766.551249,330,13440.542628
766.128305,338,13446.237441
712.954188,319,13452.332189
1072.129615,461,13468.204907
477.68583,190,13471.924465
852.075245,360,13478.029959
-30.728828,1,13478.090106
-30.248529,1,13478.145232
-30.751701,1,13478.198819
1072.001549,492,13486.805083
1068.227958,453,13500.762459
863.232678,433,13508.340049
688.582806,293,13513.892352
436.517656,190,13517.503032
632.38799,298,13522.786399
876.155241,436,13538.003336
726.118977,310,13543.101895
657.667229,303,13548.439636
647.515222,292,13553.041649
549.6712,216,13556.675307
1045.671231,466,13565.908281
353.131382,281,13576.96354
661.947937,303,13583.017193
1053.466824,461,13591.498849
-30.254055,1,13591.560968
825.261198,358,13598.550467
881.265253,376,13612.650993
713.042637,316,13617.512791
879.482233,386,13624.985314
713.710553,311,13631.082204
867.210601,385,13638.223324
583.620542,299,13650.004892
645.84855,311,13656.101596
1068.448283,471,13664.448766
1067.815044,446,13671.557611
726.811567,316,13676.934453
852.542663,351,13689.430215
673.410286,314,13695.178221
701.074539,302,13700.267986
536.354514,216,13704.612562
748.664557,341,13710.730568
1058.77931,467,13725.497885
660.961329,294,13730.65936
700.100982,327,13736.688512
1034.848797,460,13744.952992
873.556815,391,13759.663353
462.352881,195,13763.056569
620.133068,302,13768.460199
766.202165,322,13774.170512
734.709511,342,13780.37532
886.407935,393,13793.730137
535.772979,209,13797.092023
590.698669,411,13804.427794
648.262021,304,13809.892325
750.991598,323,13816.368317
