#{"t_start": 1778072424.6119764, "env_id": "None"}
r,l,t
3.578224,390,4.234542
-6.213852,107,5.042487
-0.867225,188,6.407875
4.579157,103,7.201729
-8.034997,1,7.236771
-2.49584,239,9.224644
-5.342453,820,15.569025
2.821265,195,17.015925
10.389146,181,18.462287
-9.576015,430,23.118402
10.415153,235,24.903685
9.136714,558,29.15066
3.856103,45,29.479635
15.296616,326,32.112689
-17.345101,1500,48.726259
-54.239806,900,55.705994
-9.17769,19,55.862878
-69.223101,1000,63.081194
-123.72485,1500,77.490703
-64.983417,900,84.068806
-47.424628,600,92.627109
-20.342433,300,94.79376
-26.847504,1500,105.652697
-52.330674,900,117.121626
-12.343549,1500,128.183145
84.572764,1500,145.631492
2.375356,366,148.374781
46.077059,630,153.037458
24.426042,900,168.815037
17.881846,61,169.274713
-32.162533,600,173.778668
34.881635,900,180.40215
75.731105,332,182.857079
67.556279,243,184.69157
36.877785,400,195.550271
-23.929684,900,202.256114
-23.192072,600,206.831805
-20.990914,900,218.535894
41.647693,231,220.249909
-16.97059,852,226.441478
83.157557,262,228.36755
63.106214,391,231.243064
4.032745,821,246.342945
61.637407,403,249.39293
-29.262889,900,256.222424
-32.439776,877,269.137273
47.378797,617,273.820794
82.26343,454,277.284696
72.33744,807,283.407333
184.712819,376,286.267553
-17.44458,63,286.731147
47.092655,112,287.598965
-22.752771,600,296.47153
36.633861,77,297.076631
6.494462,31,297.318996
-24.055364,600,301.743241
-23.09891,600,306.153037
-16.044798,1,306.186173
73.539192,155,307.303368
11.973417,32,307.561478
-4.382866,12,307.676445
2.532568,22,307.861419
-2.135573,600,316.165609
58.038937,600,320.698736
47.290174,600,325.405771
4.77312,600,329.950417
7.060008,34,330.234729
-1.358838,22,330.450835
-2.259116,15,330.576225
7.221798,31,330.817055
85.713829,143,331.989767
6.292446,28,332.216733
26.843829,62,332.782729
40.226929,73,333.38261
16.988569,44,333.726592
74.449583,130,336.012343
48.730275,183,337.582685
128.979677,345,340.413425
22.167901,54,340.83689
-2.408972,600,345.418073
36.476333,79,346.016734
176.287872,413,349.149814
111.301706,157,350.368142
-6.552649,600,354.920978
103.799929,241,359.550506
-6.237528,600,364.021492
81.278718,221,365.672084
51.684625,539,369.789611
232.189414,437,373.12218
1.172516,21,373.304043
43.913766,216,374.888343
252.049841,414,382.227774
109.2017,329,384.740198
41.315988,102,385.605537
120.351424,389,388.707925
75.177067,204,390.254414
-6.61875,600,394.914793
1.387069,23,395.138488
113.149266,373,397.941124
17.888252,59,398.456822
17.764294,56,398.899097
103.517881,178,400.262408
44.838873,100,403.653822
108.334437,312,406.110031
116.392294,188,407.60791
54.359597,106,408.377944
28.325428,197,409.881751
78.479666,236,411.669417
82.15313,278,413.844698
53.782219,117,414.730441
268.651319,499,418.632458
4.623692,34,418.955036
104.425671,339,421.650898
118.112428,202,425.350569
37.954338,141,426.42715
41.061846,117,427.329418
292.84959,545,431.42023
73.418263,220,433.105426
293.657847,543,437.226485
250.394225,386,440.132447
238.864042,390,443.154713
4.496073,35,443.420042
-5.584288,13,443.53185
3.923156,110,448.30634
151.132213,351,450.935349
262.699585,371,453.67079
146.055052,327,456.323773
55.326714,102,457.123329
17.693441,51,457.514666
-5.550006,33,457.775352
380.05901,533,462.047339
47.639538,127,463.002291
148.340764,332,465.667659
17.681045,46,466.026084
209.254907,345,470.600609
264.541791,350,473.424437
50.881516,110,474.264681
200.70671,323,476.81832
250.684684,365,479.768438
261.068782,479,483.421779
28.115767,82,484.14436
54.946837,105,485.030111
38.806316,105,485.913863
310.670417,498,493.318366
50.81349,86,494.04075
376.086068,667,499.531211
78.304881,167,500.838072
235.853214,338,503.558655
90.169959,140,504.759591
38.764389,109,505.559601
54.768847,99,506.271732
206.93504,305,508.803508
197.715075,318,511.382403
95.078525,160,515.190745
27.045578,55,515.649693
4.813489,27,515.886964
27.678144,97,516.710774
200.278004,420,519.916878
6.326603,29,520.199262
193.419486,302,522.651252
377.626746,560,526.775653
119.228494,216,528.438406
385.174554,629,533.439602
29.307771,66,533.980136
-89.786851,413,539.146029
265.080153,327,541.663147
126.009962,283,544.073723
262.989613,292,546.478044
319.497305,456,550.139207
264.116804,279,552.454695
732.625445,963,563.393781
373.352585,489,567.230036
245.461509,382,570.24164
282.837498,342,572.907338
17.827005,47,573.30652
759.77962,642,578.50439
427.487211,505,586.195597
293.243134,340,588.846242
29.212827,66,589.378954
120.456762,162,590.845171
216.731748,244,592.861555
16.80716,44,593.252059
238.960871,276,595.600114
266.481601,281,597.862177
762.21527,616,602.71924
315.881433,369,608.889977
242.214068,268,610.970833
227.299104,238,612.934849
17.754394,48,613.396671
-8.022483,1,613.426386
228.167685,255,615.413343
232.242937,315,617.937918
286.0862,277,620.10817
82.918206,114,620.948263
17.133904,43,621.314702
316.753233,361,623.989183
99.750027,127,624.98587
112.588934,152,626.195471
251.882395,322,631.388957
5.236058,30,631.62995
78.787917,94,632.31313
312.080835,319,634.734874
65.929444,95,635.419841
130.773429,144,636.515437
56.12142,74,637.085802
156.456341,187,638.580088
256.938453,260,640.626643
376.740459,378,643.427494
55.69667,77,644.03351
62.700273,91,644.749695
78.925859,97,645.45882
91.889149,114,646.284412
320.594745,336,653.153832
314.876764,297,655.467817
52.140118,83,656.124753
47.687674,90,656.807056
765.699122,530,660.831511
763.999843,540,664.940999
280.783381,303,667.204795
386.944597,304,669.528758
170.814729,213,671.149722
296.702583,245,675.417155
109.644841,126,676.412404
270.245087,273,678.414235
204.793984,251,680.381392
88.170621,114,681.262072
79.019844,91,682.046341
764.839367,510,685.943584
238.749255,254,687.943553
319.88051,301,690.199599
329.495186,288,692.404612
320.6991,273,699.15545
256.106483,270,701.231972
215.514871,218,702.910558
120.453494,154,704.119698
73.982437,94,704.829031
1169.82676,826,711.091816
78.920948,96,711.828477
774.649073,704,717.259552
302.132162,355,723.475574
125.57267,132,724.459234
556.65486,442,727.819609
207.305801,212,729.366883
314.253916,251,731.355608
808.824216,620,735.904327
603.825601,361,738.632791
536.28025,311,745.694028
315.482201,284,747.89737
1169.888525,787,753.885202
79.528765,92,754.600433
765.547124,437,757.88578
54.628466,67,758.394371
763.969754,426,761.590365
966.680279,519,768.649988
559.249021,405,771.767846
2.630553,87,772.408627
67.3608,90,773.092158
137.608838,153,774.259424
602.967104,334,776.835939
966.597582,540,780.878095
53.138983,70,781.396553
301.262462,317,783.822865
119.871078,145,784.923585
537.283137,286,790.887567
-6.879536,93,791.601796
765.295747,430,794.853524
168.650779,173,796.176883
71.60732,86,796.813274
768.173608,388,799.678083
603.665158,338,802.279551
1169.194459,731,807.752786
767.103573,410,813.653101
581.497798,476,817.233009
128.652555,109,818.107022
1172.94265,654,823.040358
965.751995,519,827.008718
967.161725,503,834.239836
-16.062414,1,834.282803
41.342941,56,834.763004
459.37643,314,837.057317
377.943666,305,839.355353
69.608589,77,839.945972
373.177928,257,841.864354
480.740769,326,844.376952
172.368436,166,845.719532
347.438039,241,847.603842
305.994281,235,849.451482
967.935581,509,858.062296
969.145451,488,861.645375
815.29574,466,865.333404
458.468969,312,867.640514
126.840688,105,868.45997
968.54358,501,872.215483
328.851901,227,873.954441
169.828475,159,875.205823
159.452222,129,879.003767
-8.061374,1,879.035608
306.746532,222,880.716318
1175.679509,611,885.35592
458.95675,299,887.59145
320.738574,241,889.484558
605.248846,287,891.668745
968.140646,493,895.388263
306.37823,235,897.151228
1176.977474,612,905.898793
1174.977637,616,910.574301
241.742747,210,912.186661
41.581066,52,912.601219
66.266775,70,913.191723
138.061778,134,914.275558
604.597069,294,916.473518
68.53462,81,917.105706
641.240181,420,920.240263
68.846604,95,920.978514
66.812852,67,924.146092
968.169334,486,927.839394
1173.68795,623,932.550333
538.172339,229,934.278411
66.294424,74,934.873433
767.535344,361,937.60677
816.411,438,940.98928
605.901986,283,947.442501
11.267966,75,948.038375
816.553611,440,951.305639
170.785914,142,952.395033
46.151143,61,952.870495
767.925242,369,955.70045
766.37354,376,958.630009
208.476296,166,959.969987
173.796354,151,961.127554
1175.236222,605,965.714468
768.125649,364,971.1845
538.268579,242,972.964873
475.313676,314,975.390413
106.911359,115,976.248852
538.825634,239,978.089461
968.149027,489,981.893574
1015.845265,515,985.747872
107.649166,107,986.651676
967.088828,486,994.866132
1174.256645,618,999.603609
1173.01284,619,1004.472561
-8.061397,1,1004.504116
536.370183,236,1006.323297
1172.292372,623,1011.054188
604.531055,282,1016.792256
966.5898,482,1020.563106
65.135312,84,1021.190057
767.030966,375,1024.00969
539.067866,239,1025.82849
766.626301,374,1028.665569
458.480996,301,1030.99138
604.239199,278,1033.056974
968.666477,490,1039.868549
537.153475,227,1041.67455
766.573869,370,1044.61128
148.258291,121,1045.560777
767.219084,369,1048.402504
603.647066,267,1050.445162
603.635956,283,1052.591734
68.969101,91,1053.312438
766.751007,374,1056.19184
1171.223487,625,1064.574047
968.077222,487,1068.247395
968.039051,493,1071.948461
816.798182,412,1075.190006
537.273494,234,1077.007741
816.454492,397,1083.216942
538.30265,234,1085.000482
968.914582,492,1088.664003
767.536295,358,1091.449868
538.518205,235,1093.316552
537.7523,236,1095.19902
604.012683,268,1097.244519
93.283564,94,1097.965116
68.605693,78,1098.561392
768.368275,368,1101.265278
274.328607,189,1106.31684
449.915807,303,1108.631662
1174.490447,603,1113.207494
969.563734,481,1116.831399
817.447774,410,1119.900546
69.013314,79,1120.488566
538.142084,234,1122.254803
768.425679,371,1128.842716
604.399583,272,1130.891868
4.956472,28,1131.099654
967.325857,494,1134.844687
475.958655,311,1137.218156
435.698262,291,1139.445439
538.162957,241,1141.230705
383.20486,279,1143.381623
66.170001,77,1143.947116
1174.22281,618,1152.232979
767.778094,362,1155.016181
526.752145,375,1157.811235
969.232724,481,1161.472982
1016.369825,512,1165.321216
317.15006,217,1167.001865
1175.483755,595,1175.078303
768.526859,364,1177.826397
516.030425,367,1180.571184
969.43336,485,1184.245968
603.123544,270,1186.34975
476.0901,311,1188.723214
969.753897,481,1195.556135
141.438955,117,1196.456375
458.802815,302,1198.750832
701.846867,445,1202.088382
70.145768,79,1202.724751
604.426317,284,1204.859618
69.530796,80,1205.466825
322.142015,215,1207.079424
1174.355124,597,1211.559966
971.396042,479,1218.681975
816.134691,397,1221.656433
-8.005473,1,1221.686716
604.591197,269,1223.730855
970.390265,484,1227.357481
603.59673,277,1229.454944
970.36398,478,1233.12763
947.290192,594,1240.02966
538.566288,232,1241.801728
817.344585,399,1244.788302
769.234836,360,1247.617518
326.670549,238,1249.40077
969.862407,485,1252.967007
516.303606,337,1255.556933
769.251054,356,1261.678367
-8.017435,1,1261.711755
768.499889,365,1264.489003
767.869274,361,1267.238744
538.252088,231,1268.98576
819.454897,392,1271.969292
518.298487,351,1274.574055
363.247394,255,1276.51434
970.612076,475,1280.02617
159.095183,127,1284.172348
1174.260092,598,1288.695648
1175.623824,603,1293.173546
816.326008,395,1296.230112
970.665122,486,1299.859696
1174.770552,598,1308.145425
604.229916,257,1310.120028
64.555843,79,1310.742894
602.614271,275,1312.803958
380.238003,265,1314.782376
776.183855,494,1318.687232
452.007597,297,1320.93034
1174.704342,600,1328.762674
1016.176947,504,1332.522231
817.769747,390,1335.466058
499.183365,352,1338.186205
539.105917,225,1339.920448
566.506518,365,1342.691803
817.552689,391,1345.630634
460.043637,304,1350.756701
1174.102283,603,1355.340926
768.633495,361,1358.049589
817.800722,392,1361.028451
565.090474,365,1363.832513
537.418334,234,1365.58611
603.91999,272,1367.720091
603.37928,263,1372.828674
258.97885,188,1374.275773
71.350105,81,1374.894523
971.856761,485,1378.668853
602.204229,266,1380.644957
76.211201,81,1381.274933
74.914125,79,1381.889785
537.277859,224,1383.571325
603.186556,270,1385.630285
460.03906,299,1387.924151
65.374066,65,1388.418278
817.083267,391,1391.38382
970.419777,475,1398.360597
449.629504,296,1400.623187
971.297529,475,1404.247082
67.659748,74,1404.818669
1174.675827,596,1409.332311
770.182617,357,1412.058853
873.371502,544,1419.691365
971.027878,486,1423.40828
1176.287196,603,1428.006366
817.378815,390,1430.864192
875.26373,551,1435.056195
1015.921458,506,1441.827015
459.266937,298,1444.200818
770.308508,357,1446.90048
874.405209,538,1451.083879
1015.98154,507,1454.954133
537.271843,235,1456.726941
970.072816,477,1463.10443
970.987887,483,1466.814826
65.738832,77,1467.423362
1016.905117,502,1471.235065
740.275271,465,1474.80711
1174.576714,596,1479.309275
603.882934,269,1485.088862
156.925565,121,1486.046301
449.126037,292,1488.25002
111.340721,101,1489.038384
678.531961,425,1492.286413
298.938469,206,1493.875759
1174.307158,596,1498.40274
67.596772,75,1498.96847
169.145927,127,1499.974508
458.706713,303,1502.328466
969.712356,481,1509.940956
816.322684,387,1513.022197
971.232381,480,1516.710761
131.446316,103,1517.543101
674.643397,427,1520.791954
768.01902,357,1523.476089
537.361289,237,1525.324983
448.514307,296,1530.222582
75.434889,81,1530.886819
969.189525,480,1534.554567
448.85971,291,1536.870484
65.23031,76,1537.470541
770.274259,354,1540.262422
538.691786,235,1542.063856
161.02722,120,1543.030559
67.585889,69,1543.561217
242.410526,181,1545.035993
816.053729,392,1548.072022
294.704854,206,1553.787425
537.73247,227,1555.463761
161.401091,125,1556.423615
528.361817,337,1558.968216
603.78337,262,1560.989903
769.123573,359,1563.694698
127.890054,112,1564.579115
536.636075,226,1566.252001
1173.441877,591,1570.745957
426.928823,279,1576.305898
603.08835,262,1578.271157
818.096993,392,1581.121488
971.316617,475,1584.763867
156.463871,120,1585.696038
816.124105,385,1588.608128
768.977273,359,1591.26797
603.160838,263,1593.290503
1173.629693,594,1601.204373
132.041741,102,1602.001226
768.791902,357,1604.63806
155.687513,121,1605.652789
970.220688,475,1609.221134
603.350846,263,1611.243248
677.816661,425,1614.487214
767.886459,355,1621.27091
604.749815,267,1623.239055
273.974353,189,1624.635005
969.833297,484,1628.273333
537.935123,233,1630.11055
157.354519,117,1631.035208
288.90899,204,1632.598342
970.269508,476,1636.213742
768.782449,357,1638.912755
295.923177,214,1642.877443
161.257395,116,1643.766758
768.222979,353,1646.531392
602.81481,261,1648.525223
817.08684,387,1651.514328
158.334469,120,1652.422089
769.655075,356,1655.02596
604.36716,257,1657.016564
816.607037,387,1659.886573
1172.871555,597,1668.423343
816.897082,391,1671.428856
768.011876,360,1674.164963
1017.428821,504,1678.051069
767.763142,359,1680.748227
769.228362,355,1683.468459
66.25395,69,1686.487244
538.722006,225,1688.283459
476.56196,310,1690.693986
155.768032,118,1691.61493
603.810129,263,1693.586627
293.33455,201,1695.105412
972.028969,480,1698.735339
817.089349,385,1701.628393
76.170124,80,1702.249496
131.562673,100,1703.095325
768.289396,358,1709.975364
67.391202,66,1710.473199
815.704422,389,1713.528317
67.965054,72,1714.125611
160.588792,116,1715.067093
73.226566,78,1715.672519
816.239615,386,1718.609277
970.84576,476,1722.207039
969.511276,478,1725.839426
1173.675919,595,1733.615294
603.202462,262,1735.608494
970.446393,478,1739.200098
1173.434006,590,1743.604577
319.124459,217,1745.208526
1174.100492,597,1749.72666
970.874957,473,1757.544607
816.542846,383,1760.456672
815.385845,389,1763.484917
817.942217,389,1766.38851
1174.211491,594,1770.85997
770.456293,354,1773.581742
1174.428788,595,1781.984561
604.324705,260,1783.973894
768.513975,356,1786.655824
816.8133,395,1789.678955
128.535803,114,1790.539892
1174.378571,596,1795.10515
538.924503,227,1796.796968
384.594765,259,1802.459211
1017.836128,501,1806.235743
1173.686296,594,1810.781348
296.846715,205,1812.365142
1173.260778,595,1817.016746
1174.286245,598,1824.812018
1173.193524,593,1829.382361
1173.307475,600,1834.125695
816.248346,390,1837.0167
1018.03494,503,1840.831642
817.718097,385,1846.767431
818.136269,391,1849.779033
969.87057,475,1853.461408
817.83041,392,1856.371384
970.376725,476,1860.020054
117.433843,110,1860.818466
1017.308911,500,1869.322358
770.346444,355,1872.031321
1016.834296,503,1875.787226
536.765151,238,1877.652457
458.606073,296,1879.916316
47.814862,53,1880.34745
816.253529,392,1883.281272
1016.848864,507,1887.128297
1174.287839,592,1893.912716
768.918098,352,1896.66402
603.439262,257,1898.607297
78.857726,78,1899.183225
1016.880125,502,1903.029472
633.853729,403,1906.183537
1017.267668,502,1914.02218
537.087013,222,1915.689159
604.064123,260,1917.788605
604.087267,261,1919.950193
603.509303,260,1921.987843
604.849411,259,1923.92293
603.268533,263,1925.854982
160.843977,122,1926.832005
1173.453323,596,1931.31325
968.86869,473,1937.671436
1016.968805,505,1941.63864
769.039167,355,1944.325268
970.966478,476,1948.31459
768.044344,353,1951.090292
1016.41795,502,1954.898546
246.690944,173,1960.483236
968.577694,474,1964.40416
703.388879,438,1967.930971
-8.041625,1,1968.03945
767.574424,350,1970.634226
272.750242,188,1972.108546
603.340584,269,1974.149168
161.145691,121,1975.178888
968.988071,471,1979.119181
969.601513,470,1986.12507
605.433487,259,1988.156007
604.640025,259,1990.069225
86.527995,74,1990.676807
768.675435,357,1993.362448
1016.843902,500,1997.274899
74.620939,82,1997.956542
75.343541,78,1998.547837
605.021777,258,2000.634923
538.357254,230,2005.631711
321.758173,216,2007.276145
1174.088321,592,2011.990607
112.205089,98,2012.702416
204.388734,143,2013.849162
603.677395,260,2015.939168
767.086647,355,2018.816746
383.448176,259,2020.838181
761.89218,373,2023.575496
522.450485,357,2030.261982
1174.768024,593,2034.850501
816.343805,383,2037.706623
1174.535984,598,2042.232723
603.075608,260,2044.39055
814.994598,384,2047.567243
54.15957,58,2048.00435
522.491099,349,2055.1715
816.197576,387,2058.047181
1173.866885,595,2062.525315
537.941295,224,2064.323063
968.553842,472,2068.139955
-16.016722,1,2068.166165
603.131923,263,2070.357089
556.527074,360,2076.729316
768.184676,356,2079.682807
1015.804305,497,2083.560182
1017.89208,501,2087.55173
968.077517,477,2091.281126
65.936823,71,2091.819306
603.518009,260,2093.797423
71.262789,71,2094.364012
450.8862,291,2100.760132
768.223825,356,2103.993893
539.355136,228,2106.197322
1017.898842,502,2111.178281
603.97687,256,2113.472462
1174.249297,594,2118.363573
78.447817,77,2119.056007
47.942343,55,2119.601026
1174.236213,590,2129.859541
967.972463,477,2133.786917
766.831923,355,2136.609066
766.99633,355,2139.439611
968.265206,473,2143.157964
1173.897178,589,2151.840658
114.262911,94,2152.770743
40.683567,55,2153.227173
537.35793,223,2155.135465
969.13269,472,2159.247631
81.122902,78,2159.970072
71.569139,76,2160.669921
565.437083,362,2164.136332
67.109774,72,2164.878764
604.635324,260,2167.370178
243.178322,168,2168.94858
532.218593,353,2172.254066
100.532516,88,2173.052737
524.742198,352,2180.258943
53.385502,58,2180.925503
604.817734,254,2183.632885
115.12099,89,2184.547142
1014.910586,500,2188.878676
1173.357045,590,2193.605443
76.074415,77,2194.269131
524.914166,355,2197.143621
1017.388101,503,2203.297868
70.452052,73,2203.880126
604.685477,256,2205.881079
604.324226,261,2207.923215
1017.884816,502,2211.920175
1175.823046,594,2216.570254
968.849233,474,2220.241516
1173.974952,593,2230.255252
109.827242,89,2230.930238
378.433739,252,2232.886144
425.043272,294,2235.344894
292.265407,196,2236.956802
490.648404,331,2239.510009
1174.707535,593,2244.148651
603.872332,256,2246.237303
766.973798,351,2251.771188
233.46365,163,2252.971128
522.633088,352,2255.629078
1017.85209,502,2259.505477
816.719099,382,2262.357534
78.296881,81,2262.955966
1016.236544,500,2266.60099
1174.188696,600,2274.972294
1174.682004,595,2279.323093
766.964891,355,2282.025679
68.064051,71,2282.559324
631.842616,396,2285.482341
767.134543,351,2288.064802
1017.210921,499,2295.358256
1017.479593,500,2299.137942
1172.342733,593,2303.515944
969.446121,472,2307.080136
67.113549,68,2307.584933
538.22909,228,2309.262321
766.61987,350,2311.89456
816.459784,386,2318.518499
173.536618,131,2319.522412
766.460607,354,2322.174105
539.508827,222,2323.834331
68.217171,67,2324.332969
818.434593,388,2327.241346
970.777436,474,2330.696764
969.494371,476,2334.205778
85.271678,74,2334.765016
538.083837,218,2340.063699
1172.518463,596,2344.585963
817.863842,385,2347.377358
459.90468,301,2349.620547
768.273839,352,2352.232192
68.662299,67,2352.772767
449.692576,289,2355.00842
767.37086,352,2357.620486
1017.86133,505,2364.19928
530.837301,359,2366.910421
765.436552,353,2369.486596
767.471444,355,2372.109131
816.202721,386,2374.968901
816.395331,388,2377.86972
538.344149,226,2379.501098
971.354435,473,2386.229049
603.112281,256,2388.108879
537.775491,228,2389.827885
537.664825,227,2391.476915
1174.612934,594,2395.892246
355.819905,246,2397.673733
869.055169,539,2405.132276
970.198207,475,2408.644411
603.930856,253,2410.575406
-16.068313,1,2410.607079
969.166298,475,2414.078413
815.532789,385,2416.928772
1017.143121,500,2420.659762
515.077206,357,2423.294911
968.909464,472,2430.432817
768.048635,355,2433.037462
-8.029367,1,2433.066296
1173.395137,594,2437.487945
523.197722,356,2440.181897
970.416439,477,2443.690169
1175.846556,598,2451.219426
970.436424,475,2454.763765
298.798575,197,2456.2248
538.919541,226,2457.869503
969.522948,474,2461.389715
302.574836,205,2462.963814
118.474525,100,2463.691019
68.76206,77,2464.280189
768.021275,350,2466.867715
1017.558212,500,2473.827007
969.061629,475,2477.348126
1174.948091,593,2481.724381
1174.099013,596,2486.317621
234.172336,161,2487.489066
971.037548,479,2494.363097
1017.474485,503,2498.141558
-16.058092,1,2498.173386
605.032111,263,2500.101824
312.772712,211,2501.697359
110.808078,97,2502.428694
816.625748,386,2505.284435
1017.535332,502,2508.955417
603.445963,257,2510.925576
1018.022752,503,2518.455601
67.66918,64,2518.955258
94.150818,85,2519.5711
818.764449,385,2522.456296
1017.459494,501,2526.248381
970.683642,477,2529.732161
537.151194,225,2531.418848
525.710498,351,2537.393125
971.346275,477,2540.920947
79.378719,78,2541.492098
1016.91398,496,2545.206656
1016.491859,500,2548.861659
537.414016,223,2550.578553
523.58304,358,2553.222876
817.649907,383,2559.156859
537.378195,228,2560.920537
603.924447,264,2562.825684
537.815785,224,2564.501297
603.1281,255,2566.3699
537.958033,225,2568.048064
537.767529,228,2569.688824
1174.938517,591,2574.045202
79.378662,80,2574.626287
65.786035,61,2575.112949
968.912637,472,2582.54088
816.68162,388,2585.361201
602.648826,257,2587.297688
520.957306,356,2589.904318
767.359004,354,2592.571372
1176.49918,596,2597.012412
603.689798,259,2598.950329
1017.314915,503,2606.305347
970.88309,478,2609.77423
969.468972,476,2613.341264
768.946608,353,2615.934134
603.194686,259,2617.863836
1175.367329,597,2626.450378
1018.947353,500,2630.127372
969.269251,472,2633.644736
603.779182,260,2635.523092
602.731537,259,2637.600488
537.920704,224,2639.251457
817.378807,384,2642.107303
603.327821,259,2644.037831
816.888233,390,2651.3233
816.269853,383,2654.160578
1175.321868,597,2658.548383
512.14473,343,2661.084364
66.093663,68,2661.607709
95.370975,89,2662.296473
817.668989,386,2665.19515
767.705881,355,2671.743602
173.420615,131,2672.765199
506.943099,346,2675.343054
1017.730371,506,2679.017774
497.178673,340,2681.548822
816.681903,384,2684.417439
768.562816,357,2687.015442
538.93007,226,2688.776955
538.382317,226,2695.300679
539.173825,221,2696.921594
512.452977,347,2699.544481
604.130748,257,2701.415399
603.606821,255,2703.336265
817.106502,387,2706.175047
539.170711,222,2707.809955
82.922475,74,2708.396075
1174.458472,594,2712.852243
604.139974,254,2718.248732
1173.556974,587,2722.588223
1174.759888,590,2726.906274
819.316504,387,2729.788821
40.972284,50,2730.162601
1176.752183,597,2734.625282
1175.682175,594,2742.586051
1017.528197,498,2746.268078
816.087446,381,2749.089382
1016.302566,502,2752.822304
603.463098,255,2754.808226
969.129181,476,2762.160026
526.196996,350,2764.771117
604.216097,259,2766.754388
766.719203,355,2769.483885
539.215138,227,2771.223211
970.966906,470,2774.846277
1017.56779,505,2778.623188
501.912362,342,2784.402023
1175.262846,591,2788.953265
817.404103,389,2791.909833
528.628141,357,2794.635809
969.445594,474,2798.202889
769.510475,355,2800.955196
529.644074,354,2807.886384
603.502737,258,2809.868176
604.753547,255,2811.841695
537.864952,224,2813.490406
394.287611,274,2815.645279
970.250487,475,2819.199805
1017.043215,499,2823.113937
603.952248,255,2825.034433
537.475404,224,2830.605977
537.592514,225,2832.349989
970.904813,475,2835.960218
759.223726,367,2838.737742
970.624709,471,2842.260653
762.794274,373,2845.156802
604.661867,262,2847.201576
817.456939,388,2854.092493
769.014263,351,2856.747051
766.835641,351,2859.362372
1172.61815,595,2863.792859
603.663907,259,2865.780865
537.503246,220,2867.388163
531.80861,356,2870.12141
663.875715,412,2877.369287
1017.874965,503,2881.170506
1017.722541,500,2884.952863
524.276846,359,2887.652906
969.379514,473,2891.22561
1174.170359,601,2899.238505
64.524774,67,2899.752375
95.762965,88,2900.409391
816.217815,385,2903.361474
536.683184,225,2905.125935
604.219535,255,2907.055756
67.953245,73,2907.659097
520.318171,358,2910.379706
760.227183,366,2913.144511
603.532516,262,2915.135505
767.826838,352,2920.917092
18.049002,40,2921.220658
603.978999,256,2923.188783
769.151046,352,2925.791974
1018.033186,500,2929.606984
521.746009,354,2932.259885
817.522216,386,2935.129102
768.923273,353,2937.769183
523.921206,360,2944.394627
1017.19737,503,2948.13897
604.139388,257,2950.077297
767.916288,356,2952.740174
767.832765,352,2955.360668
603.755396,257,2957.305847
816.786209,384,2960.280151
1017.410838,503,2968.021009
1018.195617,503,2971.81119
968.322934,474,2975.367092
603.746141,258,2977.323749
603.935127,255,2979.243812
71.955121,68,2979.760027
814.863701,384,2982.679182
538.500245,222,2984.324566
603.573525,260,2989.354518
538.431106,225,2991.077817
1172.845552,591,2995.578182
969.465415,474,2999.214605
256.122294,179,3000.573484
968.876661,477,3004.158671
1174.849542,595,3012.322491
767.650475,353,3015.029838
303.263999,206,3016.645014
968.129032,472,3020.226767
1174.87497,593,3024.741128
969.051901,473,3028.372758
969.789975,474,3036.055143
76.641706,79,3036.666961
111.077443,93,3037.363138
968.372289,475,3040.96433
968.328885,471,3044.537161
538.350877,226,3046.307929
1017.399024,503,3050.125803
968.790953,475,3057.75423
1175.249328,596,3062.342772
768.702749,354,3065.092492
78.092632,76,3065.686728
450.76165,291,3067.978472
760.18464,374,3070.850458
69.971304,73,3071.397959
67.145179,66,3071.894512
816.544531,382,3074.882487
606.26437,255,3080.591291
603.579323,255,3082.636314
768.343695,351,3085.364837
817.266389,389,3088.31797
298.107103,203,3089.853664
815.860231,380,3092.786268
816.681887,387,3095.758338
969.233084,471,3103.295535
768.217967,353,3105.93128
529.05954,353,3108.59242
1017.009253,503,3112.381101
73.384437,78,3113.001654
966.704313,474,3116.496549
108.98126,99,3117.245098
605.687755,254,3119.200448
112.575491,92,3119.897929
767.107443,349,3126.130815
602.797631,260,3128.106975
816.649232,389,3131.066278
536.64398,223,3132.729995
968.682608,475,3136.319832
537.803428,224,3138.001899
767.544688,352,3140.626527
761.732887,371,3143.434803
1016.926349,498,3150.970649
1174.334317,594,3155.417833
816.953889,384,3158.303875
1015.912169,501,3162.132507
816.314478,389,3165.028524
817.436769,383,3172.484778
537.289885,218,3174.156384
966.801814,470,3177.691772
68.348244,68,3178.206266
968.958487,472,3181.798781
603.509371,252,3183.718889
761.635554,364,3186.484072
966.989422,475,3190.074276
79.434703,78,3193.495157
815.090856,381,3196.46901
765.818923,349,3199.10904
319.683261,210,3200.685082
538.552812,223,3202.387064
1174.97055,592,3206.870717
1016.420957,501,3210.672479
-5.407997,11,3210.769821
767.126661,354,3216.965218
317.241512,211,3218.559764
1173.495677,600,3223.234673
1015.547105,497,3227.025167
318.026724,209,3228.611248
762.692603,373,3231.432557
64.418021,63,3231.975299
64.424482,67,3232.481587
969.65731,474,3239.913752
545.366862,359,3242.639967
39.904016,50,3243.100864
1017.943317,500,3246.919117
379.097959,257,3248.914181
815.759001,383,3251.842304
377.271281,256,3253.87239
64.770455,67,3254.376296
603.840061,261,3256.393137
-16.018513,1,3256.430695
766.407706,354,3262.952224
62.972767,72,3263.55118
768.025246,349,3266.244317
766.654374,350,3269.008075
604.149515,259,3271.022868
766.38178,353,3273.746181
73.493697,78,3274.334319
604.574799,255,3276.332517
604.256513,259,3278.409824
767.571755,353,3281.173586
760.411622,368,3287.975252
561.974295,352,3290.680894
386.276496,262,3292.716532
540.054984,365,3295.574671
815.850934,381,3298.483295
815.983063,383,3301.524301
539.136607,222,3303.276066
378.660006,252,3308.941181
604.288396,258,3311.009081
757.676763,371,3313.857399
1016.868773,503,3317.774975
757.242069,366,3320.529869
100.193667,85,3321.224573
538.003302,221,3322.937547
815.479528,383,3325.914855
768.738034,353,3332.610868
538.457164,222,3334.398833
768.169211,353,3337.053962
1018.867051,500,3340.928513
64.353116,64,3341.445596
816.838579,389,3344.48288
537.883369,222,3346.261731
1176.09796,598,3350.810807
969.182945,472,3357.566223
605.244205,259,3359.572304
969.130364,473,3363.13867
633.425022,402,3366.229724
536.994392,221,3367.864563
969.487584,472,3371.500127
529.909197,355,3377.095046
537.663764,223,3378.783494
538.467451,224,3380.491895
-8.009538,1,3380.522898
767.763041,357,3383.268909
818.306374,386,3386.20723
603.475601,258,3388.171859
968.575932,475,3391.789809
816.458497,385,3394.754154
766.351461,353,3401.222327
604.606904,255,3403.147534
603.532698,259,3405.192753
967.888655,473,3408.815383
67.586273,64,3409.318219
968.211633,473,3412.903735
602.84489,251,3414.880439
766.231479,353,3417.519359
767.775825,357,3424.504578
603.273728,252,3426.408022
815.550283,386,3429.342777
1016.099695,498,3433.153042
450.862659,290,3435.371604
66.173344,62,3435.862919
817.193809,382,3438.750646
763.1223,364,3441.523741
968.206916,472,3449.307801
1174.261018,598,3453.934539
539.395751,224,3455.599239
603.94619,252,3457.520091
817.180956,388,3460.569631
816.437914,388,3463.492
578.270166,367,3471.021731
448.575954,290,3473.247932
287.496576,197,3474.74787
816.829346,380,3477.670939
67.75135,68,3478.176468
517.637929,346,3480.83862
967.828059,470,3484.411482
379.245637,258,3486.502465
968.762679,473,3494.544132
537.676228,221,3496.22151
603.372303,251,3498.156066
298.018896,203,3499.72896
605.197116,259,3501.725145
62.93402,74,3502.290641
77.480346,79,3502.923544
458.517601,295,3505.242787
968.87219,476,3508.936743
968.556213,472,3512.629591
537.960229,221,3517.633108
603.359687,256,3519.631125
1174.445598,596,3524.298841
536.592405,221,3525.959342
1174.758211,593,3530.519862
117.997398,92,3531.306629
343.742793,234,3533.146357
604.251985,256,3535.110478
538.063756,218,3539.638495
767.285208,357,3542.410837
632.398133,397,3545.450326
537.280555,222,3547.115911
1174.768957,597,3551.725188
1017.941966,503,3555.59955
769.067749,353,3561.969494
767.923458,351,3564.706522
768.044422,350,3567.433889
162.1914,121,3568.390603
815.430931,383,3571.290614
815.460929,387,3574.404796
1175.249833,598,3578.957369
1017.589523,504,3586.246317
969.73653,475,3589.935467
604.483786,256,3591.916028
68.272909,74,3592.512053
394.892588,281,3594.715664
295.139955,203,3596.325003
639.058724,420,3599.513476
756.225117,378,3602.416903
1017.405048,504,3610.232278
419.779642,291,3612.412259
767.701798,351,3615.138652
604.065609,257,3617.065212
-16.057356,1,3617.091487
815.798805,383,3620.036299
966.770566,473,3623.591197
1017.005238,497,3630.577878
768.012084,354,3633.290902
603.536626,254,3635.191753
53.646971,58,3635.630822
685.721752,432,3638.887795
41.234562,48,3639.295867
537.733608,223,3640.969741
767.911796,352,3643.629406
66.812656,63,3644.115592
605.203981,256,3646.063025
296.848004,197,3647.607944
536.422582,216,3652.926766
41.237555,47,3653.314194
766.821696,355,3656.05025
604.083141,259,3658.028859
968.512155,473,3661.604981
602.356239,255,3663.546316
379.437452,259,3665.54016
603.163743,258,3667.487148
41.364831,49,3667.864434
294.724834,196,3669.399939
815.804222,381,3674.843833
67.410838,66,3675.346229
677.257791,420,3678.664839
68.014576,65,3679.170444
816.590193,383,3682.04912
127.935131,108,3682.874579
970.034095,479,3686.518606
677.168221,425,3689.744487
603.036832,256,3691.663031
816.469096,385,3697.835266
1016.802571,503,3701.578242
66.509722,62,3702.072203
1174.584924,598,3706.615456
817.198535,380,3709.484347
531.663801,356,3712.149738
159.989429,121,3713.043916
536.613034,218,3714.690881
66.264176,67,3715.228955
768.445331,351,3720.772955
442.688109,289,3722.922617
272.880126,182,3724.472437
815.468439,384,3727.358199
603.937726,258,3729.257797
767.440032,350,3731.901695
1174.663388,597,3736.436855
767.931307,352,3741.758848
969.536163,474,3745.3125
815.907358,386,3748.203359
968.365761,477,3751.698829
537.1928,222,3753.398656
536.582784,215,3755.009744
132.158225,105,3755.783628
759.280779,365,3758.507833
816.056258,384,3764.884959
156.204366,115,3765.795111
604.437805,251,3767.605522
537.010061,219,3769.221798
635.744879,427,3772.435384
602.4664,252,3774.294896
458.141724,299,3776.562972
815.569186,380,3779.334866
67.67533,65,3779.816511
604.501868,251,3785.907764
767.273161,352,3788.462108
604.022277,260,3790.442536
971.30935,477,3793.894003
59.962408,63,3794.416313
537.14731,223,3796.049675
1173.453195,597,3800.46789
766.886657,353,3803.064857
1174.903475,596,3811.294096
1174.781909,591,3815.639014
765.747132,352,3818.271552
761.707899,371,3820.961201
817.739958,390,3823.887273
79.837172,77,3824.496914
603.895931,255,3829.640987
75.749819,81,3830.233762
1174.468787,596,3834.679523
816.160913,384,3837.507974
1174.104191,597,3841.909698
459.004161,296,3844.131894
969.548321,470,3851.238022
537.807566,365,3854.031604
67.17692,68,3854.585308
970.185544,470,3858.043831
107.314485,94,3858.73608
73.764024,85,3859.453407
766.169253,353,3862.186203
766.096095,351,3864.808406
536.217736,226,3866.50847
603.990146,260,3868.443974
537.452741,363,3874.580953
1174.551065,596,3879.152739
816.824745,388,3882.018276
535.866011,220,3883.666953
602.922025,254,3885.548613
1173.456463,595,3889.986206
538.898554,221,3891.645855
1173.056277,600,3899.037717
157.515113,116,3899.938738
537.461843,218,3901.555424
1017.922911,506,3905.353338
816.814237,383,3908.178556
603.337623,254,3910.053246
815.659931,389,3912.975805
1173.348708,594,3920.6477
1175.189597,596,3925.1175
197.005402,137,3926.141446
1016.492186,497,3929.82441
768.03805,353,3932.446391
759.468508,371,3935.245016
970.44549,475,3942.155153
234.465123,165,3943.471386
1173.679516,592,3947.914001
537.875331,221,3949.635974
459.933501,296,3951.954442
538.195542,222,3953.592109
969.09342,476,3957.150353
538.449101,219,3963.126398
603.778131,257,3965.086035
753.517899,367,3967.802172
275.467334,185,3969.236048
1174.382217,602,3973.768863
769.564991,353,3976.328358
766.183695,350,3979.055873
967.979757,472,3986.162383
1017.103033,502,3989.88994
766.667944,349,3992.417351
766.675468,349,3995.025895
604.884846,260,3996.965278
602.790169,254,3998.864424
1016.541277,504,4002.610697
602.375704,250,4008.256517
1175.097636,596,4012.733733
969.705253,473,4016.274978
67.992034,67,4016.805404
1175.330185,591,4021.182366
815.686069,385,4024.058949
537.143061,220,4025.748136
762.723321,369,4032.823966
751.564832,375,4035.727353
1175.232217,594,4040.131335
759.651682,371,4042.904536
459.521127,297,4045.184238
68.449063,68,4045.682
66.67005,72,4046.227005
538.446633,220,4047.866822
55.562781,59,4048.309317
1173.677324,597,4056.576928
766.507479,353,4059.179249
815.680586,386,4062.054794
537.110992,363,4064.789725
120.275337,99,4065.564844
1016.702976,498,4069.228909
756.953481,366,4076.267705
1173.577576,598,4080.703296
969.353099,476,4084.204505
271.770876,181,4085.602441
241.959137,170,4086.871244
815.045717,384,4089.751349
67.21653,69,4090.267935
536.553142,218,4091.888217
968.23734,473,4098.84619
815.488545,386,4101.738327
109.143689,93,4102.414272
757.463847,369,4105.23016
94.083631,86,4105.889253
161.06015,123,4106.826498
1016.896398,497,4110.545188
-16.029009,1,4110.579848
764.18497,371,4113.371061
536.709084,224,4115.043422
1017.127445,501,4121.6005
1173.529805,597,4126.048875
1017.091603,498,4129.743275
395.690794,277,4131.901706
644.341405,419,4135.059427
536.071833,216,4136.715869
1016.584767,503,4144.562484
816.56204,383,4147.451865
1017.363963,501,4151.158436
288.923991,196,4152.745947
570.624564,388,4155.631308
536.900739,218,4157.23442
-15.987444,1,4157.265894
552.418874,373,4160.152585
1017.471477,509,4167.808542
604.430125,257,4169.724646
296.153363,201,4171.255666
1018.119268,506,4174.969206
111.808078,93,4175.701158
767.939372,359,4178.377583
68.084286,66,4178.877463
578.73358,366,4181.652168
94.924731,89,4182.382139
970.549956,473,4189.261688
970.707434,474,4192.825859
763.295648,370,4195.581514
768.340644,355,4198.209389
417.241136,289,4200.312746
267.026231,181,4201.699119
969.389859,478,4205.198848
537.891715,221,4210.405926
762.34872,368,4213.098451
452.141937,292,4215.241194
1017.662123,500,4218.969696
379.052481,253,4220.895566
162.776073,120,4221.799488
273.789232,183,4223.157161
815.756189,384,4226.038575
536.862857,223,4227.718213
815.954709,387,4234.340176
1016.821991,501,4238.079694
119.651648,106,4238.856451
53.959335,60,4239.370088
858.427442,437,4242.550888
816.802588,382,4245.434827
817.289866,385,4248.315705
865.820376,436,4255.324097
769.086534,354,4257.964135
537.628858,216,4259.525474
537.711558,222,4261.213064
603.654895,254,4263.187249
815.86453,382,4266.038773
537.354656,217,4267.62756
763.081195,367,4270.33317
604.103551,256,4272.25346
816.717494,389,4279.182755
969.591717,477,4282.754389
768.166772,355,4285.383821
969.800041,475,4288.899082
603.266823,254,4290.83023
603.804855,259,4292.710089
1175.420572,597,4300.532097
768.379216,358,4303.154533
969.320188,470,4306.639822
969.227765,473,4310.148029
296.927167,203,4311.662834
602.907655,256,4313.561997
763.653349,376,4316.38802
84.59493,80,4316.98667
1174.520322,598,4325.763815
816.954479,382,4328.668462
66.953444,73,4329.215961
119.154331,108,4330.034201
1175.216106,598,4334.512739
768.573864,350,4337.076317
537.329069,224,4338.779051
400.610664,273,4345.540943
1018.561203,503,4349.317805
768.078483,356,4351.97616
970.23847,473,4355.476504
1016.247889,501,4359.213403
532.728716,354,4361.88416
1174.792617,601,4370.429588
1174.651684,596,4374.771154
967.975538,474,4378.29231
968.473068,477,4381.802453
366.03263,239,4383.628763
-8.028183,1,4383.659167
969.916756,477,4390.839678
460.205077,299,4393.205412
94.310456,85,4393.851773
969.862437,476,4397.383925
53.570298,58,4397.818984
1017.719323,505,4401.579485
603.880157,252,4403.456928
765.447427,367,4406.159897
604.969387,255,4408.053627
538.115204,221,4413.193268
1174.954553,591,4417.633015
1175.323178,595,4422.06074
768.937182,358,4424.690732
1018.810437,504,4428.408012
757.927675,369,4434.506507
1175.154208,594,4438.868167
603.182722,255,4440.777627
538.090808,222,4442.432645
1172.677985,595,4446.886025
873.358376,545,4450.879164
767.303762,349,4457.117498
817.130513,380,4459.947118
817.644239,387,4462.794988
769.244929,354,4465.369963
767.231887,360,4468.034122
970.279676,476,4471.575873
293.80561,204,4473.047553
353.085701,232,4478.976418
1173.32301,600,4483.458388
1174.819038,593,4487.89489
602.545343,254,4489.734292
868.41191,435,4492.935797
1018.588096,504,4496.650734
817.28062,382,4502.558348
67.215419,67,4503.059765
767.18352,353,4505.666143
767.998103,355,4508.356838
602.549232,254,4510.252077
815.79103,380,4513.053856
1017.228449,502,4516.863142
529.465335,357,4522.774391
757.588286,370,4525.488201
536.784756,220,4527.111091
970.015407,475,4530.708226
817.942999,386,4533.628873
604.071032,254,4535.5036
969.708542,477,4539.060325
