#{"t_start": 1781035007.7045135, "env_id": "None"}
r,l,t
-13.586413,126,1.496212
-2.881724,829,4.741895
-10.240934,328,6.05795
2.097917,224,7.044637
-29.738998,909,10.850335
-8.067182,1,10.87236
-20.594718,506,15.826904
-15.246826,401,17.428433
-14.353928,499,19.399368
-3.614288,89,19.756547
-38.602881,570,22.019305
-68.904103,1036,27.923173
-65.206005,900,31.470689
-58.091966,900,35.054556
-60.484486,600,39.396877
-19.132254,300,40.600959
-21.918265,300,41.813648
-22.485399,300,43.088103
-71.42059,600,45.517509
-19.641096,300,46.716689
-46.825373,600,50.80031
-23.738971,300,52.103725
-30.585438,300,53.422822
-25.783439,300,54.638595
-128.06542,1500,62.759259
-76.423524,1200,67.547886
-62.318151,900,71.061041
-77.675408,900,76.477278
-57.752122,1200,81.196192
6.315962,293,82.367375
7.577909,336,86.161978
7.389519,481,88.036327
-35.563494,600,90.42983
-6.970239,219,91.269716
19.979035,190,92.029857
-5.148501,28,92.164947
-25.259389,300,93.382822
-10.334689,600,95.790369
-52.976399,510,101.109525
-57.610378,121,101.617005
66.546659,552,103.981615
73.500865,511,106.088692
6.804738,320,107.393197
-8.672984,768,112.213508
53.780786,543,114.378995
24.111141,127,114.90833
12.67249,99,115.325282
49.286065,411,116.978565
-36.354539,300,118.143243
66.534517,870,124.489426
5.953751,1200,129.202502
192.756613,1500,139.022744
7.751762,63,139.304284
82.881623,353,140.756888
12.839519,104,141.230224
19.169952,96,141.656854
-57.092626,900,145.245817
-6.993714,600,147.596215
8.583951,164,151.046263
-35.916051,600,153.440827
153.615288,547,155.658961
88.048532,288,156.843328
-105.78958,481,158.782261
13.907785,54,159.02374
51.972883,156,159.656437
-8.031418,1,159.677974
36.271172,91,160.081253
39.25728,310,164.041798
111.104407,319,165.351997
-45.080174,600,167.774416
28.678194,600,170.253272
42.331988,157,170.924635
42.24659,125,171.492883
66.233979,481,173.381564
13.346567,50,173.594504
99.221026,195,175.682954
45.575688,104,176.112163
-6.276891,16,176.209105
172.412653,1200,181.125258
70.857658,181,181.879764
58.461488,121,182.429698
20.828988,79,182.762955
51.451208,115,183.251727
194.620401,295,184.504287
354.237886,869,189.318922
80.464833,313,190.608848
43.137777,83,190.950929
178.555642,1019,194.991195
13.685395,68,195.287948
204.097266,350,196.71389
156.442822,237,199.222668
99.653391,190,200.026689
13.163408,51,200.240834
61.857354,131,200.825568
102.664745,203,201.694602
91.582477,208,202.583369
46.138683,89,202.965715
71.456287,161,203.607273
78.116274,162,204.270914
13.576645,69,204.571097
45.605431,85,204.93676
21.564029,63,205.241047
46.066301,85,205.601244
72.129381,133,206.157464
79.310244,128,206.706697
283.017551,486,208.705652
78.161954,173,211.749251
171.418296,237,212.71647
193.613035,283,213.848484
7.658131,600,216.333174
14.433543,56,216.569508
111.317903,205,217.45085
13.871365,68,217.744947
12.758378,600,220.142832
234.288778,358,222.53329
12.238556,68,222.846537
49.90795,96,223.251859
72.664952,159,223.87695
251.176958,451,225.764228
78.835819,122,226.301031
49.191943,98,226.728663
68.418332,137,227.320118
45.349016,76,227.650523
191.434142,311,228.956637
270.116705,1200,235.009138
72.680846,140,235.585866
14.104332,56,235.830443
190.814763,269,236.983615
65.973107,109,237.449926
150.973158,237,238.449387
79.925705,112,238.922261
-8.104348,3,238.954201
24.697486,72,239.262372
13.006043,56,239.515561
196.288727,254,240.625748
204.328568,294,241.890149
30.24373,133,242.507153
195.404146,359,244.052451
195.90923,245,246.45122
54.113615,157,247.127189
25.253476,61,247.430874
228.578856,303,248.83284
68.854695,116,249.331937
195.649929,243,250.364251
194.864994,242,251.368812
264.158262,322,252.749839
79.952203,114,253.214812
105.277241,156,253.885151
85.60074,119,254.41275
222.571709,280,255.622884
79.76332,111,256.11351
222.13279,284,258.24393
64.083183,103,258.729895
46.778051,90,259.169495
191.539604,251,260.229047
45.837944,79,260.590552
229.969415,282,261.794516
44.046427,68,262.092451
32.603085,72,262.38294
195.967467,224,263.328856
12.927662,58,263.592335
227.017803,293,264.822836
195.500395,254,265.885745
66.08214,95,266.370001
79.844107,107,266.833392
51.695909,71,267.146983
48.638439,83,267.520051
207.844967,226,268.49875
-16.07493,1,268.52012
73.094701,126,270.243758
57.831194,89,270.640301
19.470936,57,270.879373
49.270299,88,271.263831
73.043416,133,271.83758
79.82631,104,272.287816
215.469063,278,273.488068
49.06745,84,273.865935
57.88889,82,274.229491
58.273806,84,274.582138
33.813094,64,274.873186
57.991899,84,275.216103
221.125004,262,276.401882
68.652488,120,276.882317
221.862729,257,277.920447
195.529623,261,279.061088
14.855581,42,279.242157
229.923453,259,280.386832
142.095349,184,281.99367
57.792978,79,282.319397
78.76394,118,282.844219
204.357809,266,283.960959
33.712713,68,284.274292
213.80891,250,285.366662
78.788343,153,285.994588
194.10682,228,286.986983
71.171118,124,287.47821
212.235435,278,288.731031
213.528538,262,289.831185
77.530189,148,290.456006
99.724474,137,291.068914
37.733044,64,291.363332
169.687987,274,293.47477
72.47144,119,293.976363
79.421183,100,294.41626
50.844295,75,294.783992
30.517624,52,295.017705
212.458946,242,296.016903
227.476798,267,297.181262
214.151823,205,298.056973
99.530623,133,298.711251
-6.256118,16,298.793016
134.945136,251,299.824034
67.566838,86,300.175771
68.670842,134,300.762321
44.661183,74,301.106313
380.049651,549,303.579696
100.736151,125,304.129698
30.758615,69,305.757018
195.559742,217,306.664327
73.169353,119,307.204513
79.225949,142,307.811015
68.699324,121,308.314419
14.744333,45,308.518177
68.949973,122,309.064506
39.825617,74,309.359112
214.723311,225,310.332638
202.58773,223,311.285353
213.753441,258,312.444119
34.333024,81,312.775707
278.354363,366,314.280683
168.315025,269,315.413647
80.040957,145,316.036417
176.808768,264,318.838681
92.996557,162,319.547693
113.915389,157,320.218824
92.256794,155,320.903799
79.899574,106,321.349973
91.194774,142,321.921474
98.656966,143,322.60375
92.935806,159,323.255947
235.784874,287,324.464283
105.950132,127,325.012471
79.842084,105,325.457218
172.873572,600,327.970273
94.626059,143,328.589713
209.02574,195,330.454524
235.560134,257,331.579152
49.169971,78,331.940718
281.861931,381,333.505026
91.49812,161,334.201184
112.725467,184,334.966114
92.082849,160,335.617921
343.447814,441,337.531118
105.455735,151,338.1859
59.017669,95,338.607147
185.301436,600,342.878221
249.513055,358,344.357239
280.973581,331,345.731849
55.781712,92,346.11229
180.070825,199,346.989996
220.616624,360,348.547338
44.156181,70,348.855272
284.258207,344,350.310703
75.227664,105,350.731472
281.018996,292,351.924026
95.514881,153,352.585258
33.216764,76,354.408911
96.740264,154,355.057282
53.610639,76,355.439125
249.070294,325,356.804999
114.171531,139,357.409202
345.51367,399,359.082854
139.010435,154,359.746519
285.12979,321,361.026739
69.994589,104,361.457701
62.540694,162,362.115514
322.507327,387,363.736669
688.358512,787,368.54859
34.014215,70,368.840014
27.016325,46,369.03266
118.884357,160,369.735896
178.216347,151,370.414047
56.119843,108,370.858942
348.26418,337,372.293755
255.182874,313,373.638449
236.328423,220,374.587439
891.854785,567,377.725907
236.761991,241,378.706828
108.430372,155,379.356611
74.164761,130,379.904347
225.32146,349,381.324889
101.276855,144,381.909949
105.48841,104,382.406785
70.178418,87,382.787362
1072.292354,770,386.018514
256.106241,266,387.138747
203.295968,178,387.87978
141.517297,224,390.313394
67.682772,72,390.630234
149.388758,156,391.384277
103.557211,106,391.832045
13.229161,42,392.017497
323.149223,386,393.54717
66.613222,73,393.873538
57.696378,84,394.269248
239.128407,215,395.160745
116.558303,132,395.735116
266.650012,223,396.6684
109.173888,120,397.166135
709.702615,406,398.85507
75.584558,92,399.257559
67.788671,85,399.6384
246.922862,211,401.838743
148.24953,147,402.460954
31.11867,52,402.679863
35.241389,57,402.953614
244.843195,211,403.952425
143.159562,177,404.727613
83.619936,91,405.134616
238.308212,220,406.027137
57.22502,69,406.353227
236.882405,202,407.17011
63.361775,71,407.493874
148.738477,196,408.317524
235.490452,212,409.220022
105.025588,134,409.758616
57.772366,80,410.133259
152.993138,146,410.745371
87.675398,119,411.241357
260.972475,239,413.172675
80.216361,91,413.578773
39.6324,62,413.864053
59.482071,70,414.164915
101.999572,104,414.636168
239.49531,194,415.5124
35.007306,59,415.772678
101.831098,112,416.312992
712.222578,374,417.891644
60.049453,85,418.288914
105.035889,125,418.804721
140.825772,143,419.373744
105.957604,119,419.884795
691.316094,543,422.259016
117.106093,114,422.783814
58.289952,89,423.16998
506.760678,357,426.006823
711.619973,389,427.654146
35.972841,55,427.895528
712.048441,386,429.554258
262.973727,228,430.512059
82.444231,92,430.931587
713.467771,361,432.409962
190.963488,87,432.810622
324.361666,236,433.841655
103.959247,96,434.257408
1077.354472,659,438.158771
71.494145,84,438.492865
896.804029,490,440.604913
1077.516882,637,443.309459
35.473038,57,443.549695
102.364565,101,443.984972
271.897406,243,445.011726
566.494423,304,446.217912
-16.047272,1,446.240487
22.784268,100,446.66087
95.373174,99,447.077442
793.833451,546,451.239626
218.899517,174,451.962445
290.337468,256,453.045641
245.63258,193,453.868153
566.768857,304,455.108635
266.137012,221,456.038896
338.012329,281,457.190137
115.638776,105,457.621866
117.580104,105,458.085567
713.458528,337,459.477652
701.279806,497,463.056046
92.617358,92,463.464852
296.897268,213,464.363659
328.248154,245,465.39264
118.672249,119,465.908446
1081.093239,558,468.23546
233.840944,201,469.087698
713.184233,342,470.480181
566.352685,262,471.629793
3.334783,30,471.786823
757.139064,412,475.101766
505.405228,249,476.14662
1080.815524,565,478.476089
234.237822,202,479.305943
287.058554,192,480.094926
758.633029,402,481.729941
255.083271,217,482.630083
-6.281445,15,482.72433
137.251441,123,483.26216
325.602465,212,485.36078
268.196937,207,486.28816
1083.12201,529,488.566947
1085.006608,516,490.731138
415.263111,275,491.897303
50.915562,59,492.143901
942.453961,458,494.167279
246.623854,178,494.905928
569.208881,247,497.392731
314.515709,250,498.422244
1083.629975,512,500.563396
357.320586,243,501.597855
451.762036,338,502.978959
282.491512,201,503.825398
118.179648,120,504.320011
244.460838,204,505.136076
1080.830301,550,507.481129
566.616579,257,509.814159
422.23173,297,511.017611
224.61801,188,511.750092
1081.19645,540,514.042356
104.499941,91,514.436897
290.940122,214,515.389456
210.564631,166,516.08261
1.218678,80,516.41709
146.191458,135,516.983909
716.537109,325,518.333726
506.159222,232,519.297425
291.436982,211,522.684867
412.454883,293,523.884923
289.670364,202,524.75489
717.026196,321,526.112555
565.492883,281,527.252908
899.831807,410,528.945111
328.958143,228,529.915884
191.292963,149,530.548371
58.700223,73,530.84648
639.694318,411,534.206169
506.701612,222,535.207932
456.939227,355,536.682815
565.847274,267,537.816827
244.218496,198,538.597875
568.914481,255,539.679129
82.027746,97,540.09965
325.684982,216,540.989725
716.282702,323,542.368337
758.573565,372,543.974122
48.598114,64,544.23553
505.852963,234,547.034812
34.900131,54,547.263019
809.031499,508,549.39991
1082.566574,532,551.603209
717.471457,313,552.880347
478.435332,338,554.338618
760.517682,358,555.785872
286.874835,196,556.582496
147.824051,121,558.403859
717.961088,313,559.708256
898.403834,427,561.423935
568.340423,246,562.481574
234.209544,175,563.207753
506.819123,222,564.142879
326.085855,228,565.065911
760.918559,364,566.555971
471.557336,320,567.870248
567.313204,253,570.713898
900.082216,421,572.494134
343.85894,230,573.433084
81.821294,94,573.853348
47.001919,61,574.10536
760.108608,373,575.658397
51.742036,62,575.932492
506.484822,221,576.846608
567.273237,256,577.907543
758.778184,361,579.407364
373.276438,241,580.412318
423.973353,289,583.174376
321.18036,214,584.069934
1085.305323,513,586.177449
325.933094,212,587.065203
243.303815,180,587.819486
1084.464243,519,589.973578
900.797135,416,591.673809
566.645201,249,594.328622
49.533711,78,594.65679
714.866403,317,595.966987
568.470428,249,597.025749
759.294961,347,598.492912
507.944429,223,599.376046
401.970723,290,600.599267
333.65754,224,601.566886
715.398924,322,602.88687
35.17986,48,603.105582
59.432264,73,603.438007
35.075736,51,603.670375
1085.57763,507,607.505779
290.109519,202,608.376714
59.4794,78,608.710021
132.714591,182,609.45273
715.592612,322,610.7278
116.788136,111,611.191301
506.537793,225,612.085295
214.314042,164,612.823939
142.893897,121,613.331996
1085.03109,504,615.392358
59.394687,74,615.71555
1082.387889,524,619.551252
135.701399,114,620.052863
212.986381,160,620.726481
96.366078,99,621.146114
897.969122,424,622.884884
-28.372858,81,623.2417
714.82573,327,624.582595
567.690428,255,625.609385
717.276325,309,626.898356
716.902866,326,628.216907
759.37299,359,631.093721
567.172308,245,632.103619
150.406102,123,632.598718
318.795856,217,633.532819
761.38822,363,635.018493
295.69673,207,635.870962
373.606758,253,636.917891
505.571263,232,637.870115
566.141307,264,638.94807
566.877194,261,640.031748
58.993063,72,640.328543
506.261221,217,642.934757
505.592393,231,643.839762
898.217458,433,645.590828
569.005119,238,646.593546
15.621129,34,646.743796
27.103479,47,646.945341
567.520402,245,647.960214
939.721965,453,649.856049
759.292666,353,651.334721
226.700158,173,652.061591
45.404453,62,652.316133
109.09807,105,653.962001
289.382497,190,654.801104
758.220887,364,656.28784
759.123043,371,657.789668
27.494554,46,658.007604
900.351629,408,659.772223
565.861309,253,660.803266
504.749441,238,661.773936
152.972996,125,662.297376
-0.400401,71,662.629096
421.98871,277,663.813669
568.475631,256,666.938218
154.068249,123,667.466896
714.243663,336,668.858157
759.413325,362,670.393289
46.406477,63,670.677742
900.242843,405,672.351386
471.116499,328,673.733434
896.592407,444,675.519683
507.591745,221,676.425999
160.252268,137,678.408542
901.130445,426,680.16024
569.795656,364,681.673947
219.873705,167,682.368174
277.081469,191,683.186354
715.462569,325,684.588792
1083.629649,504,686.672642
900.149728,393,688.275594
194.608179,149,690.698292
59.348989,72,690.992196
900.614737,428,692.821397
262.455565,225,693.719584
304.459869,207,694.615487
258.787175,203,695.42732
59.685614,73,695.723056
116.151928,106,696.185411
59.433421,80,696.505972
270.195726,183,697.304277
1083.295311,516,699.421216
1084.515581,502,703.071527
439.405742,295,704.372876
566.178965,257,705.4245
940.76596,441,707.264225
566.739929,242,708.292504
505.722936,230,709.271564
415.129896,271,710.363717
505.934727,225,711.307065
899.879926,393,714.146348
210.867139,163,714.816043
424.453898,271,715.990403
329.943684,217,716.937809
451.160553,297,718.154648
507.449261,219,719.144742
566.474439,262,720.207177
508.787057,329,721.566593
1085.013805,485,723.645519
506.015889,224,724.632634
1084.388732,488,728.328559
141.776651,118,728.823853
717.48967,307,730.09072
288.337085,194,730.883615
56.331573,77,731.251695
119.163306,102,731.709197
900.18333,399,733.35106
1.831067,78,733.672754
567.175837,253,734.729326
901.130005,415,736.453505
46.748926,60,736.703483
58.974265,73,738.695264
521.544328,344,740.130374
57.442675,78,740.444609
282.142019,202,741.266848
417.488668,263,742.352153
374.048409,243,743.383533
567.021389,254,744.439799
1083.129503,507,746.50374
899.592404,404,748.191384
629.135707,374,751.382184
899.481748,417,753.105493
142.671129,127,753.650368
-16.040352,1,753.675261
715.345157,318,754.967895
567.648047,255,756.017248
58.657401,66,756.305053
566.751262,258,757.374465
58.779693,72,757.691638
29.40854,47,757.901846
566.63438,258,758.970235
-16.067356,1,758.990567
568.337114,234,759.945107
56.759872,77,760.257022
59.133862,66,760.559973
506.850445,217,762.909568
1083.8679,511,765.042815
290.873097,191,765.835819
281.627592,194,766.70542
899.661127,415,768.407041
416.364266,261,769.449712
511.185816,332,770.829006
289.937636,186,771.592157
507.608779,227,772.542023
899.258446,432,775.655286
258.533803,207,776.516741
894.412337,426,778.275685
899.701228,405,779.97549
430.824888,283,781.135872
716.850632,328,782.487942
119.52193,109,782.97724
312.975163,224,783.887965
450.292594,313,787.0161
611.398901,375,788.591866
412.067974,265,789.684114
56.793127,66,789.950889
715.713669,321,791.251144
759.146628,361,792.718227
567.538722,239,793.692409
566.598919,252,794.704946
505.936083,219,795.588795
715.881906,313,798.762412
57.324745,78,799.108977
1086.681696,469,801.051403
56.634052,70,801.362139
1084.538009,516,803.477096
716.226813,328,804.818712
900.88752,398,806.456433
478.696668,308,807.763838
154.024194,118,808.281749
715.505171,320,811.087054
901.047566,409,812.796848
566.770281,250,813.832429
760.970344,336,815.239747
900.246777,404,816.899556
566.731442,241,817.909904
506.912312,222,818.810246
116.7126,123,819.330101
1084.931561,494,823.383858
759.097104,344,824.804374
100.429192,96,825.216205
416.313764,255,826.246195
901.12748,413,828.010055
716.787738,313,829.333562
142.107895,114,829.811097
115.000803,112,830.279368
260.68622,195,831.097805
506.941149,219,832.005204
1085.104861,513,835.758124
144.78247,118,836.249695
450.86132,298,837.466968
449.1191,291,838.657799
460.098849,314,840.015248
140.690244,120,840.49821
506.238948,234,841.508314
55.404169,72,841.807418
59.297431,77,842.123293
759.574405,351,843.665685
40.343199,61,843.92573
759.135894,355,847.096377
759.506208,351,848.571664
1084.307372,487,850.620398
1084.426806,502,852.682112
-8.031961,1,852.702255
567.406537,243,853.692364
143.537354,119,854.222184
507.199935,220,855.118101
346.5708,250,856.136951
506.628855,213,857.046828
583.895265,329,860.467538
900.948204,398,862.108107
507.64146,213,863.055931
1084.224947,490,865.06401
433.794728,284,866.261266
759.024935,347,867.673393
121.052853,104,868.131826
240.617008,168,868.825385
507.620115,222,869.757893
1087.227336,476,873.129551
55.9475,66,873.404379
567.990466,243,874.441262
143.35689,111,874.933906
507.136942,220,875.955217
406.579198,261,877.005631
566.46726,233,877.995765
716.807724,314,879.270024
566.220816,264,880.360569
57.601632,78,880.689606
219.468836,156,881.340296
567.297483,243,884.085636
759.10148,363,885.641287
153.731116,125,886.157205
1085.853781,495,888.211279
898.930617,400,889.873927
62.473406,72,890.164166
58.477516,72,890.497484
567.404141,246,891.509923
136.324227,116,892.013019
900.673554,399,893.672491
718.162476,302,896.263757
1084.254359,514,898.393222
566.591127,233,899.382424
760.705966,352,900.88416
941.788974,434,902.718246
244.881503,187,903.537268
507.064809,220,904.46902
1087.441961,483,908.289715
346.797948,236,909.368743
1085.692637,482,911.337117
145.263865,122,911.863941
717.311485,311,913.112768
716.99806,320,914.4331
759.346303,363,915.97052
58.942118,74,916.271117
142.622085,120,916.797025
943.165854,440,920.243957
1084.7597,503,922.332793
567.761187,250,923.374125
210.802777,164,924.074584
410.578708,257,925.138682
142.324487,113,925.612327
288.596387,187,926.391344
942.875017,429,928.212302
1085.162877,486,932.270851
629.137306,378,933.821414
56.640751,80,934.175074
99.017414,100,934.590075
759.995781,348,936.013428
941.890857,430,937.760992
506.526254,220,938.667175
144.000436,120,939.189078
506.087551,222,940.059987
715.830158,314,941.363892
59.748114,76,941.671779
567.732746,243,944.551807
287.549642,192,945.341073
611.447307,356,946.85101
610.852573,371,948.379018
566.776312,248,949.424341
901.985201,402,951.111228
566.235886,244,952.124355
121.067834,99,952.553327
759.622698,347,954.00199
761.124276,343,957.317319
568.749609,237,958.288272
292.166194,192,959.083612
506.668387,215,960.002459
-16.036257,1,960.025021
60.825347,70,960.341659
1085.202603,504,962.407167
507.859497,212,963.303698
705.465177,338,964.736114
716.705489,319,966.0687
567.848306,240,967.104105
759.722984,358,970.166642
59.26417,71,970.477879
1084.820168,493,972.48622
942.378147,434,974.275635
415.090491,268,975.406477
943.053951,420,977.130131
408.300129,261,978.218518
615.405923,365,981.584921
568.102737,237,982.578571
566.847244,242,983.563565
899.502959,422,985.318169
120.935455,100,985.750168
901.255191,383,987.363691
900.877437,396,989.045894
602.904939,376,990.563749
464.246637,292,993.940141
247.66723,182,994.716066
1085.013347,488,996.808469
899.198949,407,998.514349
1085.578029,468,1000.543573
-16.051447,1,1000.566095
567.49543,243,1001.558827
715.302999,317,1002.883321
567.452072,230,1003.811617
58.481801,67,1004.108148
96.699984,93,1005.770592
332.28885,214,1006.65502
567.87878,245,1007.67478
1085.306617,479,1009.68528
506.151588,212,1010.565325
275.314945,180,1011.315535
506.782936,216,1012.235376
7.377756,80,1012.570493
717.386007,306,1013.85119
151.285776,112,1014.318913
508.165037,217,1015.243517
479.666162,323,1018.426048
716.296809,303,1019.684974
567.611764,241,1020.661516
759.268339,355,1022.14814
506.889653,230,1023.093169
716.920087,309,1024.453481
901.317052,378,1026.023292
567.675101,242,1027.081786
716.037,302,1029.882043
58.738621,70,1030.167852
-1.605792,71,1030.465432
567.248843,242,1031.513873
506.937423,217,1032.406339
409.077461,280,1033.58902
567.811865,242,1034.575694
567.136103,244,1035.623117
144.220552,118,1036.105127
507.389701,219,1037.047558
944.451599,400,1038.710582
715.75774,313,1039.993129
507.218019,223,1042.850755
261.014209,199,1043.650417
142.707178,120,1044.154309
1085.263208,502,1046.260683
478.106113,314,1047.559996
393.324445,246,1048.577134
296.014908,193,1049.39531
61.876207,68,1049.670742
508.038366,214,1050.577922
716.217478,312,1051.846148
715.372939,307,1054.494435
143.489828,111,1054.936983
711.167259,329,1056.343882
293.590524,195,1057.139842
408.527757,253,1058.206117
406.95443,259,1059.262357
150.005803,117,1059.739729
760.0767,327,1061.103159
758.985887,343,1062.51144
345.599296,244,1063.544865
1085.588356,473,1067.307407
790.795582,437,1069.129392
-8.026102,1,1069.150206
795.121443,437,1071.039329
423.23572,261,1072.157915
409.205386,250,1073.202566
715.734907,308,1074.510689
566.663645,241,1075.480633
-8.042665,1,1075.502867
715.865637,304,1078.716108
144.987577,117,1079.230517
65.058993,76,1079.560055
59.103137,67,1079.837506
157.311769,123,1080.385844
759.193639,359,1081.835057
898.775622,398,1083.537369
900.770711,394,1085.197105
330.414909,230,1086.168898
57.981091,74,1086.498358
898.533749,411,1088.213296
140.612334,119,1088.689967
900.108168,382,1092.16633
61.608627,74,1092.505068
473.123724,300,1093.723726
100.469096,100,1094.134533
567.642115,244,1095.17521
408.223096,249,1096.204541
715.903175,312,1097.464517
944.510912,422,1099.23376
761.858402,342,1100.60904
794.251049,436,1104.031256
898.647456,418,1105.74334
716.812793,303,1107.044024
-2.218987,74,1107.353382
183.793332,127,1107.867988
642.0208,355,1109.35172
899.932002,394,1110.997367
566.516701,251,1112.053771
507.913454,213,1112.910545
567.135823,239,1115.810834
716.912488,303,1117.076903
-16.024923,1,1117.099918
759.775406,342,1118.490878
566.780587,240,1119.505448
59.634587,74,1119.802601
99.451959,100,1120.222048
717.164999,299,1121.497037
263.513233,199,1122.305183
101.155219,99,1122.757837
1085.95948,489,1124.768982
567.322012,243,1128.152906
145.653894,116,1128.647861
1084.483079,494,1130.697403
115.669247,110,1131.159375
717.243066,294,1132.396153
717.243372,299,1133.630876
470.128459,313,1134.949017
-16.04008,1,1134.97057
506.675443,212,1135.839003
566.452043,235,1136.820925
53.096917,64,1137.098772
506.784647,218,1137.962075
759.691833,328,1140.938921
345.544601,238,1141.899641
408.180194,265,1143.061529
344.660933,224,1144.003836
566.327092,245,1145.051877
716.176279,309,1146.334417
1086.657501,482,1148.460739
409.244335,261,1149.495752
759.977657,336,1152.801679
266.046884,196,1153.645766
898.42929,397,1155.291159
896.904606,423,1157.048056
715.768103,299,1158.338968
567.233241,240,1159.322533
293.449429,196,1160.149733
507.028754,219,1161.051813
567.07304,249,1162.101803
1086.497981,472,1165.284436
614.66961,352,1166.741384
48.125402,60,1167.042124
263.308014,183,1167.800973
100.417127,102,1168.233631
505.88617,210,1169.09425
506.087732,206,1169.963178
145.161991,118,1170.451907
502.108499,306,1171.707168
507.435782,219,1172.600972
717.682362,298,1173.886776
621.839646,364,1177.855645
83.988878,89,1178.232783
1.666409,73,1178.551634
716.751819,298,1179.770394
902.17406,399,1181.502214
567.11926,240,1182.521982
714.69306,314,1183.860831
760.364194,346,1185.28516
566.706277,242,1186.309018
942.876293,429,1189.581903
506.821663,223,1190.512145
716.8716,308,1191.806515
43.923663,60,1192.054164
716.011496,314,1193.35049
507.725313,209,1194.230194
1085.665297,488,1196.26243
1086.219706,483,1198.279065
759.838685,333,1201.504627
351.719964,223,1202.48504
900.603819,373,1204.061224
1087.044348,469,1206.032716
899.49595,394,1207.678961
506.411841,210,1208.552009
716.389678,299,1209.771955
943.756044,420,1211.515202
941.854062,422,1215.067721
637.894152,353,1216.504962
715.676347,309,1217.767447
899.150222,411,1219.513789
61.342492,83,1219.858638
760.872876,339,1221.295674
331.018529,226,1222.273226
507.332984,212,1223.149786
759.434394,345,1226.332739
898.35843,390,1227.901376
717.258894,295,1229.140098
567.049168,253,1230.169097
69.165818,74,1230.491641
717.587822,290,1231.656674
59.934715,66,1231.942208
338.479836,207,1232.83347
942.402188,423,1234.60181
1086.3311,475,1238.162951
566.991033,243,1239.19154
505.782337,206,1240.08147
942.764341,426,1241.804101
1085.377262,494,1243.889207
943.082527,416,1245.623479
639.387607,370,1247.155387
506.342001,216,1248.023052
147.146568,112,1249.957261
761.081909,329,1251.307554
566.603947,245,1252.384274
944.937312,416,1254.100763
715.987273,316,1255.397272
716.173604,304,1256.640124
899.705202,402,1258.310195
119.120348,106,1258.80602
630.562566,357,1261.860613
256.149373,189,1262.667326
567.38327,243,1263.6547
264.28792,178,1264.526885
568.742605,235,1265.492257
567.988566,240,1266.491246
506.538581,218,1267.400042
-4.891497,10,1267.455554
272.376256,185,1268.223926
505.468281,222,1269.150206
717.29457,291,1270.327422
145.917513,115,1270.812341
67.609989,72,1271.143938
506.095527,208,1271.975089
566.222211,241,1274.710809
898.127046,410,1276.421415
900.846128,399,1278.028002
3.7175,69,1278.321158
901.127377,387,1279.923206
716.889787,314,1281.214386
944.387345,421,1282.948836
899.619826,405,1286.237159
347.794106,223,1287.164353
716.152253,295,1288.385978
900.780923,383,1289.970351
145.687253,136,1290.512625
515.38566,304,1291.817518
1086.703592,494,1293.867014
383.029047,239,1294.890842
704.293491,331,1298.194016
385.634702,230,1299.114673
60.944001,70,1299.398726
49.782777,59,1299.682324
506.647792,213,1300.548799
507.68529,224,1301.553774
143.094665,121,1302.040846
566.788383,242,1303.048231
901.040595,384,1304.69085
568.744241,236,1305.694343
567.606611,242,1306.722219
759.687173,344,1308.16824
761.674282,345,1311.248046
715.944482,303,1312.510815
567.167375,243,1313.564925
760.836891,330,1314.945119
74.060669,76,1315.273384
344.985543,225,1316.272536
475.340629,319,1317.587422
415.13481,256,1318.649987
568.638973,243,1319.680217
15.551899,34,1319.830992
567.051502,242,1320.82969
943.471782,406,1324.130615
60.24351,64,1324.401964
900.875091,389,1326.029777
246.246143,163,1326.704979
898.79312,387,1328.2992
761.070701,334,1329.706667
482.457897,315,1331.021665
944.195246,395,1332.700182
320.276753,215,1335.545181
1086.269463,477,1337.561071
760.925537,351,1339.0396
899.287253,404,1340.727807
76.466253,78,1341.039518
760.061613,338,1342.466075
568.964614,234,1343.446266
944.099408,399,1345.114784
507.561744,215,1347.675413
480.061356,302,1348.905799
760.20428,330,1350.285125
10.192414,31,1350.428825
507.226357,202,1351.263858
506.13885,215,1352.170933
900.862125,399,1353.813536
716.662569,307,1355.151937
761.824148,327,1356.503331
760.218292,341,1359.812351
14.913266,100,1360.241157
297.814762,191,1361.015283
240.441096,162,1361.675116
146.051091,112,1362.14642
1085.434156,490,1364.270078
415.983013,264,1365.385024
1086.756401,475,1367.35814
1085.941948,483,1369.416346
943.019345,417,1372.970882
900.679749,388,1374.578386
506.836618,215,1375.468236
1086.757627,461,1377.402827
266.856882,199,1378.232225
59.962091,62,1378.500103
1085.907138,486,1380.540699
64.740484,82,1380.908082
-8.044836,1,1380.930236
760.197673,331,1384.263779
898.223888,394,1385.926878
761.475078,332,1387.313928
1084.998904,470,1389.279341
901.862859,393,1390.895833
715.789782,308,1392.218809
941.116055,428,1393.979002
715.503394,302,1397.009112
261.277676,189,1397.819117
761.645449,332,1399.195223
56.387098,64,1399.4638
943.361465,402,1401.149495
1086.325544,466,1403.082321
506.639687,216,1404.070201
1085.707893,468,1406.013008
1083.106042,506,1409.722836
898.082082,390,1411.390477
758.973694,339,1412.800852
475.355915,305,1414.098137
901.243393,387,1415.705865
900.140153,384,1417.319656
715.847649,307,1418.601931
899.13994,394,1421.913962
381.374979,252,1423.013887
142.605138,116,1423.512098
235.184106,161,1424.22429
479.260594,302,1425.489102
506.598625,214,1426.374932
269.060914,192,1427.169459
1085.098413,481,1429.197233
292.005739,191,1429.978091
506.487883,221,1430.921987
944.042381,400,1434.81712
330.434155,222,1435.751749
716.29549,297,1436.994075
716.235975,302,1438.230462
761.328023,326,1439.611017
213.176824,159,1440.273676
942.444527,409,1442.101563
1086.161365,489,1445.907108
760.771009,340,1447.407225
759.656857,342,1448.804507
762.118175,326,1450.188209
900.84835,383,1451.840423
40.473897,52,1452.071904
1086.21557,460,1454.010701
943.714667,416,1455.75615
506.796669,222,1458.392337
1087.206189,467,1460.355199
567.475626,236,1461.354365
716.209597,304,1462.647946
716.368586,299,1463.888445
290.429001,188,1464.686591
507.281406,210,1465.526072
717.098887,311,1466.828898
941.699079,416,1470.267134
70.078303,90,1470.658211
109.455961,90,1471.054145
83.60479,90,1471.449601
71.222637,81,1471.811785
505.828929,206,1472.663117
1088.175649,455,1474.561786
69.902449,84,1474.916436
717.064033,307,1476.175944
1086.317705,476,1478.19016
942.968665,417,1479.907416
1088.253261,467,1483.205021
565.584062,244,1484.202488
60.780997,66,1484.530119
1086.02543,480,1486.506703
279.699475,183,1487.268191
506.11872,211,1488.179282
479.951302,314,1489.51743
638.537828,363,1491.038065
57.508863,65,1491.334605
1086.376752,479,1495.342577
475.165998,314,1496.668223
567.757794,230,1497.625237
59.397443,81,1497.956169
901.754446,382,1499.549133
416.378929,261,1500.642324
715.317457,321,1501.99534
566.838822,247,1503.020309
759.42676,339,1504.459594
506.953651,205,1507.054847
1085.899927,466,1509.034739
567.979432,238,1510.06437
507.040306,206,1510.947272
265.24986,244,1512.025741
716.054556,303,1513.313415
718.125645,292,1514.517449
760.312272,325,1515.897823
567.07707,235,1516.849883
266.087354,190,1519.372264
60.683857,77,1519.684542
761.30558,334,1521.081403
1087.245176,481,1523.09987
901.299015,403,1524.74398
900.272842,388,1526.344627
53.722064,70,1526.671158
1087.526875,462,1528.654903
386.893735,247,1531.612936
898.894271,399,1533.325605
899.147416,395,1534.96518
759.13242,338,1536.374712
384.310967,238,1537.418633
759.84455,326,1538.744257
718.797944,301,1539.997005
2.441389,80,1540.350915
1087.981314,453,1543.596289
761.490643,329,1544.975497
388.077553,247,1546.052497
477.20219,310,1547.341292
716.302323,302,1548.600523
1086.478087,473,1550.551749
568.606762,241,1551.603456
1087.824286,482,1553.595669
382.673967,249,1556.187541
567.164904,232,1557.160978
491.987442,310,1558.456058
288.158638,182,1559.177204
715.564327,303,1560.436276
568.367818,242,1561.471346
805.69944,435,1563.441466
441.729325,270,1564.583694
568.002909,243,1565.668789
15.346448,44,1565.860779
507.911235,211,1568.232392
59.007548,76,1568.564507
50.11116,62,1568.829389
898.321334,402,1570.543475
715.496904,295,1571.733468
762.27645,328,1573.139242
714.757695,308,1574.433208
55.269424,76,1574.736724
943.637139,420,1576.48618
50.314927,63,1576.77159
507.599301,208,1577.634746
506.532652,209,1580.256304
899.852505,392,1581.85495
567.467539,249,1582.888271
900.193557,393,1584.491992
567.309526,239,1585.519732
760.402594,338,1586.941977
491.041964,308,1588.244241
357.076983,225,1589.16867
716.362707,294,1591.805196
898.315035,418,1593.560133
119.797654,99,1593.990509
259.019176,185,1594.790082
488.440702,306,1596.108904
505.705671,210,1596.989631
568.144001,231,1597.96891
568.438131,244,1598.934755
506.125428,204,1599.792368
255.518326,178,1600.560881
761.52448,343,1601.999049
416.231892,259,1604.6442
432.739347,254,1605.72272
900.686889,397,1607.352968
566.403481,241,1608.360994
488.113928,311,1609.675915
58.03665,71,1609.962615
1086.880733,478,1611.953551
50.263694,60,1612.228177
88.666526,82,1612.67915
469.403018,287,1613.879385
759.969729,325,1617.095922
70.31114,79,1617.441622
60.257229,80,1617.76256
104.585905,88,1618.156617
1084.317571,488,1620.163059
1086.615347,477,1622.185043
760.446619,337,1623.584786
145.461105,113,1624.15333
1087.713756,467,1626.115889
189.779733,144,1626.713978
943.094997,417,1630.365216
510.41119,297,1631.61034
716.87709,308,1632.907861
761.403449,319,1634.249572
761.120961,315,1635.564584
232.455637,162,1636.222698
623.008322,353,1637.71514
505.904465,209,1638.569306
714.895694,310,1641.595275
358.120607,223,1642.490456
70.035599,80,1642.911641
1086.684712,460,1644.810113
-16.052736,1,1644.832118
505.989145,210,1645.681177
58.689836,71,1645.971116
98.014065,88,1646.371485
716.495833,298,1647.618205
324.932809,201,1648.497448
255.933784,174,1649.272616
480.667824,320,1650.618764
-5.989618,12,1650.679494
899.000909,396,1653.979994
567.497641,245,1654.975294
567.474605,240,1656.005593
945.231474,419,1657.835128
567.442431,233,1658.774724
512.788138,312,1660.101054
716.539647,307,1661.390509
142.820524,116,1661.88301
1086.947615,481,1664.962082
758.482765,339,1666.411241
145.589931,114,1666.898507
71.369574,71,1667.195802
332.507717,219,1668.157461
900.123366,390,1669.737624
898.880335,392,1671.360333
944.574678,423,1673.132476
-8.04269,1,1673.155862
805.194466,450,1675.04018
144.293943,112,1677.172601
60.639304,74,1677.527078
100.199315,93,1677.919121
156.730704,122,1678.424499
504.898603,210,1679.298709
408.961419,250,1680.378657
152.407516,116,1680.890461
899.6952,378,1682.468071
587.312702,345,1683.907781
715.89949,305,1685.227388
505.777696,209,1686.151248
292.257992,193,1686.995463
64.289992,74,1687.32353
760.119537,336,1690.387475
354.063254,218,1691.338357
760.76179,329,1692.73306
411.148507,246,1693.790504
565.98116,242,1694.806705
899.418144,399,1696.495603
1085.586231,468,1698.454599
508.350946,296,1699.724753
760.798736,326,1702.828081
46.15536,59,1703.074899
1087.032132,470,1705.044179
761.524313,330,1706.43251
900.32322,381,1708.045721
270.384709,186,1708.79513
1086.860553,465,1710.720148
900.125321,393,1714.097268
901.980031,397,1715.756518
944.87131,415,1717.461792
1087.894973,465,1719.382266
256.357455,172,1720.160788
194.306367,150,1720.760295
139.90137,115,1721.26761
900.778681,400,1722.941998
900.163305,381,1726.370381
293.14144,185,1727.167544
712.769663,311,1728.504441
943.83017,399,1730.190423
384.205146,240,1731.164838
69.701395,86,1731.531842
3.634658,25,1731.642537
714.986666,298,1732.941689
67.201846,81,1733.314889
144.750051,114,1733.825543
760.802543,340,1735.222074
941.78024,415,1738.904545
566.53981,236,1739.890161
759.896338,333,1741.396816
900.768519,394,1743.012991
761.288415,332,1744.444638
1087.468036,479,1746.518964
761.260579,322,1747.880378
415.585827,261,1748.979386
899.335682,390,1752.462011
709.02009,316,1753.780468
715.499359,295,1755.016153
11.634759,34,1755.195378
716.48714,303,1756.444802
715.506045,306,1757.680032
897.582694,419,1759.414172
565.877985,238,1760.364077
572.725138,326,1763.622275
505.775002,203,1764.45942
52.234051,79,1764.802927
270.776529,179,1765.58339
942.37119,426,1767.36859
758.909054,333,1768.721675
137.600415,109,1769.191264
506.76661,207,1770.086438
761.725637,337,1771.501644
11.168584,87,1771.873361
760.473274,322,1773.196105
567.768494,228,1776.072577
73.578339,78,1776.398567
49.526514,57,1776.641637
565.574135,234,1777.625312
463.234356,294,1778.857265
57.033105,73,1779.181177
759.449626,333,1780.567098
77.347004,77,1780.884433
760.651206,332,1782.282011
716.149316,301,1783.543449
761.09165,334,1784.911917
117.477462,102,1785.37811
1086.284768,482,1788.840748
944.929444,401,1790.502344
505.329635,201,1791.323449
717.696332,299,1792.631641
3.160227,29,1792.7784
60.17481,76,1793.110389
-8.060196,1,1793.132651
716.179698,302,1794.425093
291.084463,185,1795.217641
504.8661,212,1796.063696
717.260462,291,1797.28205
900.567973,380,1800.115925
566.626702,231,1801.116826
717.620657,305,1802.390131
899.901564,388,1803.984653
506.377946,202,1804.875735
567.442392,231,1805.83422
630.035573,367,1807.417661
897.902745,400,1809.100584
1086.34177,486,1813.084559
506.911669,204,1813.945621
1087.36218,468,1815.895684
506.563595,209,1816.772831
70.159634,82,1817.107864
1088.048966,473,1819.089769
566.487995,231,1820.064905
898.106404,404,1821.730296
504.85695,201,1824.435916
760.784804,319,1825.728285
14.87627,39,1825.897529
898.742421,398,1827.559769
715.50165,298,1828.832128
717.00594,289,1830.058198
568.03088,238,1831.044816
899.998294,393,1832.683279
55.570919,74,1832.981556
506.960533,210,1833.846816
717.071681,297,1837.246467
900.423404,383,1838.859426
101.004811,95,1839.283721
943.55521,409,1841.022558
402.425708,263,1842.171406
415.97893,267,1843.28749
899.250182,392,1844.937537
566.566083,233,1845.938551
943.429742,408,1849.75116
613.628062,353,1851.230799
898.850359,406,1852.91543
464.699615,292,1854.116693
760.553116,326,1855.535743
58.460958,74,1855.838517
504.971477,203,1856.655913
899.571852,398,1858.295451
488.097342,310,1859.625793
631.55021,356,1863.299445
760.631723,346,1864.82284
759.262012,314,1866.162461
575.321291,334,1867.565839
481.442838,308,1868.877404
1085.973532,493,1870.957018
943.412555,417,1872.7174
583.217949,346,1875.907383
61.147183,74,1876.226267
71.337561,84,1876.598705
715.8077,306,1877.896989
899.198213,390,1879.50819
507.728829,206,1880.376619
98.627698,100,1880.792901
-8.052513,1,1880.818818
-8.030902,1,1880.841296
897.940401,407,1882.558164
153.162783,115,1883.031136
761.438313,325,1884.426514
52.318745,74,1884.751259
64.880946,73,1885.046664
1088.919387,462,1888.141307
58.103178,67,1888.418593
566.830772,236,1889.419675
567.380316,242,1890.399573
760.709391,331,1891.790863
630.946242,355,1893.288389
249.350465,174,1893.992359
506.794832,206,1894.876556
899.904991,385,1896.471479
567.198352,233,1899.022104
900.809835,385,1900.688695
760.77267,323,1902.030001
899.257544,403,1903.705222
92.839848,104,1904.150045
899.628916,408,1905.866724
946.402322,396,1907.519843
567.752409,231,1908.49345
337.727569,210,1911.024896
267.347993,191,1911.823193
506.145154,206,1912.692011
760.650763,316,1914.032058
615.630126,360,1915.655631
946.580079,396,1917.283933
567.655858,224,1918.237033
59.932402,71,1918.567191
296.653288,190,1919.378997
266.770357,189,1920.159358
58.703208,66,1920.429544
504.545472,199,1923.23148
1087.911355,458,1925.167435
342.876408,218,1926.136631
760.444509,331,1927.536292
899.714765,397,1929.211987
58.589528,70,1929.51046
566.839698,231,1930.460845
945.070199,426,1932.271271
760.145875,321,1933.67526
408.313571,246,1936.38821
716.772131,301,1937.654776
716.137018,304,1938.924243
566.616831,243,1939.947798
708.841218,312,1941.25543
901.05223,393,1942.881307
1086.140915,480,1944.936435
59.884778,72,1945.260144
505.411074,202,1947.708787
900.864851,391,1949.33638
567.013316,241,1950.329112
760.508739,329,1951.717682
715.656069,315,1953.028087
70.573991,81,1953.382506
1085.588231,479,1955.380055
716.811367,304,1956.638895
717.52172,308,1957.91815
761.02653,321,1960.606468
-16.069376,1,1960.630337
46.731617,58,1960.880267
899.036142,396,1962.578253
292.40433,196,1963.403543
715.73257,310,1964.701991
899.79071,402,1966.38761
142.53164,112,1966.840625
506.580413,209,1967.735798
97.059081,96,1968.140797
126.727856,99,1968.551383
715.679827,313,1969.858176
116.15529,108,1971.805565
1086.259553,469,1973.779877
1086.159063,470,1975.775262
1084.28161,488,1977.830008
23.798963,45,1978.023902
565.391814,237,1979.056218
945.681678,402,1980.712122
95.6935,101,1981.161001
151.151528,116,1981.6404
943.945898,415,1984.897683
631.231315,349,1986.39007
14.111066,38,1986.558304
330.78081,217,1987.495989
942.813711,430,1989.333902
716.99407,298,1990.564317
760.222186,335,1991.972427
502.526763,290,1993.213146
244.923378,169,1993.921869
614.275105,363,1996.815054
899.661226,397,1998.46728
901.000911,391,2000.115754
901.118194,381,2001.737476
1085.369874,459,2003.63441
900.048855,402,2005.333934
1086.066257,477,2008.731482
761.107181,324,2010.163694
566.552408,234,2011.111138
943.935558,400,2012.794361
716.690527,307,2014.088986
150.990224,115,2014.57782
759.982363,330,2015.958762
51.464266,84,2016.323106
716.19678,312,2017.598829
1085.489841,480,2021.356717
505.265698,211,2022.19837
565.727542,236,2023.222509
761.948938,329,2024.652877
505.750066,206,2025.552257
716.063981,300,2026.811365
505.581572,212,2027.691
793.247748,431,2029.48834
544.086871,309,2032.451835
1086.03361,459,2034.372074
143.9212,116,2034.848726
-8.027906,1,2034.87135
51.964631,72,2035.187987
899.510309,391,2036.855684
1086.048164,478,2038.86354
66.599087,77,2039.197922
759.937847,324,2040.601464
759.375107,333,2042.003197
49.49261,55,2042.247218
716.131986,308,2045.155453
1085.972424,469,2047.231627
342.671925,225,2048.153085
505.623613,206,2049.036386
898.389065,397,2050.689699
69.624824,94,2051.117046
1086.821934,459,2053.064174
1085.489513,469,2056.546831
717.444596,301,2057.820394
259.865925,188,2058.569246
717.623137,299,2059.824558
760.591953,325,2061.198909
106.966495,102,2061.611614
142.825935,113,2062.086511
1084.272334,498,2064.196146
709.605607,310,2065.485814
-2.490108,16,2065.558741
761.119912,331,2068.529161
760.665012,329,2069.870739
760.307412,332,2071.269919
943.094197,404,2072.936471
942.228339,428,2074.733129
1086.044112,491,2076.8135
1085.393569,497,2080.286745
488.037841,309,2081.672568
47.457798,59,2081.913927
1086.859188,474,2083.889111
900.563692,398,2085.548501
760.354693,337,2087.007934
899.143494,390,2088.616977
1086.550853,465,2090.55769
899.369219,390,2093.620988
59.239471,71,2093.915134
566.162911,233,2094.976565
568.25784,237,2095.945088
615.915097,362,2097.502755
1086.423168,479,2099.486326
157.623488,123,2100.006398
761.481217,329,2101.385399
716.268589,298,2104.237144
565.880782,232,2105.209028
1086.089831,472,2107.249934
896.546689,409,2108.958415
100.05366,93,2109.359141
291.762993,192,2110.150229
715.756365,311,2111.453652
760.561884,330,2112.870075
67.132108,79,2113.220011
566.853084,233,2114.195984
505.650115,207,2117.326341
-0.332868,16,2117.436109
15.522065,41,2117.647019
25.274608,55,2117.878545
94.378704,90,2118.245228
-8.067661,1,2118.267384
423.089433,270,2119.405535
565.441868,245,2120.432749
762.620686,333,2121.787905
147.475992,116,2122.302292
566.500773,244,2123.334293
476.160534,302,2124.642886
40.571352,53,2124.869212
942.614831,410,2126.57325
506.95815,212,2127.469073
762.724939,331,2130.677963
715.687455,306,2131.970988
944.609097,400,2133.694637
759.86694,341,2135.15228
-16.049772,1,2135.174713
58.559824,78,2135.505245
348.781254,236,2136.466611
718.241155,293,2137.706971
325.632158,209,2138.602248
716.163246,296,2139.826648
220.078355,158,2142.219373
505.738505,201,2143.043303
759.699816,333,2144.447424
475.895917,304,2145.756792
469.312926,284,2146.942789
306.552375,211,2147.839693
1086.09605,470,2149.783566
408.943026,251,2150.867077
1085.609147,486,2154.631824
-6.118624,11,2154.688343
340.91924,208,2155.580288
716.652834,308,2156.883011
899.48736,382,2158.487818
567.650428,244,2159.462856
75.098005,89,2159.887012
901.221747,391,2161.534765
717.101677,303,2162.830502
566.584426,228,2163.803075
1086.095424,466,2167.627937
760.030713,335,2169.010607
762.001974,328,2170.472291
759.683271,327,2171.846917
715.217942,307,2173.134925
244.843924,172,2173.888629
406.955668,251,2174.941725
566.65645,241,2175.973547
1088.730337,460,2179.798603
1088.062223,473,2181.755489
566.357444,240,2182.718136
76.1006,74,2183.043141
709.060434,325,2184.39397
141.96044,115,2184.894786
1085.33207,468,2186.919039
501.76731,306,2188.226031
716.541321,305,2191.263052
60.462983,72,2191.56479
942.841367,421,2193.38621
716.481305,296,2194.574808
74.401534,87,2194.971664
69.948754,85,2195.317551
716.40485,310,2196.615606
1089.140779,476,2198.633437
-16.032042,1,2198.655997
941.548329,417,2200.432707
345.666653,234,2201.416588
566.039517,242,2203.713648
333.901979,219,2204.639183
58.417643,72,2204.957769
1085.806311,471,2207.032665
717.392344,303,2208.25814
716.170046,296,2209.511488
945.129023,410,2211.20783
416.371982,258,2212.288409
716.596707,298,2213.509603
144.931942,115,2215.861305
15.269025,41,2216.045767
27.790034,46,2216.245967
144.415271,117,2216.732636
944.321628,405,2218.452652
899.620509,397,2220.099151
716.883842,311,2221.416376
717.080305,301,2222.679716
343.368208,219,2223.596943
506.67934,206,2224.514855
566.889775,233,2225.505023
760.266741,327,2228.791625
900.384323,400,2230.5257
945.042222,397,2232.188068
568.428863,236,2233.171717
567.442019,231,2234.160005
943.171517,424,2235.928907
709.565393,315,2237.254601
761.046762,339,2240.351737
1086.559916,489,2242.421432
566.520746,235,2243.378905
900.043785,395,2245.013721
715.872527,304,2246.314781
1086.007216,483,2248.365414
944.296904,407,2250.100891
-16.014832,1,2250.122199
901.650348,384,2253.43782
715.673964,303,2254.706347
288.645281,189,2255.50182
505.957791,208,2256.363598
505.849892,202,2257.205381
39.039482,53,2257.44066
507.058572,201,2258.282344
566.483961,233,2259.24429
1086.615208,482,2261.337525
477.751188,299,2262.57213
277.207975,178,2265.117347
714.728816,312,2266.413617
708.059963,313,2267.730112
897.856564,381,2269.393673
761.437041,335,2270.786575
716.268388,294,2272.010771
3.464215,79,2272.338066
156.651356,124,2272.88619
95.513368,101,2273.310176
41.461371,60,2273.57672
505.848568,198,2274.408517
568.41576,236,2277.116449
70.628433,78,2277.444173
716.368225,307,2278.748941
34.430075,59,2278.992352
565.902598,229,2279.941787
1086.349137,473,2281.91027
716.398351,303,2283.18141
1087.798345,479,2285.230681
565.900618,237,2286.242188
58.372492,71,2286.5466
408.874725,252,2287.653132
899.860477,407,2291.304935
70.650018,77,2291.624417
220.376294,154,2292.253435
-16.038021,1,2292.277404
58.393322,74,2292.594703
760.428918,325,2293.973206
415.719614,267,2295.090566
715.930754,313,2296.380885
72.887541,90,2296.770112
355.289211,223,2297.795305
946.315409,408,2299.452718
716.482456,302,2302.320185
70.543276,84,2302.707509
605.051596,366,2304.219429
506.142587,204,2305.080126
567.510755,235,2306.054845
709.522365,321,2307.381429
567.383979,241,2308.363927
717.741623,296,2309.587244
567.765659,243,2310.58303
944.153093,413,2314.510155
716.887486,295,2315.73626
-16.029844,1,2315.757334
506.798254,205,2316.613015
505.668565,214,2317.546022
565.895897,239,2318.527989
902.039626,412,2320.244233
98.863498,91,2320.629304
38.696554,57,2320.86155
899.050598,383,2322.448202
506.034629,215,2323.361476
1087.981844,471,2327.469092
505.982541,212,2328.325029
945.944256,408,2330.039502
943.720251,405,2331.774807
1088.422739,451,2333.692349
717.828981,301,2334.968706
761.721096,319,2336.292582
761.354259,334,2339.515973
55.754467,63,2339.835351
505.901532,200,2340.682971
505.588847,206,2341.534782
760.196347,330,2342.952691
942.871218,423,2344.761835
505.487352,192,2345.554956
508.742978,297,2346.813569
-8.010549,1,2346.838578
899.907847,392,2348.500376
566.958007,228,2349.446928
1085.614463,481,2353.111199
261.150899,190,2353.917589
1087.400242,459,2355.879076
264.623259,192,2356.689306
477.654572,298,2357.913205
504.85663,208,2358.770524
153.542818,122,2359.313743
330.322158,213,2360.212602
1086.967962,479,2363.654523
70.193668,84,2364.073409
117.550769,101,2364.534269
47.395721,55,2364.774094
715.888449,310,2366.169855
761.793589,331,2367.63051
150.396177,112,2368.14296
899.56897,393,2369.876891
73.261192,101,2370.325243
566.596616,237,2371.315212
72.762208,88,2371.680998
144.233656,115,2372.224579
26.926561,50,2372.436242
759.05737,341,2373.88355
1086.805006,457,2377.247495
-8.040779,1,2377.269719
1085.730598,477,2379.368255
758.801759,340,2380.800915
716.36761,310,2382.078417
-8.043487,1,2382.100015
900.599733,391,2383.753567
456.456786,284,2384.949496
760.165351,323,2386.336539
58.024721,80,2388.365281
505.727167,205,2389.217288
567.824174,232,2390.178607
716.155126,297,2391.434659
717.290247,299,2392.703285
-8.027824,1,2392.724766
-16.001717,1,2392.745551
898.764669,391,2394.38527
1087.067208,472,2396.414207
944.11653,411,2398.073435
-16.031181,1,2398.094928
506.490005,203,2400.815336
506.919821,202,2401.635802
567.189158,240,2402.645239
143.069145,113,2403.157136
762.201465,317,2404.459955
946.207805,405,2406.237515
143.063235,112,2406.75237
900.528924,397,2408.411401
565.14078,234,2409.455509
3.059021,33,2409.619988
88.221116,89,2410.055005
759.503276,342,2412.986646
717.486646,300,2414.240057
761.397705,320,2415.569338
899.625792,395,2417.236107
505.589912,204,2418.088909
69.867955,92,2418.489631
347.098717,251,2419.548193
716.588941,298,2420.800559
566.59379,229,2421.776365
472.037355,293,2422.979957
900.794815,386,2426.084203
761.557086,320,2427.445742
1086.885274,475,2429.437391
106.046663,95,2429.833359
1087.66105,464,2431.802938
122.588987,104,2432.212435
458.386205,280,2433.427265
900.200274,402,2435.120719
900.921722,380,2438.486617
716.486841,314,2439.774749
566.925574,236,2440.788557
796.490213,422,2442.522156
59.018251,81,2442.95459
-16.008511,1,2442.97564
567.287284,237,2443.998601
58.477584,74,2444.312192
16.452671,114,2444.776659
1088.244717,460,2446.702031
266.077573,186,2447.541006
945.502842,412,2451.265627
902.254182,376,2452.828921
15.290502,40,2453.004041
47.886809,63,2453.270533
900.13077,390,2454.924192
-8.012101,1,2454.947763
415.808093,250,2456.032169
616.620231,355,2457.531468
615.37814,358,2459.062948
60.579014,72,2459.397381
759.719919,325,2462.50715
506.232862,200,2463.324067
712.835491,314,2464.648943
505.517683,213,2465.53496
565.987067,229,2466.543775
568.21502,235,2467.510258
945.127893,422,2469.295152
943.690718,416,2471.04979
114.893183,115,2471.524531
1087.424313,456,2475.136233
715.884051,301,2476.388647
120.723267,101,2476.839183
567.754952,232,2477.839015
1085.952859,465,2479.875581
505.589956,199,2480.731307
759.324238,340,2482.162833
714.826495,301,2483.462476
900.050902,407,2487.185132
-6.416581,17,2487.273549
115.823919,101,2487.703214
760.784919,325,2489.069792
944.05184,404,2490.799434
50.689085,61,2491.064808
760.150021,328,2492.451134
760.938853,321,2493.810535
99.246352,97,2494.22594
566.109914,234,2495.220667
898.670738,401,2496.873466
898.818725,404,2500.319885
26.168176,51,2500.548665
1087.864478,466,2502.589975
715.715042,310,2503.901119
241.484223,157,2504.590319
52.439565,69,2504.878968
760.857548,325,2506.270968
946.519979,401,2507.959051
-16.020893,1,2507.981111
1089.260207,476,2509.938096
255.574648,198,2513.025892
760.195768,333,2514.460181
-15.999514,1,2514.481552
900.277745,387,2516.143471
3.467443,24,2516.251949
716.84676,296,2517.510285
273.716098,179,2518.280303
943.05339,410,2520.033295
705.673129,310,2521.359607
1087.954239,468,2524.771571
633.615933,355,2526.337845
26.479909,50,2526.556873
944.888889,423,2528.335083
761.759163,331,2529.728511
108.274553,87,2530.130764
616.419457,344,2531.563248
1087.748211,463,2533.476064
900.075571,391,2536.925082
761.174822,330,2538.305386
122.008733,106,2538.804637
-8.0246,1,2538.826007
715.344956,316,2540.138514
899.840972,407,2541.941946
942.559257,431,2543.728086
112.184319,106,2544.184079
901.925976,397,2545.859224
718.025442,290,2547.131095
1087.529377,488,2550.557465
899.456411,394,2552.187743
58.376633,64,2552.492109
760.600063,321,2553.862244
761.598425,330,2555.262685
505.668964,217,2556.192121
36.537435,52,2556.421766
178.777453,131,2556.994473
1086.86048,482,2559.067818
-16.029903,1,2559.08908
900.614395,392,2562.670163
39.467695,52,2562.912961
759.111847,335,2564.302045
567.283163,230,2565.248252
899.884702,397,2566.889904
566.385482,235,2567.911382
506.048076,215,2568.815892
715.393698,313,2570.129857
566.817324,243,2571.168492
716.479901,309,2574.23811
70.479349,80,2574.597165
900.115059,393,2576.268326
716.331644,306,2577.550713
565.808673,232,2578.576774
566.851259,238,2579.551276
704.791062,316,2580.878747
330.520303,213,2581.745732
-16.00971,1,2581.766835
454.070125,286,2582.989585
15.66951,34,2583.140255
472.186801,293,2584.381268
567.149882,234,2586.921886
1087.442057,456,2588.838206
944.070005,406,2590.518081
1087.434439,475,2592.536694
56.863537,68,2592.826689
-16.009525,1,2592.848222
704.746192,313,2594.211119
900.86615,382,2595.773671
567.686152,233,2598.524539
760.221184,330,2599.901329
566.599819,224,2600.845511
943.75825,407,2602.563159
898.744496,384,2604.267408
506.103942,203,2605.097236
106.241341,108,2605.581874
761.028836,326,2606.946472
567.901755,242,2607.963604
59.872265,71,2608.264954
416.364708,250,2611.028333
900.220552,395,2612.679814
760.707995,327,2614.065933
898.829427,403,2615.737015
716.582511,302,2617.036792
505.606196,209,2617.886091
760.683966,333,2619.280111
716.307175,303,2620.534628
1087.343946,468,2624.421635
506.810117,201,2625.285612
762.058564,322,2626.618464
1087.749204,471,2628.653161
717.565612,291,2629.857392
715.757702,308,2631.134189
899.185073,392,2632.8057
1085.666871,486,2636.544087
717.263367,289,2637.743281
118.449956,100,2638.183393
716.533638,299,2639.46357
14.983417,43,2639.665834
1086.552862,481,2641.662367
249.416524,169,2642.360488
1086.496928,470,2644.462891
899.881341,385,2647.896913
59.697574,71,2648.185079
717.293311,308,2649.492623
74.824482,89,2649.865554
218.137088,152,2650.506915
505.923233,204,2651.382744
944.383013,415,2653.146094
717.436875,304,2654.398335
760.0389,318,2655.801945
492.712587,310,2657.118757
946.990377,405,2660.545565
1085.995862,479,2662.520226
1085.459102,469,2664.534055
505.745334,202,2665.378792
715.710114,302,2666.644538
945.996263,410,2668.383832
506.150162,207,2669.256354
100.364664,85,2669.658651
615.366373,346,2672.37595
60.861287,72,2672.709253
761.768878,316,2674.035855
567.104326,239,2675.030176
709.290897,313,2676.319988
715.550901,306,2677.618986
1087.08506,461,2679.542506
716.761655,299,2680.848572
945.302384,401,2684.145234
900.094042,392,2685.746916
567.208684,236,2686.739048
59.615543,73,2687.035062
35.219812,57,2687.301322
566.832896,236,2688.288794
506.262331,200,2689.142796
505.809655,208,2689.984875
899.699742,396,2691.672358
287.475338,194,2692.496612
715.83507,297,2693.757743
762.570002,318,2696.622947
313.397367,214,2697.546481
900.313862,395,2699.201609
332.322232,215,2700.09551
901.451356,390,2701.784972
341.904303,223,2702.703048
899.927937,389,2704.381493
585.913638,329,2705.811738
716.473564,295,2709.673907
342.10387,223,2710.683134
462.405541,290,2711.853384
898.858748,411,2713.592529
717.345149,311,2714.926897
349.17658,235,2715.925209
899.19271,393,2717.523468
505.110255,210,2718.44229
760.026936,328,2719.760995
97.645484,90,2721.911961
475.645464,302,2723.205159
1086.688318,468,2725.181512
1086.27045,473,2727.215439
1086.394341,454,2729.123175
95.207163,93,2729.4999
506.388545,204,2730.381361
59.881234,70,2730.667199
567.570246,231,2731.618425
566.933243,236,2733.827549
97.497709,94,2734.236615
1085.765667,493,2736.307426
759.491828,325,2737.638233
707.144571,309,2738.946337
898.452536,393,2740.599089
292.258896,194,2741.430527
265.663331,183,2742.176108
479.337622,300,2743.473698
507.080834,200,2745.745204
716.478626,304,2747.045056
1086.996281,468,2749.011189
902.087584,399,2750.700334
716.11788,299,2751.950639
59.390021,76,2752.309811
226.768425,164,2752.999142
1085.624807,483,2755.039856
565.730859,234,2756.972953
715.740657,298,2758.212935
15.694224,36,2758.411945
214.035047,151,2759.015168
64.812673,77,2759.349486
760.509247,331,2760.772226
1085.854089,486,2762.792851
1086.298606,464,2764.765073
506.444308,212,2765.678808
1086.68405,487,2769.53456
760.816487,331,2770.926456
1086.278058,454,2772.8699
716.275185,299,2774.116781
761.691163,318,2775.437052
51.449775,68,2775.735743
899.474544,400,2777.518238
99.030417,97,2777.907289
899.342382,399,2779.557244
95.098921,123,2781.630751
715.347131,307,2782.943312
505.253026,209,2783.799343
901.483721,389,2785.428787
1088.193537,454,2787.345393
566.860022,225,2788.290974
899.172674,387,2789.923196
568.917073,228,2790.925048
293.957307,195,2791.739604
49.245545,63,2793.650802
1087.571803,456,2795.692507
507.014645,206,2796.552897
156.95868,119,2797.055816
106.181633,99,2797.499722
716.268748,294,2798.721457
298.539765,205,2799.579483
109.526505,99,2799.99783
457.295871,276,2801.170883
468.207556,310,2802.466947
716.745369,304,2803.761788
47.863278,70,2804.098332
60.39573,75,2806.710171
899.514399,401,2808.42902
27.590403,50,2808.656791
480.890503,304,2809.945932
631.260782,367,2811.476532
69.562015,86,2811.862868
98.042218,95,2812.285113
1087.083135,467,2814.260582
1086.202175,483,2816.285312
41.880648,62,2816.580087
52.631824,69,2816.907939
565.496918,234,2819.405285
48.282012,64,2819.709137
900.236939,383,2821.300246
1087.160829,456,2823.200511
1085.411233,495,2825.331032
455.712108,300,2826.615608
506.001178,203,2827.46688
759.923594,335,2828.906497
60.223997,74,2829.238385
432.844146,257,2832.211923
115.172467,105,2832.63762
1085.220188,485,2834.677911
506.394505,200,2835.608366
568.151875,224,2836.519036
1087.606741,452,2838.410183
761.402351,328,2839.82996
900.163021,402,2841.505741
945.956373,417,2844.766975
759.918829,329,2846.165014
497.145752,305,2847.435902
716.855346,305,2848.764776
16.352044,49,2848.987168
67.572385,71,2849.322186
151.228938,116,2849.830103
945.24129,417,2851.577274
944.588604,407,2853.273638
408.934407,255,2856.144653
899.576012,402,2857.867048
716.298542,296,2859.100548
566.141059,236,2860.086815
760.9681,320,2861.407775
1085.381456,487,2863.524991
63.960559,72,2863.820962
409.185691,249,2864.866031
711.350423,324,2866.239837
328.915809,217,2869.162136
59.974103,82,2869.518352
46.725012,55,2869.747019
241.379057,159,2870.450899
14.826554,43,2870.667803
407.192419,253,2871.735132
52.299307,72,2872.030014
291.374156,179,2872.835083
55.730667,77,2873.154084
56.694908,70,2873.45365
213.555925,152,2874.128623
39.699307,54,2874.355087
70.270256,91,2874.767828
52.609122,73,2875.092462
180.483164,131,2875.665292
341.6371,214,2876.583878
341.538849,225,2877.554503
51.586312,68,2877.885434
257.239645,180,2878.607776
899.990711,382,2881.892468
51.138256,85,2882.256873
899.065845,391,2883.884231
566.217702,238,2884.909261
716.230212,301,2886.205507
566.657762,231,2887.17116
242.361817,163,2887.908781
716.100652,303,2889.159434
267.421063,198,2890.007127
1086.861439,466,2893.539113
900.756742,395,2895.207905
69.04915,87,2895.577592
568.77888,231,2896.544446
715.88045,299,2897.777833
791.337111,425,2899.635492
505.718681,207,2900.477625
899.995722,384,2902.085803
760.342437,326,2903.435348
562.571129,227,2906.053147
901.7854,378,2907.6265
761.284289,320,2908.987466
43.911716,61,2909.260017
342.577436,222,2910.197196
567.703423,237,2911.191013
566.824827,224,2912.194233
945.025691,419,2913.944477
899.928139,410,2915.704742
711.899523,304,2918.714752
59.96063,74,2919.036166
760.736381,324,2920.433343
287.226309,190,2921.227532
717.850042,297,2922.469753
901.600664,403,2924.22558
113.128084,103,2924.652453
566.091447,234,2925.658376
718.157514,298,2926.892914
1086.621885,485,2931.062447
1087.969952,460,2932.952179
901.125071,400,2934.665056
59.6945,75,2934.987592
1087.513198,460,2936.961375
-8.051027,1,2936.983456
95.512971,97,2937.39886
1085.725087,491,2939.494102
716.087378,294,2940.719864
900.605832,397,2943.7886
1087.664044,454,2945.72851
902.717942,384,2947.394259
901.378545,399,2949.07755
761.252214,329,2950.4801
55.746661,60,2950.728833
505.691265,200,2951.582916
566.33183,227,2952.565748
1088.555976,479,2956.234137
43.539844,61,2956.505701
761.892239,326,2957.914789
716.876362,313,2959.209969
567.7087,231,2960.170906
759.591324,317,2961.528995
900.520649,391,2963.157218
943.43246,415,2964.897239
944.855149,410,2968.49434
52.16741,69,2968.784243
899.904099,388,2970.405742
901.423205,388,2972.061514
900.117197,399,2973.726286
715.770896,304,2975.000886
56.049929,68,2975.294774
104.154946,94,2975.725263
506.297886,198,2976.568198
943.357505,419,2980.168986
97.175129,109,2980.644248
-16.039227,1,2980.669978
898.025465,396,2982.318937
267.705297,196,2983.097238
567.677293,233,2984.091226
901.560096,390,2985.722484
715.117862,308,2987.033984
567.759548,227,2988.04914
56.926069,67,2988.351792
566.372814,235,2989.345072
-16.074566,1,2989.369558
901.962401,377,2992.566093
897.67474,391,2994.199255
45.621289,65,2994.478826
760.904248,324,2995.841295
507.201893,211,2996.748749
567.029229,238,2997.738669
1087.559162,475,2999.750991
899.510864,380,3001.330351
259.281972,181,3002.139022
95.354862,101,3004.420826
61.216198,68,3004.709927
1087.899888,471,3006.773226
901.190031,386,3008.433057
898.867711,401,3010.136106
717.360611,303,3011.408681
567.107775,226,3012.36637
1087.687444,468,3014.336864
1086.348951,470,3018.061528
258.556166,190,3018.818961
900.372659,388,3020.47239
943.052137,406,3022.169376
716.829268,303,3023.44546
1086.343412,495,3025.537663
63.717587,71,3025.836742
27.567717,48,3026.040049
59.544663,73,3026.367647
759.195429,333,3029.474068
255.547485,184,3030.28932
424.460894,256,3031.45524
505.372173,199,3032.307359
79.392791,95,3032.738679
116.77837,105,3033.178908
505.981781,205,3034.062645
716.649235,311,3035.406552
901.239892,389,3037.022812
506.796554,212,3037.882125
943.06379,411,3041.362455
58.494313,72,3041.655861
341.302338,223,3042.643248
1087.784551,471,3044.637185
946.094456,408,3046.439346
900.67073,391,3048.082032
463.579105,294,3049.361727
901.610475,413,3051.09114
104.666396,111,3051.566082
507.16646,212,3054.014578
1086.809382,469,3056.031366
62.417243,81,3056.3819
117.143545,104,3056.807189
162.062772,118,3057.343286
148.903793,125,3057.869284
611.183676,343,3059.34004
146.894018,124,3059.87835
898.953908,404,3061.556149
158.07367,120,3062.080609
900.501228,389,3063.701995
899.453357,405,3067.20868
0.544028,16,3067.29761
716.210491,295,3068.534849
761.075152,325,3069.922397
14.393406,34,3070.079964
761.307873,324,3071.443213
901.646614,393,3073.077291
95.971844,97,3073.524881
85.13949,99,3073.968946
898.807049,416,3075.723952
717.383312,294,3079.250307
1087.037357,471,3081.244437
566.821387,230,3082.187552
55.124158,74,3082.55545
943.768212,405,3084.23693
57.92888,73,3084.559372
567.472077,227,3085.545861
466.991752,290,3086.766199
715.666625,307,3088.094705
805.545929,435,3091.968239
1087.869512,473,3093.956766
761.420474,318,3095.33973
717.918002,292,3096.577352
758.670507,345,3098.046808
760.857363,331,3099.452119
-16.04413,1,3099.473239
261.710143,191,3100.301839
55.743253,73,3100.605666
715.485998,298,3101.856461
273.886839,188,3104.004989
567.154783,246,3105.041976
505.91112,207,3105.959555
718.079597,300,3107.202871
760.494772,327,3108.5816
942.833012,423,3110.328071
506.476083,202,3111.203949
508.04349,199,3112.008476
506.217731,209,3112.881596
759.943452,334,3116.111767
566.534481,236,3117.0359
716.256851,315,3118.364697
567.2107,235,3119.336946
899.467511,402,3121.022861
99.210419,94,3121.445266
566.763921,239,3122.462698
-16.085036,1,3122.484091
125.029838,102,3122.911034
900.373641,398,3124.600518
943.735375,422,3128.334831
759.576505,323,3129.722592
59.502231,74,3130.027665
483.515453,299,3131.299957
1087.879314,457,3133.228573
945.043877,422,3135.034162
943.400866,422,3136.834537
474.160205,279,3138.046372
471.961177,298,3140.898373
60.154284,66,3141.26151
52.133297,77,3141.603571
115.96143,107,3142.063461
901.672275,390,3143.678551
1086.275839,473,3145.651902
1086.955402,476,3147.691384
566.780738,236,3148.737491
236.716373,167,3149.431872
52.428769,79,3149.790216
716.38429,300,3151.065778
1086.490744,490,3154.591052
567.404387,240,3155.605318
53.215184,68,3155.893497
759.563676,337,3157.313359
759.913621,324,3158.66685
567.265294,237,3159.661974
901.42295,389,3161.272351
84.573431,53,3161.554751
584.997866,348,3163.040541
408.838667,257,3165.737484
711.812588,320,3167.096263
408.705831,249,3168.176171
507.476168,205,3169.071074
573.168485,325,3170.420235
432.101872,259,3171.693148
145.733116,129,3172.245397
565.788215,234,3173.282598
357.675832,224,3174.213022
35.197592,74,3174.540195
759.275237,335,3177.437189
27.376755,53,3177.662264
505.806773,203,3178.516523
344.991594,229,3179.49098
53.825258,70,3179.775645
716.765734,300,3181.085769
291.522005,187,3181.883359
943.170017,413,3183.619351
1087.396802,471,3185.620113
423.517884,266,3186.778937
1086.993333,480,3190.725025
900.18937,379,3192.302544
512.412941,309,3193.635835
120.227476,101,3194.081371
901.302122,404,3195.772376
1087.069142,478,3197.780202
506.530285,200,3198.625832
567.590263,225,3199.57594
715.38462,312,3202.184948
605.698393,352,3203.725809
-8.05643,1,3203.746629
14.606081,52,3203.968648
98.199234,103,3204.412533
266.797171,185,3205.177246
716.441404,305,3206.465463
901.676848,398,3208.161926
506.217335,209,3209.020203
339.222712,210,3210.013054
1088.103033,462,3211.917667
944.417745,417,3215.202531
944.862599,400,3216.92966
409.262476,263,3218.054664
506.50928,213,3219.043535
760.091123,330,3220.441244
-8.005021,1,3220.465397
117.488581,96,3220.891368
260.120408,191,3221.717387
943.554145,416,3223.450125
759.045159,329,3226.39386
760.474462,317,3227.73589
716.296339,289,3228.988103
-8.016235,1,3229.010519
55.324115,73,3229.317033
1085.534959,495,3231.401161
759.795599,326,3232.795123
58.410422,81,3233.155969
507.195405,201,3234.038817
303.880921,201,3234.906464
1087.2155,464,3238.188861
503.894773,213,3239.102776
447.181398,274,3240.261858
715.788987,305,3241.554366
506.29526,199,3242.412053
60.325415,105,3242.866963
900.545851,403,3244.579339
566.760726,235,3245.661183
-2.592151,94,3246.085134
759.612618,334,3247.544925
566.934154,234,3248.511955
507.225963,200,3250.802401
789.586625,445,3252.679807
484.101463,295,3253.966715
715.653106,296,3255.215097
211.727595,146,3255.82988
505.524812,203,3256.701276
1087.137775,476,3258.715167
220.0381,157,3259.395454
717.058222,310,3260.751503
1086.918085,477,3264.788086
717.608641,297,3266.027777
566.937021,231,3267.040281
638.264024,351,3268.562786
900.200778,391,3270.218668
156.498563,118,3270.77763
258.83325,209,3271.658653
54.918815,92,3272.041714
124.857359,110,3272.530741
358.170346,213,3273.453073
39.314519,50,3274.568124
760.641423,328,3275.948908
1088.265573,469,3277.944747
715.823052,302,3279.209144
942.383921,415,3280.984326
144.677651,127,3281.525847
566.398927,243,3282.578694
719.045675,304,3283.858868
304.260188,189,3284.660365
1085.060017,481,3288.609672
326.487194,196,3289.518213
506.178152,197,3290.351982
567.161698,240,3291.389169
1088.918494,452,3293.272448
566.289562,240,3294.278143
716.054462,300,3295.541059
565.476595,238,3296.585959
568.937842,235,3297.537818
900.78447,397,3300.670549
902.803001,371,3302.28185
713.944272,313,3303.587033
144.779655,116,3304.127569
715.656035,298,3305.365475
482.795675,308,3306.745634
505.460599,211,3307.680196
506.01767,206,3308.556532
58.873361,70,3308.855433
427.386872,270,3311.49824
899.538552,396,3313.163651
156.192251,121,3313.668673
1086.94205,476,3315.688447
566.736279,234,3316.683923
900.612682,381,3318.332363
760.484844,334,3319.675772
565.964151,228,3320.634734
506.070953,208,3321.541197
409.066274,256,3324.345326
1085.395658,488,3326.51173
342.155711,221,3327.453834
65.31574,78,3327.794734
41.589246,69,3328.080774
1086.031918,489,3330.156015
566.779666,229,3331.123737
565.386494,238,3332.181138
718.108271,302,3333.460046
61.264254,76,3333.783935
717.619414,298,3336.337399
292.53375,183,3337.112679
1088.009139,471,3339.167166
871.413468,458,3341.124149
341.826387,230,3342.111257
145.461295,109,3342.598409
1084.734429,486,3344.673686
1086.049888,476,3348.668985
794.26711,424,3350.560573
718.830751,296,3351.839188
359.626934,258,3352.921594
565.934675,235,3353.925905
945.127652,396,3355.62973
717.615553,303,3356.917228
709.686487,301,3358.163532
57.474356,80,3358.538747
901.949705,380,3361.910384
278.844392,189,3362.689363
56.15993,62,3362.973785
716.339354,316,3364.354534
943.471931,407,3366.178751
759.173396,327,3367.578839
760.838897,321,3368.948152
291.987992,185,3369.722333
416.688863,254,3370.821016
899.897936,401,3374.040144
505.012875,202,3374.926785
760.038634,321,3376.280996
99.213923,102,3376.73868
1086.467203,463,3378.687066
213.451585,151,3379.366467
944.933914,399,3381.059845
565.046098,243,3382.065633
220.205926,153,3382.747784
96.976762,98,3383.142157
120.718555,101,3383.592202
759.675338,342,3386.565636
104.39287,87,3386.956283
482.320054,291,3388.190995
505.921968,215,3389.114965
-8.058666,1,3389.136338
565.415435,230,3390.112296
613.379261,359,3391.708118
568.750525,238,3392.720713
718.635903,295,3394.011661
505.292816,209,3394.908127
760.966913,332,3398.318416
247.223685,170,3399.05148
899.519491,391,3400.695061
566.181937,228,3401.720636
943.983962,394,3403.398706
566.03976,232,3404.371717
1086.04195,493,3406.487874
565.805761,235,3407.467952
95.137026,100,3407.875578
331.949487,212,3408.793997
566.91436,230,3411.44679
1088.536109,446,3413.319851
141.074595,110,3413.800116
273.221858,171,3414.525001
505.531173,214,3415.406973
504.663636,216,3416.348692
716.287863,295,3417.596565
718.075044,299,3418.890245
760.719304,335,3420.303516
1087.209675,475,3424.340472
899.563531,388,3426.011933
899.570956,387,3427.705419
566.256249,233,3428.700348
503.67871,209,3429.612558
899.660832,379,3431.203552
859.572999,479,3433.246264
69.182351,93,3433.63613
760.185062,329,3436.847765
945.286509,402,3438.585467
1087.70435,467,3440.648603
107.42995,103,3441.091462
898.597775,408,3442.798798
900.205048,381,3444.391789
41.697696,68,3444.721588
566.435744,234,3445.733833
55.601754,86,3446.101758
944.171726,403,3449.514567
944.077163,405,3451.202531
711.292237,312,3452.575666
900.115021,388,3454.246337
506.262066,206,3455.120578
760.959112,321,3456.48875
716.621533,302,3457.782122
1086.71225,460,3461.387485
349.281126,234,3462.365818
407.074489,261,3463.483142
3.664821,26,3463.622484
1087.350562,461,3465.612258
716.353347,304,3466.874309
901.029925,400,3468.602728
716.510148,306,3469.921758
566.196428,239,3470.932205
388.129299,255,3473.551772
99.690259,99,3473.961998
566.188973,233,3474.965557
566.878384,227,3475.961909
716.166425,296,3477.225989
943.665874,414,3478.992603
153.323558,120,3479.498485
716.730195,298,3480.786699
58.005925,81,3481.118432
144.729884,124,3481.681623
716.316927,307,3483.016648
1086.491036,465,3486.667284
760.87133,321,3488.092146
943.697482,417,3489.869491
492.327346,310,3491.176067
46.998973,67,3491.464693
98.7923,103,3491.904687
900.423909,391,3493.579625
57.364291,75,3493.936043
717.052132,310,3495.210267
92.242886,85,3495.576392
157.494296,117,3497.781659
944.113117,425,3499.607722
706.241416,301,3500.903337
584.51093,330,3502.320302
504.945145,213,3503.203714
716.670876,313,3504.529028
899.390417,397,3506.211493
900.169245,380,3507.7895
566.479438,235,3510.479252
505.442655,208,3511.328054
55.179053,82,3511.673567
1087.861484,475,3513.707856
718.23205,301,3514.981013
57.06608,85,3515.329051
759.872381,323,3516.723937
41.534969,74,3517.029381
57.040461,86,3517.389263
760.965175,322,3518.795859
1087.68896,464,3522.2904
482.024738,292,3523.529062
566.71602,231,3524.519674
54.794039,87,3524.890096
59.505334,95,3525.310319
50.244833,59,3525.577096
482.65329,304,3526.891268
505.130727,211,3527.775337
1089.542547,452,3529.669254
710.339184,309,3530.94363
717.354719,305,3532.297197
111.627244,109,3534.236556
1086.783726,469,3536.228572
1088.381725,466,3538.212017
760.692901,327,3539.623121
332.351357,225,3540.586903
759.272483,328,3541.985913
299.27666,201,3542.880515
565.86859,243,3543.897782
41.227203,72,3544.243233
444.063522,275,3547.518994
716.101046,299,3548.793561
759.130178,340,3550.396153
762.048706,311,3551.738932
506.660761,206,3552.586509
504.821584,200,3553.46189
565.2446,238,3554.433368
151.297857,116,3555.047712
50.901579,94,3555.465711
416.280445,253,3556.62108
897.02122,406,3560.023433
58.342575,75,3560.336692
473.832349,310,3561.676063
899.579748,394,3563.347954
41.585255,75,3563.657301
946.559456,389,3565.421255
1087.900889,464,3567.410993
716.855443,305,3568.709327
1085.602709,476,3572.602974
83.605591,79,3572.964385
57.389076,74,3573.270987
898.971495,395,3574.964839
717.565068,296,3576.230074
113.168269,107,3576.668364
566.663896,245,3577.728884
344.2546,226,3578.690245
58.617575,73,3579.020506
900.486336,397,3580.755986
40.390928,71,3581.072694
1087.434988,477,3584.710347
797.321455,423,3586.553174
-8.047956,1,3586.575425
41.602249,68,3586.890314
41.80001,63,3587.174668
1087.565682,487,3589.262591
944.292416,421,3591.029315
717.883995,286,3592.310572
258.2807,194,3593.202361
717.386036,293,3594.413446
156.615312,121,3594.951527
943.635758,413,3598.442928
805.704816,440,3600.321123
564.227176,234,3601.31901
944.487682,426,3603.09963
567.56336,235,3604.100248
41.333126,72,3604.424685
566.789573,229,3605.379785
710.033367,314,3606.769939
268.190936,197,3607.596014
245.445906,165,3610.279138
717.092392,304,3611.626766
267.337222,189,3612.436259
565.929581,247,3613.480798
565.34098,243,3614.510111
1089.098464,476,3616.51848
384.860325,223,3617.496883
944.343921,406,3619.244262
944.005881,400,3623.137599
716.129641,314,3624.487115
219.79168,157,3625.132602
506.53991,220,3626.081075
715.74534,293,3627.330144
504.89381,209,3628.213722
317.448007,214,3629.165147
567.400489,239,3630.184515
715.342121,312,3631.501917
898.856903,398,3633.15233
715.956469,288,3635.886847
-16.058348,1,3635.910077
555.683042,311,3637.237054
343.818906,219,3638.195283
1088.558033,471,3640.178799
566.521848,223,3641.127578
760.936017,315,3642.478853
1088.618727,467,3644.499684
271.593118,190,3645.379346
505.066659,205,3647.957687
759.937336,330,3649.383814
507.271477,199,3650.247138
717.03649,310,3651.55072
1089.974416,461,3653.505121
899.323674,402,3655.226322
899.537979,405,3656.989208
718.515012,290,3659.854605
900.300396,389,3661.502665
566.225639,236,3662.501863
455.109197,280,3663.673175
947.060047,404,3665.381091
41.548714,67,3665.70846
503.763605,210,3666.620282
472.241701,289,3667.904672
1088.349336,452,3669.867904
